feature_0,feature_0_type,feature_0_mean,feature_0_std,feature_1,feature_1_type,feature_1_mean,feature_1_std,feature_2,feature_2_type,feature_2_mean,feature_2_std,feature_3,feature_3_type,feature_3_mean,feature_3_std,feature_4,feature_4_type,feature_4_mean,feature_4_std,feature_5,feature_5_type,feature_5_mean,feature_5_std,feature_6,feature_6_type,feature_6_mean,feature_6_std,feature_7,feature_7_type,feature_7_mean,feature_7_std
92.94611061907642,uniform,49.85684610199333,28.846495259758306,51.411990200587,exponential,18.764329723224648,19.252828875902093,2.0062097116413504,bimodal,45.333680369748656,22.4399468737806,55.69112494360921,lognormal,52.119696540455244,51.842871700830266,44.18073185444872,beta,42.896050770238965,12.104143196653373,56.95080123164651,gamma,33.7525048295299,14.379864376882834,8.882507527629027,chiSquared,18.920258011283682,13.82949931690853,22.523224842585122,weibull,29.253358878606594,19.94756435424934
33.65577398628522,uniform,49.85684610199333,28.846495259758306,18.962006319583736,exponential,18.764329723224648,19.252828875902093,49.46323979587053,bimodal,45.333680369748656,22.4399468737806,117.23285098272376,lognormal,52.119696540455244,51.842871700830266,28.508841986269978,beta,42.896050770238965,12.104143196653373,42.68320931080151,gamma,33.7525048295299,14.379864376882834,6.415001266716221,chiSquared,18.920258011283682,13.82949931690853,18.541331654595066,weibull,29.253358878606594,19.94756435424934
73.08589609727235,uniform,49.85684610199333,28.846495259758306,6.359839149897964,exponential,18.764329723224648,19.252828875902093,36.32463423147642,bimodal,45.333680369748656,22.4399468737806,17.20110987225692,lognormal,52.119696540455244,51.842871700830266,50.5146647294935,beta,42.896050770238965,12.104143196653373,58.23944689148618,gamma,33.7525048295299,14.379864376882834,23.60240088704515,chiSquared,18.920258011283682,13.82949931690853,26.355753586775172,weibull,29.253358878606594,19.94756435424934
82.03358596608832,uniform,49.85684610199333,28.846495259758306,70.05960936730051,exponential,18.764329723224648,19.252828875902093,71.4391946712252,bimodal,45.333680369748656,22.4399468737806,92.482495068734,lognormal,52.119696540455244,51.842871700830266,40.13251293139171,beta,42.896050770238965,12.104143196653373,16.56104670507243,gamma,33.7525048295299,14.379864376882834,11.474758615565964,chiSquared,18.920258011283682,13.82949931690853,93.44577650186137,weibull,29.253358878606594,19.94756435424934
61.42989255760496,uniform,49.85684610199333,28.846495259758306,2.459924816408833,exponential,18.764329723224648,19.252828875902093,33.62400336720799,bimodal,45.333680369748656,22.4399468737806,15.667228376781695,lognormal,52.119696540455244,51.842871700830266,29.836760226151625,beta,42.896050770238965,12.104143196653373,27.53959716031515,gamma,33.7525048295299,14.379864376882834,9.241582184768074,chiSquared,18.920258011283682,13.82949931690853,56.464184459901325,weibull,29.253358878606594,19.94756435424934
46.67672726682708,uniform,49.85684610199333,28.846495259758306,1.5015085794485916,exponential,18.764329723224648,19.252828875902093,35.49329127508811,bimodal,45.333680369748656,22.4399468737806,76.56603120769265,lognormal,52.119696540455244,51.842871700830266,43.244137756533966,beta,42.896050770238965,12.104143196653373,62.62684244384805,gamma,33.7525048295299,14.379864376882834,35.35612435158608,chiSquared,18.920258011283682,13.82949931690853,19.015398355726195,weibull,29.253358878606594,19.94756435424934
0.4965585189221744,uniform,49.85684610199333,28.846495259758306,53.73821856238315,exponential,18.764329723224648,19.252828875902093,59.737611028040874,bimodal,45.333680369748656,22.4399468737806,20.117531145244094,lognormal,52.119696540455244,51.842871700830266,51.63409767918573,beta,42.896050770238965,12.104143196653373,34.78567587918333,gamma,33.7525048295299,14.379864376882834,7.157210358851263,chiSquared,18.920258011283682,13.82949931690853,5.955542000330449,weibull,29.253358878606594,19.94756435424934
95.78592241964122,uniform,49.85684610199333,28.846495259758306,8.22873331708222,exponential,18.764329723224648,19.252828875902093,70.40854911624587,bimodal,45.333680369748656,22.4399468737806,10.477991998805699,lognormal,52.119696540455244,51.842871700830266,47.16614952002375,beta,42.896050770238965,12.104143196653373,36.34206823270601,gamma,33.7525048295299,14.379864376882834,10.094378049952555,chiSquared,18.920258011283682,13.82949931690853,55.29566490458288,weibull,29.253358878606594,19.94756435424934
8.65846732665726,uniform,49.85684610199333,28.846495259758306,1.685217326055413,exponential,18.764329723224648,19.252828875902093,27.402900180447197,bimodal,45.333680369748656,22.4399468737806,24.131241354802125,lognormal,52.119696540455244,51.842871700830266,58.80274629031952,beta,42.896050770238965,12.104143196653373,32.952322747699526,gamma,33.7525048295299,14.379864376882834,34.70482697965838,chiSquared,18.920258011283682,13.82949931690853,30.82580313010506,weibull,29.253358878606594,19.94756435424934
0.7198579908549552,uniform,49.85684610199333,28.846495259758306,7.116678921168425,exponential,18.764329723224648,19.252828875902093,38.5147187514488,bimodal,45.333680369748656,22.4399468737806,66.54183493494914,lognormal,52.119696540455244,51.842871700830266,55.51297552127459,beta,42.896050770238965,12.104143196653373,19.25777627861986,gamma,33.7525048295299,14.379864376882834,16.089275807552813,chiSquared,18.920258011283682,13.82949931690853,11.691114008630608,weibull,29.253358878606594,19.94756435424934
50.79072209234041,uniform,49.85684610199333,28.846495259758306,23.05024629960419,exponential,18.764329723224648,19.252828875902093,32.542007524182885,bimodal,45.333680369748656,22.4399468737806,33.153736841014684,lognormal,52.119696540455244,51.842871700830266,58.82901589505233,beta,42.896050770238965,12.104143196653373,31.941310158236643,gamma,33.7525048295299,14.379864376882834,14.505000358122722,chiSquared,18.920258011283682,13.82949931690853,9.123534146191052,weibull,29.253358878606594,19.94756435424934
27.72523055710777,uniform,49.85684610199333,28.846495259758306,107.33795778327857,exponential,18.764329723224648,19.252828875902093,79.13393461731411,bimodal,45.333680369748656,22.4399468737806,93.37118270545331,lognormal,52.119696540455244,51.842871700830266,42.91745148249951,beta,42.896050770238965,12.104143196653373,27.902072630837324,gamma,33.7525048295299,14.379864376882834,22.274282624093892,chiSquared,18.920258011283682,13.82949931690853,24.660207891980008,weibull,29.253358878606594,19.94756435424934
95.30097779141106,uniform,49.85684610199333,28.846495259758306,18.874030554290428,exponential,18.764329723224648,19.252828875902093,81.36711883610555,bimodal,45.333680369748656,22.4399468737806,7.97535856908044,lognormal,52.119696540455244,51.842871700830266,53.89856382633459,beta,42.896050770238965,12.104143196653373,44.40881551014926,gamma,33.7525048295299,14.379864376882834,32.18993893462252,chiSquared,18.920258011283682,13.82949931690853,54.757490421100826,weibull,29.253358878606594,19.94756435424934
61.63939894349255,uniform,49.85684610199333,28.846495259758306,6.401589018237295,exponential,18.764329723224648,19.252828875902093,71.05852399917131,bimodal,45.333680369748656,22.4399468737806,108.18023793751357,lognormal,52.119696540455244,51.842871700830266,54.39092442931518,beta,42.896050770238965,12.104143196653373,29.603428112186943,gamma,33.7525048295299,14.379864376882834,10.271712315912186,chiSquared,18.920258011283682,13.82949931690853,10.795499485204303,weibull,29.253358878606594,19.94756435424934
11.098305483391158,uniform,49.85684610199333,28.846495259758306,39.82274792120983,exponential,18.764329723224648,19.252828875902093,72.77134687364106,bimodal,45.333680369748656,22.4399468737806,114.96493474340055,lognormal,52.119696540455244,51.842871700830266,42.39884117868844,beta,42.896050770238965,12.104143196653373,34.93337865180824,gamma,33.7525048295299,14.379864376882834,41.114286003803606,chiSquared,18.920258011283682,13.82949931690853,51.108095294056135,weibull,29.253358878606594,19.94756435424934
29.702365210442494,uniform,49.85684610199333,28.846495259758306,20.208862406908302,exponential,18.764329723224648,19.252828875902093,56.85584202907924,bimodal,45.333680369748656,22.4399468737806,60.08259798505949,lognormal,52.119696540455244,51.842871700830266,26.186798951960256,beta,42.896050770238965,12.104143196653373,23.529583441914426,gamma,33.7525048295299,14.379864376882834,19.03549965642332,chiSquared,18.920258011283682,13.82949931690853,42.58275832550863,weibull,29.253358878606594,19.94756435424934
99.1202857097008,uniform,49.85684610199333,28.846495259758306,8.817619210413504,exponential,18.764329723224648,19.252828875902093,46.59645289058811,bimodal,45.333680369748656,22.4399468737806,36.39793888742715,lognormal,52.119696540455244,51.842871700830266,28.135825973777568,beta,42.896050770238965,12.104143196653373,22.8992471001009,gamma,33.7525048295299,14.379864376882834,54.73207214398301,chiSquared,18.920258011283682,13.82949931690853,4.1554642532672,weibull,29.253358878606594,19.94756435424934
37.26073629358629,uniform,49.85684610199333,28.846495259758306,4.296394254831374,exponential,18.764329723224648,19.252828875902093,23.194002952170603,bimodal,45.333680369748656,22.4399468737806,68.05185049997638,lognormal,52.119696540455244,51.842871700830266,45.46126194445518,beta,42.896050770238965,12.104143196653373,39.81607740132448,gamma,33.7525048295299,14.379864376882834,33.153391805836435,chiSquared,18.920258011283682,13.82949931690853,94.4082305751042,weibull,29.253358878606594,19.94756435424934
2.809202902647734,uniform,49.85684610199333,28.846495259758306,74.2735643140488,exponential,18.764329723224648,19.252828875902093,23.900420528357486,bimodal,45.333680369748656,22.4399468737806,212.88286407534696,lognormal,52.119696540455244,51.842871700830266,16.265026815896114,beta,42.896050770238965,12.104143196653373,46.294977572027506,gamma,33.7525048295299,14.379864376882834,26.194713346440082,chiSquared,18.920258011283682,13.82949931690853,18.247159521400896,weibull,29.253358878606594,19.94756435424934
97.88253009689258,uniform,49.85684610199333,28.846495259758306,74.89997075673173,exponential,18.764329723224648,19.252828875902093,29.036301014725,bimodal,45.333680369748656,22.4399468737806,15.67856736360067,lognormal,52.119696540455244,51.842871700830266,11.793509163263913,beta,42.896050770238965,12.104143196653373,23.47878261186151,gamma,33.7525048295299,14.379864376882834,6.0115415432682475,chiSquared,18.920258011283682,13.82949931690853,2.35401051460083,weibull,29.253358878606594,19.94756435424934
33.185922724515834,uniform,49.85684610199333,28.846495259758306,4.877767270294153,exponential,18.764329723224648,19.252828875902093,71.32605215885798,bimodal,45.333680369748656,22.4399468737806,9.845429565617563,lognormal,52.119696540455244,51.842871700830266,55.11333799019427,beta,42.896050770238965,12.104143196653373,49.48102288520394,gamma,33.7525048295299,14.379864376882834,5.52371872016718,chiSquared,18.920258011283682,13.82949931690853,33.343954657892425,weibull,29.253358878606594,19.94756435424934
57.290137836484675,uniform,49.85684610199333,28.846495259758306,17.21474887297882,exponential,18.764329723224648,19.252828875902093,51.262775798498936,bimodal,45.333680369748656,22.4399468737806,80.75454700131573,lognormal,52.119696540455244,51.842871700830266,43.352161399709956,beta,42.896050770238965,12.104143196653373,16.04021510352933,gamma,33.7525048295299,14.379864376882834,13.739652807282585,chiSquared,18.920258011283682,13.82949931690853,5.502722699072256,weibull,29.253358878606594,19.94756435424934
50.50878738302408,uniform,49.85684610199333,28.846495259758306,26.88029681235495,exponential,18.764329723224648,19.252828875902093,20.88436630283258,bimodal,45.333680369748656,22.4399468737806,24.720825847362764,lognormal,52.119696540455244,51.842871700830266,38.43836062303029,beta,42.896050770238965,12.104143196653373,63.8413408715138,gamma,33.7525048295299,14.379864376882834,34.550126423345084,chiSquared,18.920258011283682,13.82949931690853,43.19893999487871,weibull,29.253358878606594,19.94756435424934
37.09685273881212,uniform,49.85684610199333,28.846495259758306,10.870293678293542,exponential,18.764329723224648,19.252828875902093,29.105678921417283,bimodal,45.333680369748656,22.4399468737806,53.55757979075173,lognormal,52.119696540455244,51.842871700830266,53.15388497483223,beta,42.896050770238965,12.104143196653373,21.80315268005575,gamma,33.7525048295299,14.379864376882834,1.7548002361068373,chiSquared,18.920258011283682,13.82949931690853,10.633146187849665,weibull,29.253358878606594,19.94756435424934
30.69094543176496,uniform,49.85684610199333,28.846495259758306,8.757483710437278,exponential,18.764329723224648,19.252828875902093,67.61071166841543,bimodal,45.333680369748656,22.4399468737806,16.668824048121344,lognormal,52.119696540455244,51.842871700830266,49.78936367174913,beta,42.896050770238965,12.104143196653373,45.008703396439245,gamma,33.7525048295299,14.379864376882834,3.9126486795467317,chiSquared,18.920258011283682,13.82949931690853,22.688796743562293,weibull,29.253358878606594,19.94756435424934
39.21963630746256,uniform,49.85684610199333,28.846495259758306,4.951256613260821,exponential,18.764329723224648,19.252828875902093,33.7607980292601,bimodal,45.333680369748656,22.4399468737806,70.51076101056921,lognormal,52.119696540455244,51.842871700830266,26.535873860995046,beta,42.896050770238965,12.104143196653373,45.83801604943357,gamma,33.7525048295299,14.379864376882834,37.30084488183154,chiSquared,18.920258011283682,13.82949931690853,9.734153879931625,weibull,29.253358878606594,19.94756435424934
41.59764053976526,uniform,49.85684610199333,28.846495259758306,40.64678591249397,exponential,18.764329723224648,19.252828875902093,39.1069365936858,bimodal,45.333680369748656,22.4399468737806,32.26774260118115,lognormal,52.119696540455244,51.842871700830266,20.227071638541574,beta,42.896050770238965,12.104143196653373,53.792757500554735,gamma,33.7525048295299,14.379864376882834,3.8323740069098013,chiSquared,18.920258011283682,13.82949931690853,42.14487399139597,weibull,29.253358878606594,19.94756435424934
74.52340632605885,uniform,49.85684610199333,28.846495259758306,2.9041120709928094,exponential,18.764329723224648,19.252828875902093,32.217013503754615,bimodal,45.333680369748656,22.4399468737806,9.936483729348065,lognormal,52.119696540455244,51.842871700830266,52.09898831495001,beta,42.896050770238965,12.104143196653373,25.925805691366243,gamma,33.7525048295299,14.379864376882834,2.4739335759353596,chiSquared,18.920258011283682,13.82949931690853,31.611685350137844,weibull,29.253358878606594,19.94756435424934
12.245944957417054,uniform,49.85684610199333,28.846495259758306,8.765457633912819,exponential,18.764329723224648,19.252828875902093,26.053036995204064,bimodal,45.333680369748656,22.4399468737806,34.73282186166128,lognormal,52.119696540455244,51.842871700830266,43.18738784818641,beta,42.896050770238965,12.104143196653373,34.111934731051,gamma,33.7525048295299,14.379864376882834,11.275051195112852,chiSquared,18.920258011283682,13.82949931690853,24.23404219328633,weibull,29.253358878606594,19.94756435424934
54.59288540482472,uniform,49.85684610199333,28.846495259758306,16.011710237656533,exponential,18.764329723224648,19.252828875902093,18.926636316640405,bimodal,45.333680369748656,22.4399468737806,34.648891147653636,lognormal,52.119696540455244,51.842871700830266,50.13009301386675,beta,42.896050770238965,12.104143196653373,68.69966759127539,gamma,33.7525048295299,14.379864376882834,13.156672916815836,chiSquared,18.920258011283682,13.82949931690853,8.146957166884095,weibull,29.253358878606594,19.94756435424934
2.633916318853491,uniform,49.85684610199333,28.846495259758306,26.44248508783956,exponential,18.764329723224648,19.252828875902093,24.912989458051033,bimodal,45.333680369748656,22.4399468737806,36.15847060444025,lognormal,52.119696540455244,51.842871700830266,16.674782318670623,beta,42.896050770238965,12.104143196653373,75.42369249355629,gamma,33.7525048295299,14.379864376882834,11.217567099174111,chiSquared,18.920258011283682,13.82949931690853,17.776364774002257,weibull,29.253358878606594,19.94756435424934
47.66237561564801,uniform,49.85684610199333,28.846495259758306,14.710990894681736,exponential,18.764329723224648,19.252828875902093,21.229783673284288,bimodal,45.333680369748656,22.4399468737806,40.91127236552322,lognormal,52.119696540455244,51.842871700830266,32.45573558715871,beta,42.896050770238965,12.104143196653373,34.19586667769743,gamma,33.7525048295299,14.379864376882834,22.565415773460128,chiSquared,18.920258011283682,13.82949931690853,22.582338064142714,weibull,29.253358878606594,19.94756435424934
17.835795542926714,uniform,49.85684610199333,28.846495259758306,2.824947187703171,exponential,18.764329723224648,19.252828875902093,12.88896166629186,bimodal,45.333680369748656,22.4399468737806,14.223695407251,lognormal,52.119696540455244,51.842871700830266,48.911867693042325,beta,42.896050770238965,12.104143196653373,24.086613820113968,gamma,33.7525048295299,14.379864376882834,22.09365984384611,chiSquared,18.920258011283682,13.82949931690853,58.16025496534305,weibull,29.253358878606594,19.94756435424934
18.511276261700804,uniform,49.85684610199333,28.846495259758306,14.457293928698174,exponential,18.764329723224648,19.252828875902093,33.03972186064013,bimodal,45.333680369748656,22.4399468737806,97.35260264610095,lognormal,52.119696540455244,51.842871700830266,15.12063553314169,beta,42.896050770238965,12.104143196653373,22.16851639948927,gamma,33.7525048295299,14.379864376882834,16.72183871529441,chiSquared,18.920258011283682,13.82949931690853,56.72073058460057,weibull,29.253358878606594,19.94756435424934
8.829479731212231,uniform,49.85684610199333,28.846495259758306,6.2665871680110605,exponential,18.764329723224648,19.252828875902093,38.15477173202727,bimodal,45.333680369748656,22.4399468737806,85.54382263809325,lognormal,52.119696540455244,51.842871700830266,38.48743869386025,beta,42.896050770238965,12.104143196653373,57.98248978554856,gamma,33.7525048295299,14.379864376882834,2.850925761417801,chiSquared,18.920258011283682,13.82949931690853,27.77024560993928,weibull,29.253358878606594,19.94756435424934
36.431292688312375,uniform,49.85684610199333,28.846495259758306,3.4477286798870854,exponential,18.764329723224648,19.252828875902093,32.75644561488291,bimodal,45.333680369748656,22.4399468737806,13.036520432099703,lognormal,52.119696540455244,51.842871700830266,50.35760540796153,beta,42.896050770238965,12.104143196653373,9.627818786626365,gamma,33.7525048295299,14.379864376882834,19.64196513729846,chiSquared,18.920258011283682,13.82949931690853,15.928971120715657,weibull,29.253358878606594,19.94756435424934
85.17350905592687,uniform,49.85684610199333,28.846495259758306,3.478185114297635,exponential,18.764329723224648,19.252828875902093,47.65751443500859,bimodal,45.333680369748656,22.4399468737806,39.461943387837614,lognormal,52.119696540455244,51.842871700830266,24.03023856996023,beta,42.896050770238965,12.104143196653373,21.327015723989817,gamma,33.7525048295299,14.379864376882834,14.497399685594994,chiSquared,18.920258011283682,13.82949931690853,7.577329740833328,weibull,29.253358878606594,19.94756435424934
40.31047639080393,uniform,49.85684610199333,28.846495259758306,15.954537470479874,exponential,18.764329723224648,19.252828875902093,50.896563929318816,bimodal,45.333680369748656,22.4399468737806,61.65457998465365,lognormal,52.119696540455244,51.842871700830266,49.81002469778221,beta,42.896050770238965,12.104143196653373,73.81720259187671,gamma,33.7525048295299,14.379864376882834,5.972637295643024,chiSquared,18.920258011283682,13.82949931690853,34.655017403910854,weibull,29.253358878606594,19.94756435424934
89.09032114930604,uniform,49.85684610199333,28.846495259758306,0.7556441130952419,exponential,18.764329723224648,19.252828875902093,36.30972648711326,bimodal,45.333680369748656,22.4399468737806,8.3310254673628,lognormal,52.119696540455244,51.842871700830266,46.603764004014664,beta,42.896050770238965,12.104143196653373,19.435199524022526,gamma,33.7525048295299,14.379864376882834,21.749556063746116,chiSquared,18.920258011283682,13.82949931690853,16.88064130701704,weibull,29.253358878606594,19.94756435424934
89.93267610582818,uniform,49.85684610199333,28.846495259758306,33.623592792340524,exponential,18.764329723224648,19.252828875902093,65.37345826294646,bimodal,45.333680369748656,22.4399468737806,64.26683820508559,lognormal,52.119696540455244,51.842871700830266,50.89230647151467,beta,42.896050770238965,12.104143196653373,48.480908010077684,gamma,33.7525048295299,14.379864376882834,10.087875341303818,chiSquared,18.920258011283682,13.82949931690853,1.309819725332959,weibull,29.253358878606594,19.94756435424934
8.990233887796272,uniform,49.85684610199333,28.846495259758306,2.105022821520266,exponential,18.764329723224648,19.252828875902093,41.736449602529675,bimodal,45.333680369748656,22.4399468737806,20.450109046396157,lognormal,52.119696540455244,51.842871700830266,67.70047669615889,beta,42.896050770238965,12.104143196653373,60.81537116446623,gamma,33.7525048295299,14.379864376882834,27.027520485054552,chiSquared,18.920258011283682,13.82949931690853,43.777173769274285,weibull,29.253358878606594,19.94756435424934
46.526410838680256,uniform,49.85684610199333,28.846495259758306,5.531770421705837,exponential,18.764329723224648,19.252828875902093,16.623278383247428,bimodal,45.333680369748656,22.4399468737806,58.30517905952775,lognormal,52.119696540455244,51.842871700830266,35.98240124115908,beta,42.896050770238965,12.104143196653373,24.34825527690437,gamma,33.7525048295299,14.379864376882834,19.651798987220165,chiSquared,18.920258011283682,13.82949931690853,28.002247070853954,weibull,29.253358878606594,19.94756435424934
75.0101162270681,uniform,49.85684610199333,28.846495259758306,0.5239482823364889,exponential,18.764329723224648,19.252828875902093,29.545166024200363,bimodal,45.333680369748656,22.4399468737806,147.49183070486467,lognormal,52.119696540455244,51.842871700830266,47.49715571342337,beta,42.896050770238965,12.104143196653373,34.21141548398083,gamma,33.7525048295299,14.379864376882834,21.63453452321026,chiSquared,18.920258011283682,13.82949931690853,35.95296979954763,weibull,29.253358878606594,19.94756435424934
15.838816978395808,uniform,49.85684610199333,28.846495259758306,12.249191230008085,exponential,18.764329723224648,19.252828875902093,72.21224983989975,bimodal,45.333680369748656,22.4399468737806,27.9792891422882,lognormal,52.119696540455244,51.842871700830266,48.38525585684354,beta,42.896050770238965,12.104143196653373,46.25262526482153,gamma,33.7525048295299,14.379864376882834,21.153584448129095,chiSquared,18.920258011283682,13.82949931690853,19.42627739494228,weibull,29.253358878606594,19.94756435424934
63.046213239535376,uniform,49.85684610199333,28.846495259758306,17.419516686300142,exponential,18.764329723224648,19.252828875902093,23.554677399237065,bimodal,45.333680369748656,22.4399468737806,18.472443597851285,lognormal,52.119696540455244,51.842871700830266,43.78551443866384,beta,42.896050770238965,12.104143196653373,32.220366260634194,gamma,33.7525048295299,14.379864376882834,6.205353452659716,chiSquared,18.920258011283682,13.82949931690853,35.928714684532,weibull,29.253358878606594,19.94756435424934
46.8025986200862,uniform,49.85684610199333,28.846495259758306,7.550675991673172,exponential,18.764329723224648,19.252828875902093,30.306768171866143,bimodal,45.333680369748656,22.4399468737806,124.53364258057812,lognormal,52.119696540455244,51.842871700830266,20.787797261701332,beta,42.896050770238965,12.104143196653373,26.93206677489234,gamma,33.7525048295299,14.379864376882834,10.353962961342074,chiSquared,18.920258011283682,13.82949931690853,40.205277195187605,weibull,29.253358878606594,19.94756435424934
39.79829525651839,uniform,49.85684610199333,28.846495259758306,0.890112839105332,exponential,18.764329723224648,19.252828875902093,69.58660610984039,bimodal,45.333680369748656,22.4399468737806,15.946092395731858,lognormal,52.119696540455244,51.842871700830266,53.40456537578415,beta,42.896050770238965,12.104143196653373,16.755583617679974,gamma,33.7525048295299,14.379864376882834,23.67837964032386,chiSquared,18.920258011283682,13.82949931690853,6.0505865333698265,weibull,29.253358878606594,19.94756435424934
20.666436830794698,uniform,49.85684610199333,28.846495259758306,9.597410568124108,exponential,18.764329723224648,19.252828875902093,38.75078782446418,bimodal,45.333680369748656,22.4399468737806,250.29473917814227,lognormal,52.119696540455244,51.842871700830266,49.060665244235096,beta,42.896050770238965,12.104143196653373,31.307778747706866,gamma,33.7525048295299,14.379864376882834,29.06838690762281,chiSquared,18.920258011283682,13.82949931690853,21.343316827954713,weibull,29.253358878606594,19.94756435424934
78.18959224738174,uniform,49.85684610199333,28.846495259758306,20.269924208609744,exponential,18.764329723224648,19.252828875902093,39.15776851085121,bimodal,45.333680369748656,22.4399468737806,23.3676289472224,lognormal,52.119696540455244,51.842871700830266,58.30105548674606,beta,42.896050770238965,12.104143196653373,15.08540666608625,gamma,33.7525048295299,14.379864376882834,59.77723554788314,chiSquared,18.920258011283682,13.82949931690853,5.586199321239077,weibull,29.253358878606594,19.94756435424934
21.407232651302966,uniform,49.85684610199333,28.846495259758306,19.242170651604237,exponential,18.764329723224648,19.252828875902093,65.6716005711054,bimodal,45.333680369748656,22.4399468737806,73.25728152689594,lognormal,52.119696540455244,51.842871700830266,16.90975413206745,beta,42.896050770238965,12.104143196653373,14.696783679512798,gamma,33.7525048295299,14.379864376882834,23.509941168046783,chiSquared,18.920258011283682,13.82949931690853,21.915263327067,weibull,29.253358878606594,19.94756435424934
43.33095614511701,uniform,49.85684610199333,28.846495259758306,4.246523607182403,exponential,18.764329723224648,19.252828875902093,73.56396652208292,bimodal,45.333680369748656,22.4399468737806,29.755210345458444,lognormal,52.119696540455244,51.842871700830266,42.78956049365977,beta,42.896050770238965,12.104143196653373,38.88929898083999,gamma,33.7525048295299,14.379864376882834,29.38991172131763,chiSquared,18.920258011283682,13.82949931690853,60.01557641487272,weibull,29.253358878606594,19.94756435424934
16.468245505413027,uniform,49.85684610199333,28.846495259758306,5.223338020566412,exponential,18.764329723224648,19.252828875902093,34.97391484638793,bimodal,45.333680369748656,22.4399468737806,25.668475243623668,lognormal,52.119696540455244,51.842871700830266,41.64363799422562,beta,42.896050770238965,12.104143196653373,41.19307370091811,gamma,33.7525048295299,14.379864376882834,10.350824918760635,chiSquared,18.920258011283682,13.82949931690853,2.480783785601255,weibull,29.253358878606594,19.94756435424934
57.762831454613384,uniform,49.85684610199333,28.846495259758306,1.9237278107134639,exponential,18.764329723224648,19.252828875902093,67.91698864100927,bimodal,45.333680369748656,22.4399468737806,20.209077057667113,lognormal,52.119696540455244,51.842871700830266,33.92449847839359,beta,42.896050770238965,12.104143196653373,38.74199597483567,gamma,33.7525048295299,14.379864376882834,14.849572535561876,chiSquared,18.920258011283682,13.82949931690853,50.36931044934663,weibull,29.253358878606594,19.94756435424934
47.99368980074649,uniform,49.85684610199333,28.846495259758306,9.08905713654342,exponential,18.764329723224648,19.252828875902093,24.138018371056578,bimodal,45.333680369748656,22.4399468737806,34.765786411299075,lognormal,52.119696540455244,51.842871700830266,42.134365266307945,beta,42.896050770238965,12.104143196653373,43.616717157245056,gamma,33.7525048295299,14.379864376882834,13.530987038693297,chiSquared,18.920258011283682,13.82949931690853,6.801441992453159,weibull,29.253358878606594,19.94756435424934
62.31968011044147,uniform,49.85684610199333,28.846495259758306,13.86868302485716,exponential,18.764329723224648,19.252828875902093,86.97923974231651,bimodal,45.333680369748656,22.4399468737806,16.83242613768379,lognormal,52.119696540455244,51.842871700830266,41.883246113276726,beta,42.896050770238965,12.104143196653373,23.52776301671795,gamma,33.7525048295299,14.379864376882834,16.86213446877856,chiSquared,18.920258011283682,13.82949931690853,22.39521462326734,weibull,29.253358878606594,19.94756435424934
8.8665609168601,uniform,49.85684610199333,28.846495259758306,36.49598274230448,exponential,18.764329723224648,19.252828875902093,22.943290264081348,bimodal,45.333680369748656,22.4399468737806,25.121545230090387,lognormal,52.119696540455244,51.842871700830266,41.928185666706305,beta,42.896050770238965,12.104143196653373,39.38785599249954,gamma,33.7525048295299,14.379864376882834,46.77479571595815,chiSquared,18.920258011283682,13.82949931690853,20.014223836677736,weibull,29.253358878606594,19.94756435424934
95.20139375997815,uniform,49.85684610199333,28.846495259758306,2.1102790050481115,exponential,18.764329723224648,19.252828875902093,64.14356909579531,bimodal,45.333680369748656,22.4399468737806,55.58965317856621,lognormal,52.119696540455244,51.842871700830266,50.284835847928086,beta,42.896050770238965,12.104143196653373,24.519538835397967,gamma,33.7525048295299,14.379864376882834,16.64098102400581,chiSquared,18.920258011283682,13.82949931690853,6.568640846333312,weibull,29.253358878606594,19.94756435424934
86.94985308404947,uniform,49.85684610199333,28.846495259758306,3.486204585945333,exponential,18.764329723224648,19.252828875902093,46.44966768070255,bimodal,45.333680369748656,22.4399468737806,227.13549359874148,lognormal,52.119696540455244,51.842871700830266,47.97087615840616,beta,42.896050770238965,12.104143196653373,29.0915251275392,gamma,33.7525048295299,14.379864376882834,14.38025025698009,chiSquared,18.920258011283682,13.82949931690853,31.366077877212415,weibull,29.253358878606594,19.94756435424934
56.818476593029665,uniform,49.85684610199333,28.846495259758306,18.080377990969623,exponential,18.764329723224648,19.252828875902093,16.50837233967602,bimodal,45.333680369748656,22.4399468737806,12.277342802888942,lognormal,52.119696540455244,51.842871700830266,44.57238122628348,beta,42.896050770238965,12.104143196653373,29.27360122282103,gamma,33.7525048295299,14.379864376882834,27.150854492439613,chiSquared,18.920258011283682,13.82949931690853,21.47300392669019,weibull,29.253358878606594,19.94756435424934
73.50815138900754,uniform,49.85684610199333,28.846495259758306,6.230241921096933,exponential,18.764329723224648,19.252828875902093,70.8664595017915,bimodal,45.333680369748656,22.4399468737806,29.008141721801664,lognormal,52.119696540455244,51.842871700830266,46.24890649849064,beta,42.896050770238965,12.104143196653373,34.41894247514523,gamma,33.7525048295299,14.379864376882834,5.813238269855851,chiSquared,18.920258011283682,13.82949931690853,10.28305910830783,weibull,29.253358878606594,19.94756435424934
68.24396317737488,uniform,49.85684610199333,28.846495259758306,34.9689244109253,exponential,18.764329723224648,19.252828875902093,33.34980100608749,bimodal,45.333680369748656,22.4399468737806,306.7647896467287,lognormal,52.119696540455244,51.842871700830266,41.89259252355485,beta,42.896050770238965,12.104143196653373,41.46650878853883,gamma,33.7525048295299,14.379864376882834,31.60390762639271,chiSquared,18.920258011283682,13.82949931690853,47.078555400953285,weibull,29.253358878606594,19.94756435424934
21.164149301365175,uniform,49.85684610199333,28.846495259758306,18.80290609198749,exponential,18.764329723224648,19.252828875902093,50.041282786947946,bimodal,45.333680369748656,22.4399468737806,260.98612542887247,lognormal,52.119696540455244,51.842871700830266,53.414401079495775,beta,42.896050770238965,12.104143196653373,31.067461468947606,gamma,33.7525048295299,14.379864376882834,45.219878486839534,chiSquared,18.920258011283682,13.82949931690853,20.254558313939178,weibull,29.253358878606594,19.94756435424934
18.86942107656412,uniform,49.85684610199333,28.846495259758306,12.131421202779727,exponential,18.764329723224648,19.252828875902093,73.21158263623434,bimodal,45.333680369748656,22.4399468737806,30.137203459912843,lognormal,52.119696540455244,51.842871700830266,25.628924467777246,beta,42.896050770238965,12.104143196653373,11.701151858774256,gamma,33.7525048295299,14.379864376882834,8.970486160888845,chiSquared,18.920258011283682,13.82949931690853,66.840976515785,weibull,29.253358878606594,19.94756435424934
2.048209708994786,uniform,49.85684610199333,28.846495259758306,12.595126197473437,exponential,18.764329723224648,19.252828875902093,34.15833759280521,bimodal,45.333680369748656,22.4399468737806,14.352374036341951,lognormal,52.119696540455244,51.842871700830266,59.97342961379369,beta,42.896050770238965,12.104143196653373,24.22338073472675,gamma,33.7525048295299,14.379864376882834,25.250346313553877,chiSquared,18.920258011283682,13.82949931690853,42.41053565560103,weibull,29.253358878606594,19.94756435424934
78.13226921361482,uniform,49.85684610199333,28.846495259758306,4.619703651020481,exponential,18.764329723224648,19.252828875902093,78.01529848735036,bimodal,45.333680369748656,22.4399468737806,47.854507675213895,lognormal,52.119696540455244,51.842871700830266,52.94051221473237,beta,42.896050770238965,12.104143196653373,23.830092855438355,gamma,33.7525048295299,14.379864376882834,42.691773236650235,chiSquared,18.920258011283682,13.82949931690853,24.53592161688537,weibull,29.253358878606594,19.94756435424934
88.96946837211136,uniform,49.85684610199333,28.846495259758306,50.66190636821421,exponential,18.764329723224648,19.252828875902093,47.086985191936265,bimodal,45.333680369748656,22.4399468737806,23.348013513687135,lognormal,52.119696540455244,51.842871700830266,64.2995377069512,beta,42.896050770238965,12.104143196653373,13.545936262629754,gamma,33.7525048295299,14.379864376882834,12.528706781682892,chiSquared,18.920258011283682,13.82949931690853,21.36865827753219,weibull,29.253358878606594,19.94756435424934
81.79497851311116,uniform,49.85684610199333,28.846495259758306,6.573055301765249,exponential,18.764329723224648,19.252828875902093,26.96488694357312,bimodal,45.333680369748656,22.4399468737806,31.448807121596968,lognormal,52.119696540455244,51.842871700830266,45.830252572913615,beta,42.896050770238965,12.104143196653373,46.02293005101998,gamma,33.7525048295299,14.379864376882834,49.551423586319515,chiSquared,18.920258011283682,13.82949931690853,26.659660528085972,weibull,29.253358878606594,19.94756435424934
48.825853103953456,uniform,49.85684610199333,28.846495259758306,44.012459932997636,exponential,18.764329723224648,19.252828875902093,73.91034974995543,bimodal,45.333680369748656,22.4399468737806,17.343212359515366,lognormal,52.119696540455244,51.842871700830266,48.462038771427736,beta,42.896050770238965,12.104143196653373,43.7092227926277,gamma,33.7525048295299,14.379864376882834,24.890960585146942,chiSquared,18.920258011283682,13.82949931690853,10.866038689220952,weibull,29.253358878606594,19.94756435424934
85.29773727714802,uniform,49.85684610199333,28.846495259758306,5.623616256272582,exponential,18.764329723224648,19.252828875902093,76.74181868805532,bimodal,45.333680369748656,22.4399468737806,24.91459699667029,lognormal,52.119696540455244,51.842871700830266,54.63133518860668,beta,42.896050770238965,12.104143196653373,20.786902876792645,gamma,33.7525048295299,14.379864376882834,12.973535554902469,chiSquared,18.920258011283682,13.82949931690853,37.76211872827401,weibull,29.253358878606594,19.94756435424934
18.551063740498574,uniform,49.85684610199333,28.846495259758306,4.147025430171131,exponential,18.764329723224648,19.252828875902093,26.94203524350938,bimodal,45.333680369748656,22.4399468737806,26.884763927287313,lognormal,52.119696540455244,51.842871700830266,45.06263369069789,beta,42.896050770238965,12.104143196653373,36.254974329799516,gamma,33.7525048295299,14.379864376882834,9.188092887109951,chiSquared,18.920258011283682,13.82949931690853,58.028225705545694,weibull,29.253358878606594,19.94756435424934
50.51682138093449,uniform,49.85684610199333,28.846495259758306,10.487155745498596,exponential,18.764329723224648,19.252828875902093,66.17012367684569,bimodal,45.333680369748656,22.4399468737806,34.81552934258825,lognormal,52.119696540455244,51.842871700830266,45.02900209417962,beta,42.896050770238965,12.104143196653373,41.99789320613612,gamma,33.7525048295299,14.379864376882834,3.1100675074717383,chiSquared,18.920258011283682,13.82949931690853,50.358486533406605,weibull,29.253358878606594,19.94756435424934
44.75865959335742,uniform,49.85684610199333,28.846495259758306,7.1763641899232775,exponential,18.764329723224648,19.252828875902093,75.93729985413451,bimodal,45.333680369748656,22.4399468737806,19.489062067514105,lognormal,52.119696540455244,51.842871700830266,49.46352526010126,beta,42.896050770238965,12.104143196653373,39.252972469367656,gamma,33.7525048295299,14.379864376882834,40.06273293428194,chiSquared,18.920258011283682,13.82949931690853,54.30351972745096,weibull,29.253358878606594,19.94756435424934
37.77925934746234,uniform,49.85684610199333,28.846495259758306,33.18050539491917,exponential,18.764329723224648,19.252828875902093,84.38325224873076,bimodal,45.333680369748656,22.4399468737806,28.127656320491745,lognormal,52.119696540455244,51.842871700830266,53.894641439376656,beta,42.896050770238965,12.104143196653373,36.68614465474719,gamma,33.7525048295299,14.379864376882834,11.605036627899192,chiSquared,18.920258011283682,13.82949931690853,61.55138545665201,weibull,29.253358878606594,19.94756435424934
15.562415085461856,uniform,49.85684610199333,28.846495259758306,0.7241525351353488,exponential,18.764329723224648,19.252828875902093,73.63510310118232,bimodal,45.333680369748656,22.4399468737806,14.406845936723814,lognormal,52.119696540455244,51.842871700830266,32.10648384376701,beta,42.896050770238965,12.104143196653373,51.88536884398965,gamma,33.7525048295299,14.379864376882834,13.55289450188937,chiSquared,18.920258011283682,13.82949931690853,15.68811152657413,weibull,29.253358878606594,19.94756435424934
58.19067386599222,uniform,49.85684610199333,28.846495259758306,5.844135366696561,exponential,18.764329723224648,19.252828875902093,63.28558342322805,bimodal,45.333680369748656,22.4399468737806,107.31604604134617,lognormal,52.119696540455244,51.842871700830266,47.940462653177434,beta,42.896050770238965,12.104143196653373,20.00813900094538,gamma,33.7525048295299,14.379864376882834,11.352059626422736,chiSquared,18.920258011283682,13.82949931690853,38.02188439902286,weibull,29.253358878606594,19.94756435424934
14.104498721122837,uniform,49.85684610199333,28.846495259758306,6.117908419466404,exponential,18.764329723224648,19.252828875902093,67.11065479142825,bimodal,45.333680369748656,22.4399468737806,64.95442328165267,lognormal,52.119696540455244,51.842871700830266,51.41399016912853,beta,42.896050770238965,12.104143196653373,38.67369036807177,gamma,33.7525048295299,14.379864376882834,18.723685144071077,chiSquared,18.920258011283682,13.82949931690853,20.93961831733706,weibull,29.253358878606594,19.94756435424934
40.195447406901394,uniform,49.85684610199333,28.846495259758306,12.968165762984754,exponential,18.764329723224648,19.252828875902093,64.07143020081092,bimodal,45.333680369748656,22.4399468737806,9.335612095490845,lognormal,52.119696540455244,51.842871700830266,44.884093487472214,beta,42.896050770238965,12.104143196653373,31.499726523165187,gamma,33.7525048295299,14.379864376882834,20.578892544492003,chiSquared,18.920258011283682,13.82949931690853,30.773082341701773,weibull,29.253358878606594,19.94756435424934
62.775021592958026,uniform,49.85684610199333,28.846495259758306,35.78244426611582,exponential,18.764329723224648,19.252828875902093,25.955817777910827,bimodal,45.333680369748656,22.4399468737806,20.62232408200724,lognormal,52.119696540455244,51.842871700830266,58.71362362167084,beta,42.896050770238965,12.104143196653373,55.44264944248364,gamma,33.7525048295299,14.379864376882834,4.845400163777766,chiSquared,18.920258011283682,13.82949931690853,19.584963149074042,weibull,29.253358878606594,19.94756435424934
36.2114649420371,uniform,49.85684610199333,28.846495259758306,14.38303991768137,exponential,18.764329723224648,19.252828875902093,45.92165058567403,bimodal,45.333680369748656,22.4399468737806,12.627277113323556,lognormal,52.119696540455244,51.842871700830266,54.08712240227692,beta,42.896050770238965,12.104143196653373,36.74904058009456,gamma,33.7525048295299,14.379864376882834,20.569934127769383,chiSquared,18.920258011283682,13.82949931690853,2.2042899003442713,weibull,29.253358878606594,19.94756435424934
17.471264599238733,uniform,49.85684610199333,28.846495259758306,11.741802720563221,exponential,18.764329723224648,19.252828875902093,17.655089492054813,bimodal,45.333680369748656,22.4399468737806,53.19629627447837,lognormal,52.119696540455244,51.842871700830266,50.67892980663308,beta,42.896050770238965,12.104143196653373,22.916709902710725,gamma,33.7525048295299,14.379864376882834,11.188648605600836,chiSquared,18.920258011283682,13.82949931690853,20.412619543809775,weibull,29.253358878606594,19.94756435424934
34.62082805443335,uniform,49.85684610199333,28.846495259758306,25.200722021646893,exponential,18.764329723224648,19.252828875902093,73.3807488597602,bimodal,45.333680369748656,22.4399468737806,21.288121919766084,lognormal,52.119696540455244,51.842871700830266,37.32985037647117,beta,42.896050770238965,12.104143196653373,45.215351517005196,gamma,33.7525048295299,14.379864376882834,28.757262822348885,chiSquared,18.920258011283682,13.82949931690853,67.60965814687722,weibull,29.253358878606594,19.94756435424934
4.637681845576602,uniform,49.85684610199333,28.846495259758306,19.433224572020475,exponential,18.764329723224648,19.252828875902093,70.38226104577303,bimodal,45.333680369748656,22.4399468737806,59.318246433890046,lognormal,52.119696540455244,51.842871700830266,48.84124125245149,beta,42.896050770238965,12.104143196653373,27.092029496185376,gamma,33.7525048295299,14.379864376882834,32.2387472245459,chiSquared,18.920258011283682,13.82949931690853,72.58296656361142,weibull,29.253358878606594,19.94756435424934
25.502497626033925,uniform,49.85684610199333,28.846495259758306,56.251164085532,exponential,18.764329723224648,19.252828875902093,22.014016939106583,bimodal,45.333680369748656,22.4399468737806,59.59071126626026,lognormal,52.119696540455244,51.842871700830266,44.7790717693958,beta,42.896050770238965,12.104143196653373,32.76784187204531,gamma,33.7525048295299,14.379864376882834,5.220772973031736,chiSquared,18.920258011283682,13.82949931690853,61.48392990443223,weibull,29.253358878606594,19.94756435424934
73.90500429600131,uniform,49.85684610199333,28.846495259758306,23.525658916135956,exponential,18.764329723224648,19.252828875902093,12.453642096691617,bimodal,45.333680369748656,22.4399468737806,193.8179889081441,lognormal,52.119696540455244,51.842871700830266,52.109756211824134,beta,42.896050770238965,12.104143196653373,22.81968392373297,gamma,33.7525048295299,14.379864376882834,15.372502823714196,chiSquared,18.920258011283682,13.82949931690853,10.760173860499437,weibull,29.253358878606594,19.94756435424934
24.078628986464146,uniform,49.85684610199333,28.846495259758306,15.761553086338635,exponential,18.764329723224648,19.252828875902093,57.571858849713315,bimodal,45.333680369748656,22.4399468737806,42.08025818454718,lognormal,52.119696540455244,51.842871700830266,46.12415756853999,beta,42.896050770238965,12.104143196653373,38.00214376692039,gamma,33.7525048295299,14.379864376882834,5.412485636943833,chiSquared,18.920258011283682,13.82949931690853,21.851572846957406,weibull,29.253358878606594,19.94756435424934
82.44325515916307,uniform,49.85684610199333,28.846495259758306,5.652888728688263,exponential,18.764329723224648,19.252828875902093,40.81838480052954,bimodal,45.333680369748656,22.4399468737806,32.280676570395116,lognormal,52.119696540455244,51.842871700830266,37.699465706089136,beta,42.896050770238965,12.104143196653373,40.85733840361164,gamma,33.7525048295299,14.379864376882834,14.981858643819876,chiSquared,18.920258011283682,13.82949931690853,16.197442707684637,weibull,29.253358878606594,19.94756435424934
40.42115092153929,uniform,49.85684610199333,28.846495259758306,31.541227648202643,exponential,18.764329723224648,19.252828875902093,15.795310501476791,bimodal,45.333680369748656,22.4399468737806,51.13651389118119,lognormal,52.119696540455244,51.842871700830266,48.04318871598842,beta,42.896050770238965,12.104143196653373,24.445083321123914,gamma,33.7525048295299,14.379864376882834,16.086990866453622,chiSquared,18.920258011283682,13.82949931690853,12.508570890261959,weibull,29.253358878606594,19.94756435424934
48.620223953482345,uniform,49.85684610199333,28.846495259758306,29.94199415414842,exponential,18.764329723224648,19.252828875902093,73.47969601882959,bimodal,45.333680369748656,22.4399468737806,34.56543592215334,lognormal,52.119696540455244,51.842871700830266,50.70502585503455,beta,42.896050770238965,12.104143196653373,38.80992881700593,gamma,33.7525048295299,14.379864376882834,2.559940099115658,chiSquared,18.920258011283682,13.82949931690853,1.5022889870209428,weibull,29.253358878606594,19.94756435424934
63.18389535273311,uniform,49.85684610199333,28.846495259758306,108.26360895410568,exponential,18.764329723224648,19.252828875902093,71.16790259502768,bimodal,45.333680369748656,22.4399468737806,19.914123672959974,lognormal,52.119696540455244,51.842871700830266,50.708357230699306,beta,42.896050770238965,12.104143196653373,11.324745534139902,gamma,33.7525048295299,14.379864376882834,36.150376067235726,chiSquared,18.920258011283682,13.82949931690853,21.7351899972975,weibull,29.253358878606594,19.94756435424934
11.038488769685816,uniform,49.85684610199333,28.846495259758306,8.594658940846077,exponential,18.764329723224648,19.252828875902093,21.184093834291318,bimodal,45.333680369748656,22.4399468737806,68.70227463279767,lognormal,52.119696540455244,51.842871700830266,44.1994786936254,beta,42.896050770238965,12.104143196653373,38.500034318261605,gamma,33.7525048295299,14.379864376882834,24.917203151935507,chiSquared,18.920258011283682,13.82949931690853,46.77067561271694,weibull,29.253358878606594,19.94756435424934
61.251731609753435,uniform,49.85684610199333,28.846495259758306,0.2654336199878422,exponential,18.764329723224648,19.252828875902093,13.015439340108632,bimodal,45.333680369748656,22.4399468737806,12.412808536641402,lognormal,52.119696540455244,51.842871700830266,50.06403568547222,beta,42.896050770238965,12.104143196653373,22.624508220590034,gamma,33.7525048295299,14.379864376882834,17.077002128307686,chiSquared,18.920258011283682,13.82949931690853,22.121277030911035,weibull,29.253358878606594,19.94756435424934
64.36727429897348,uniform,49.85684610199333,28.846495259758306,17.45345947873806,exponential,18.764329723224648,19.252828875902093,33.956490763374546,bimodal,45.333680369748656,22.4399468737806,22.8196675361292,lognormal,52.119696540455244,51.842871700830266,38.77508429123651,beta,42.896050770238965,12.104143196653373,49.65209012217497,gamma,33.7525048295299,14.379864376882834,21.762517331902558,chiSquared,18.920258011283682,13.82949931690853,60.13687040938831,weibull,29.253358878606594,19.94756435424934
11.85937126995551,uniform,49.85684610199333,28.846495259758306,42.83135093703561,exponential,18.764329723224648,19.252828875902093,41.2426738477276,bimodal,45.333680369748656,22.4399468737806,56.713611980365194,lognormal,52.119696540455244,51.842871700830266,33.397194601677455,beta,42.896050770238965,12.104143196653373,41.13491445611469,gamma,33.7525048295299,14.379864376882834,18.731177603653407,chiSquared,18.920258011283682,13.82949931690853,8.45950231917933,weibull,29.253358878606594,19.94756435424934
59.81711301840961,uniform,49.85684610199333,28.846495259758306,1.358357429540006,exponential,18.764329723224648,19.252828875902093,17.602267455776598,bimodal,45.333680369748656,22.4399468737806,43.063493993667315,lognormal,52.119696540455244,51.842871700830266,22.28305143701645,beta,42.896050770238965,12.104143196653373,17.77080370930816,gamma,33.7525048295299,14.379864376882834,11.466212905064179,chiSquared,18.920258011283682,13.82949931690853,74.76768628280341,weibull,29.253358878606594,19.94756435424934
72.23643592052463,uniform,49.85684610199333,28.846495259758306,19.00451332615642,exponential,18.764329723224648,19.252828875902093,22.384733119844256,bimodal,45.333680369748656,22.4399468737806,116.23708227527865,lognormal,52.119696540455244,51.842871700830266,55.10509304855131,beta,42.896050770238965,12.104143196653373,21.338078482168736,gamma,33.7525048295299,14.379864376882834,24.084286623076533,chiSquared,18.920258011283682,13.82949931690853,4.403699730415322,weibull,29.253358878606594,19.94756435424934
0.33582127378235516,uniform,49.85684610199333,28.846495259758306,42.260843796002455,exponential,18.764329723224648,19.252828875902093,68.01565416106396,bimodal,45.333680369748656,22.4399468737806,133.11228408769236,lognormal,52.119696540455244,51.842871700830266,52.99009945487205,beta,42.896050770238965,12.104143196653373,35.656756955166415,gamma,33.7525048295299,14.379864376882834,12.755535105242696,chiSquared,18.920258011283682,13.82949931690853,5.881332911760432,weibull,29.253358878606594,19.94756435424934
42.017775552801595,uniform,49.85684610199333,28.846495259758306,24.532924000460426,exponential,18.764329723224648,19.252828875902093,22.07972799440312,bimodal,45.333680369748656,22.4399468737806,32.58578780512016,lognormal,52.119696540455244,51.842871700830266,66.216554683042,beta,42.896050770238965,12.104143196653373,59.63404186809136,gamma,33.7525048295299,14.379864376882834,34.831327596899236,chiSquared,18.920258011283682,13.82949931690853,25.238462252632658,weibull,29.253358878606594,19.94756435424934
63.31124328640585,uniform,49.85684610199333,28.846495259758306,9.358962922979941,exponential,18.764329723224648,19.252828875902093,69.36825608640346,bimodal,45.333680369748656,22.4399468737806,14.83942610444535,lognormal,52.119696540455244,51.842871700830266,48.421627268177,beta,42.896050770238965,12.104143196653373,11.492623359578234,gamma,33.7525048295299,14.379864376882834,12.206961585127234,chiSquared,18.920258011283682,13.82949931690853,31.341016446433635,weibull,29.253358878606594,19.94756435424934
76.90221101129787,uniform,49.85684610199333,28.846495259758306,19.620936313745215,exponential,18.764329723224648,19.252828875902093,33.73523661266511,bimodal,45.333680369748656,22.4399468737806,37.114486803353785,lognormal,52.119696540455244,51.842871700830266,7.190617157429553,beta,42.896050770238965,12.104143196653373,43.29148641111259,gamma,33.7525048295299,14.379864376882834,24.261446342063785,chiSquared,18.920258011283682,13.82949931690853,13.697497040790095,weibull,29.253358878606594,19.94756435424934
44.22600437091984,uniform,49.85684610199333,28.846495259758306,14.666449601928598,exponential,18.764329723224648,19.252828875902093,20.79614695112242,bimodal,45.333680369748656,22.4399468737806,23.803157337705237,lognormal,52.119696540455244,51.842871700830266,19.591729620013812,beta,42.896050770238965,12.104143196653373,53.45844495840333,gamma,33.7525048295299,14.379864376882834,9.50027773721669,chiSquared,18.920258011283682,13.82949931690853,18.55025970225774,weibull,29.253358878606594,19.94756435424934
93.25583380411496,uniform,49.85684610199333,28.846495259758306,3.3584998669496526,exponential,18.764329723224648,19.252828875902093,69.8253851332795,bimodal,45.333680369748656,22.4399468737806,15.497515534303465,lognormal,52.119696540455244,51.842871700830266,39.95271112386644,beta,42.896050770238965,12.104143196653373,47.338678034363575,gamma,33.7525048295299,14.379864376882834,19.85896631354102,chiSquared,18.920258011283682,13.82949931690853,45.273185071156824,weibull,29.253358878606594,19.94756435424934
32.064469851189315,uniform,49.85684610199333,28.846495259758306,59.82309864575673,exponential,18.764329723224648,19.252828875902093,0.9671133695542586,bimodal,45.333680369748656,22.4399468737806,36.95952544446624,lognormal,52.119696540455244,51.842871700830266,44.56950890259429,beta,42.896050770238965,12.104143196653373,19.24940253989864,gamma,33.7525048295299,14.379864376882834,10.987889188263473,chiSquared,18.920258011283682,13.82949931690853,33.27680327306612,weibull,29.253358878606594,19.94756435424934
56.229033965484,uniform,49.85684610199333,28.846495259758306,55.68146050272321,exponential,18.764329723224648,19.252828875902093,68.64675959791828,bimodal,45.333680369748656,22.4399468737806,26.956251624131458,lognormal,52.119696540455244,51.842871700830266,43.31293943344136,beta,42.896050770238965,12.104143196653373,36.3015174236476,gamma,33.7525048295299,14.379864376882834,12.572799004336925,chiSquared,18.920258011283682,13.82949931690853,30.632440725359885,weibull,29.253358878606594,19.94756435424934
95.30540517331158,uniform,49.85684610199333,28.846495259758306,23.025605223090086,exponential,18.764329723224648,19.252828875902093,70.99404853258059,bimodal,45.333680369748656,22.4399468737806,26.364132831414825,lognormal,52.119696540455244,51.842871700830266,36.551492436779206,beta,42.896050770238965,12.104143196653373,28.462149627272396,gamma,33.7525048295299,14.379864376882834,5.539217107519166,chiSquared,18.920258011283682,13.82949931690853,4.4786868704267855,weibull,29.253358878606594,19.94756435424934
20.3492695830086,uniform,49.85684610199333,28.846495259758306,15.58977755370103,exponential,18.764329723224648,19.252828875902093,11.475457440856506,bimodal,45.333680369748656,22.4399468737806,20.709312899940727,lognormal,52.119696540455244,51.842871700830266,45.043006168720034,beta,42.896050770238965,12.104143196653373,33.35480929079055,gamma,33.7525048295299,14.379864376882834,6.382008077750092,chiSquared,18.920258011283682,13.82949931690853,10.592512508096252,weibull,29.253358878606594,19.94756435424934
11.982223553978056,uniform,49.85684610199333,28.846495259758306,4.697736670345266,exponential,18.764329723224648,19.252828875902093,76.23017001951057,bimodal,45.333680369748656,22.4399468737806,26.356908100922496,lognormal,52.119696540455244,51.842871700830266,43.83365530233228,beta,42.896050770238965,12.104143196653373,28.25992954314892,gamma,33.7525048295299,14.379864376882834,12.376780065389802,chiSquared,18.920258011283682,13.82949931690853,11.941797013620219,weibull,29.253358878606594,19.94756435424934
75.21696701988476,uniform,49.85684610199333,28.846495259758306,0.9524911211008775,exponential,18.764329723224648,19.252828875902093,77.1064314811113,bimodal,45.333680369748656,22.4399468737806,63.91603918876163,lognormal,52.119696540455244,51.842871700830266,67.03275745148132,beta,42.896050770238965,12.104143196653373,65.35234669840929,gamma,33.7525048295299,14.379864376882834,16.38097586970087,chiSquared,18.920258011283682,13.82949931690853,11.36019927954265,weibull,29.253358878606594,19.94756435424934
35.162859137739055,uniform,49.85684610199333,28.846495259758306,1.3725556745288632,exponential,18.764329723224648,19.252828875902093,28.114556181540383,bimodal,45.333680369748656,22.4399468737806,14.403568553595575,lognormal,52.119696540455244,51.842871700830266,41.07738865034634,beta,42.896050770238965,12.104143196653373,17.6603469249626,gamma,33.7525048295299,14.379864376882834,12.795455108351355,chiSquared,18.920258011283682,13.82949931690853,39.680301595787064,weibull,29.253358878606594,19.94756435424934
78.60039248088604,uniform,49.85684610199333,28.846495259758306,4.844081413673544,exponential,18.764329723224648,19.252828875902093,29.023953224903188,bimodal,45.333680369748656,22.4399468737806,17.138204664191914,lognormal,52.119696540455244,51.842871700830266,47.39078077212905,beta,42.896050770238965,12.104143196653373,27.72039216302108,gamma,33.7525048295299,14.379864376882834,23.999967499102183,chiSquared,18.920258011283682,13.82949931690853,3.5608566659459555,weibull,29.253358878606594,19.94756435424934
90.36724851187753,uniform,49.85684610199333,28.846495259758306,61.611980834448985,exponential,18.764329723224648,19.252828875902093,89.88698194637657,bimodal,45.333680369748656,22.4399468737806,65.06728612558108,lognormal,52.119696540455244,51.842871700830266,49.822020081207555,beta,42.896050770238965,12.104143196653373,41.91958913550139,gamma,33.7525048295299,14.379864376882834,5.432802753905372,chiSquared,18.920258011283682,13.82949931690853,11.989222919294768,weibull,29.253358878606594,19.94756435424934
69.05924474122276,uniform,49.85684610199333,28.846495259758306,17.80090220184524,exponential,18.764329723224648,19.252828875902093,81.43048236172145,bimodal,45.333680369748656,22.4399468737806,33.613752373176055,lognormal,52.119696540455244,51.842871700830266,22.372276681323196,beta,42.896050770238965,12.104143196653373,33.12442094245358,gamma,33.7525048295299,14.379864376882834,18.527848677452575,chiSquared,18.920258011283682,13.82949931690853,41.631761461135575,weibull,29.253358878606594,19.94756435424934
4.115296640866351,uniform,49.85684610199333,28.846495259758306,34.13560640616959,exponential,18.764329723224648,19.252828875902093,28.15330103883595,bimodal,45.333680369748656,22.4399468737806,17.6008823631621,lognormal,52.119696540455244,51.842871700830266,26.838833210074192,beta,42.896050770238965,12.104143196653373,46.659999594562855,gamma,33.7525048295299,14.379864376882834,9.865104870838636,chiSquared,18.920258011283682,13.82949931690853,67.87889580367289,weibull,29.253358878606594,19.94756435424934
19.054912410514525,uniform,49.85684610199333,28.846495259758306,4.268640939113595,exponential,18.764329723224648,19.252828875902093,71.80105325669965,bimodal,45.333680369748656,22.4399468737806,32.234947514579126,lognormal,52.119696540455244,51.842871700830266,49.2483804232605,beta,42.896050770238965,12.104143196653373,18.20686253860223,gamma,33.7525048295299,14.379864376882834,103.56019156462672,chiSquared,18.920258011283682,13.82949931690853,10.948097921614943,weibull,29.253358878606594,19.94756435424934
80.03606859273518,uniform,49.85684610199333,28.846495259758306,18.594665450956413,exponential,18.764329723224648,19.252828875902093,77.89047087727685,bimodal,45.333680369748656,22.4399468737806,33.55996794871376,lognormal,52.119696540455244,51.842871700830266,43.11366630844506,beta,42.896050770238965,12.104143196653373,19.163411022778444,gamma,33.7525048295299,14.379864376882834,60.27218760656655,chiSquared,18.920258011283682,13.82949931690853,10.271625580529177,weibull,29.253358878606594,19.94756435424934
4.022067977696475,uniform,49.85684610199333,28.846495259758306,2.8768944405500374,exponential,18.764329723224648,19.252828875902093,69.41206157543026,bimodal,45.333680369748656,22.4399468737806,73.88832153160742,lognormal,52.119696540455244,51.842871700830266,45.28763419867234,beta,42.896050770238965,12.104143196653373,53.08082324625019,gamma,33.7525048295299,14.379864376882834,12.66992281581816,chiSquared,18.920258011283682,13.82949931690853,9.73496678948531,weibull,29.253358878606594,19.94756435424934
0.2633259062266635,uniform,49.85684610199333,28.846495259758306,4.181168790088613,exponential,18.764329723224648,19.252828875902093,74.61396148413996,bimodal,45.333680369748656,22.4399468737806,24.093242590610195,lognormal,52.119696540455244,51.842871700830266,49.26500025847692,beta,42.896050770238965,12.104143196653373,17.04458155087651,gamma,33.7525048295299,14.379864376882834,33.3366150612724,chiSquared,18.920258011283682,13.82949931690853,36.160934105718525,weibull,29.253358878606594,19.94756435424934
76.00511244833925,uniform,49.85684610199333,28.846495259758306,7.5347357279828095,exponential,18.764329723224648,19.252828875902093,52.53964119922116,bimodal,45.333680369748656,22.4399468737806,58.795300713822336,lognormal,52.119696540455244,51.842871700830266,50.69118838976859,beta,42.896050770238965,12.104143196653373,27.093195126511915,gamma,33.7525048295299,14.379864376882834,13.461902379101504,chiSquared,18.920258011283682,13.82949931690853,67.82500978554327,weibull,29.253358878606594,19.94756435424934
74.78251221307045,uniform,49.85684610199333,28.846495259758306,4.738338030810316,exponential,18.764329723224648,19.252828875902093,28.86996431579455,bimodal,45.333680369748656,22.4399468737806,203.83174716210348,lognormal,52.119696540455244,51.842871700830266,58.447527879981834,beta,42.896050770238965,12.104143196653373,26.12331351856982,gamma,33.7525048295299,14.379864376882834,10.21423561528014,chiSquared,18.920258011283682,13.82949931690853,34.005232009238945,weibull,29.253358878606594,19.94756435424934
15.736927447443138,uniform,49.85684610199333,28.846495259758306,5.325280253227654,exponential,18.764329723224648,19.252828875902093,26.984678367321436,bimodal,45.333680369748656,22.4399468737806,7.667455291730304,lognormal,52.119696540455244,51.842871700830266,55.702356544301814,beta,42.896050770238965,12.104143196653373,41.60153407361517,gamma,33.7525048295299,14.379864376882834,17.535433494156276,chiSquared,18.920258011283682,13.82949931690853,26.563711834421383,weibull,29.253358878606594,19.94756435424934
55.35669390987196,uniform,49.85684610199333,28.846495259758306,4.2498114348018365,exponential,18.764329723224648,19.252828875902093,19.954926416828954,bimodal,45.333680369748656,22.4399468737806,104.5314572445048,lognormal,52.119696540455244,51.842871700830266,50.70610788132592,beta,42.896050770238965,12.104143196653373,32.095581629387866,gamma,33.7525048295299,14.379864376882834,23.28038452462827,chiSquared,18.920258011283682,13.82949931690853,33.32768472774434,weibull,29.253358878606594,19.94756435424934
13.453692289077923,uniform,49.85684610199333,28.846495259758306,5.520463678517413,exponential,18.764329723224648,19.252828875902093,61.061686992639494,bimodal,45.333680369748656,22.4399468737806,88.33761837786264,lognormal,52.119696540455244,51.842871700830266,40.36058717126045,beta,42.896050770238965,12.104143196653373,32.693143875804054,gamma,33.7525048295299,14.379864376882834,20.850495538682182,chiSquared,18.920258011283682,13.82949931690853,40.83171342613965,weibull,29.253358878606594,19.94756435424934
75.36663321031654,uniform,49.85684610199333,28.846495259758306,24.649041858760633,exponential,18.764329723224648,19.252828875902093,31.326755718231542,bimodal,45.333680369748656,22.4399468737806,39.351099444621,lognormal,52.119696540455244,51.842871700830266,50.809179963763555,beta,42.896050770238965,12.104143196653373,51.31961624825324,gamma,33.7525048295299,14.379864376882834,5.595973790289813,chiSquared,18.920258011283682,13.82949931690853,38.44316426306348,weibull,29.253358878606594,19.94756435424934
47.46644524571602,uniform,49.85684610199333,28.846495259758306,20.337321093441293,exponential,18.764329723224648,19.252828875902093,22.82207417943746,bimodal,45.333680369748656,22.4399468737806,75.29979127744187,lognormal,52.119696540455244,51.842871700830266,57.74463910861603,beta,42.896050770238965,12.104143196653373,52.65715571674975,gamma,33.7525048295299,14.379864376882834,43.45827154946377,chiSquared,18.920258011283682,13.82949931690853,49.004701692068565,weibull,29.253358878606594,19.94756435424934
58.976631380134314,uniform,49.85684610199333,28.846495259758306,10.535482653554052,exponential,18.764329723224648,19.252828875902093,56.702798208821754,bimodal,45.333680369748656,22.4399468737806,27.33361375530098,lognormal,52.119696540455244,51.842871700830266,46.42523557716699,beta,42.896050770238965,12.104143196653373,22.124808711320824,gamma,33.7525048295299,14.379864376882834,9.765138097268185,chiSquared,18.920258011283682,13.82949931690853,24.240727211868528,weibull,29.253358878606594,19.94756435424934
57.51054017349152,uniform,49.85684610199333,28.846495259758306,7.503930018588959,exponential,18.764329723224648,19.252828875902093,73.42908120818078,bimodal,45.333680369748656,22.4399468737806,46.54183282408656,lognormal,52.119696540455244,51.842871700830266,64.67884997489631,beta,42.896050770238965,12.104143196653373,12.780720375066624,gamma,33.7525048295299,14.379864376882834,11.33795206129371,chiSquared,18.920258011283682,13.82949931690853,6.436196638637967,weibull,29.253358878606594,19.94756435424934
80.21267633743835,uniform,49.85684610199333,28.846495259758306,9.032156740333619,exponential,18.764329723224648,19.252828875902093,69.3154808332192,bimodal,45.333680369748656,22.4399468737806,93.39100049577625,lognormal,52.119696540455244,51.842871700830266,53.45848870094423,beta,42.896050770238965,12.104143196653373,38.81903407258453,gamma,33.7525048295299,14.379864376882834,7.842721509728561,chiSquared,18.920258011283682,13.82949931690853,30.634735712941033,weibull,29.253358878606594,19.94756435424934
12.434220246734062,uniform,49.85684610199333,28.846495259758306,30.72278950605249,exponential,18.764329723224648,19.252828875902093,31.63827783313414,bimodal,45.333680369748656,22.4399468737806,30.201328783524044,lognormal,52.119696540455244,51.842871700830266,65.0650625299198,beta,42.896050770238965,12.104143196653373,29.9224446570369,gamma,33.7525048295299,14.379864376882834,28.934273402029955,chiSquared,18.920258011283682,13.82949931690853,24.13804810753797,weibull,29.253358878606594,19.94756435424934
11.446729328585404,uniform,49.85684610199333,28.846495259758306,7.668541325776279,exponential,18.764329723224648,19.252828875902093,23.178523484911572,bimodal,45.333680369748656,22.4399468737806,29.512061421646862,lognormal,52.119696540455244,51.842871700830266,25.84200566609382,beta,42.896050770238965,12.104143196653373,19.117455631282184,gamma,33.7525048295299,14.379864376882834,28.18807068023505,chiSquared,18.920258011283682,13.82949931690853,32.30336433255175,weibull,29.253358878606594,19.94756435424934
93.48658421532667,uniform,49.85684610199333,28.846495259758306,1.6797880799845657,exponential,18.764329723224648,19.252828875902093,71.29591163178048,bimodal,45.333680369748656,22.4399468737806,107.22397251970499,lognormal,52.119696540455244,51.842871700830266,21.906187159207136,beta,42.896050770238965,12.104143196653373,14.885185074285838,gamma,33.7525048295299,14.379864376882834,26.40661974592873,chiSquared,18.920258011283682,13.82949931690853,5.436699215348863,weibull,29.253358878606594,19.94756435424934
76.95758394740531,uniform,49.85684610199333,28.846495259758306,35.113848431671364,exponential,18.764329723224648,19.252828875902093,28.1537138202147,bimodal,45.333680369748656,22.4399468737806,17.653320181780494,lognormal,52.119696540455244,51.842871700830266,14.022690567694983,beta,42.896050770238965,12.104143196653373,47.92474357202295,gamma,33.7525048295299,14.379864376882834,33.2640249384836,chiSquared,18.920258011283682,13.82949931690853,6.949333150613354,weibull,29.253358878606594,19.94756435424934
57.92118695705374,uniform,49.85684610199333,28.846495259758306,6.787565551822277,exponential,18.764329723224648,19.252828875902093,52.086045681146885,bimodal,45.333680369748656,22.4399468737806,46.01406656473252,lognormal,52.119696540455244,51.842871700830266,33.25264619794749,beta,42.896050770238965,12.104143196653373,27.311304664508455,gamma,33.7525048295299,14.379864376882834,12.17399653470321,chiSquared,18.920258011283682,13.82949931690853,30.702603350507857,weibull,29.253358878606594,19.94756435424934
93.41346819521901,uniform,49.85684610199333,28.846495259758306,2.40470304801922,exponential,18.764329723224648,19.252828875902093,26.718273718529268,bimodal,45.333680369748656,22.4399468737806,35.562695616275555,lognormal,52.119696540455244,51.842871700830266,47.97258792957378,beta,42.896050770238965,12.104143196653373,63.71476727567518,gamma,33.7525048295299,14.379864376882834,17.42447634054122,chiSquared,18.920258011283682,13.82949931690853,13.560596678552022,weibull,29.253358878606594,19.94756435424934
84.4223993147689,uniform,49.85684610199333,28.846495259758306,13.636583307143033,exponential,18.764329723224648,19.252828875902093,35.88582386479588,bimodal,45.333680369748656,22.4399468737806,11.709219758060621,lognormal,52.119696540455244,51.842871700830266,41.232839246792985,beta,42.896050770238965,12.104143196653373,33.21249219363515,gamma,33.7525048295299,14.379864376882834,16.78197273769756,chiSquared,18.920258011283682,13.82949931690853,59.33006225874032,weibull,29.253358878606594,19.94756435424934
21.861697403303992,uniform,49.85684610199333,28.846495259758306,69.68569161022783,exponential,18.764329723224648,19.252828875902093,24.28040471633144,bimodal,45.333680369748656,22.4399468737806,68.41168905646309,lognormal,52.119696540455244,51.842871700830266,27.864861552438526,beta,42.896050770238965,12.104143196653373,11.241547241649121,gamma,33.7525048295299,14.379864376882834,8.133547779901539,chiSquared,18.920258011283682,13.82949931690853,21.287382503028795,weibull,29.253358878606594,19.94756435424934
23.460506454623175,uniform,49.85684610199333,28.846495259758306,30.469448108872747,exponential,18.764329723224648,19.252828875902093,53.354037485459536,bimodal,45.333680369748656,22.4399468737806,15.178757685380761,lognormal,52.119696540455244,51.842871700830266,50.908902510392466,beta,42.896050770238965,12.104143196653373,43.524059049201384,gamma,33.7525048295299,14.379864376882834,1.6115023933036676,chiSquared,18.920258011283682,13.82949931690853,10.757443770802643,weibull,29.253358878606594,19.94756435424934
79.2033375779678,uniform,49.85684610199333,28.846495259758306,25.875660636266424,exponential,18.764329723224648,19.252828875902093,67.21961570993952,bimodal,45.333680369748656,22.4399468737806,25.077543342195547,lognormal,52.119696540455244,51.842871700830266,45.819029457380665,beta,42.896050770238965,12.104143196653373,53.612833327208534,gamma,33.7525048295299,14.379864376882834,10.433632748522939,chiSquared,18.920258011283682,13.82949931690853,4.546075972373959,weibull,29.253358878606594,19.94756435424934
76.29862879189443,uniform,49.85684610199333,28.846495259758306,0.5534335068699258,exponential,18.764329723224648,19.252828875902093,34.870847554186184,bimodal,45.333680369748656,22.4399468737806,20.645268524821613,lognormal,52.119696540455244,51.842871700830266,50.190771819755255,beta,42.896050770238965,12.104143196653373,26.90379008311577,gamma,33.7525048295299,14.379864376882834,4.251784961575893,chiSquared,18.920258011283682,13.82949931690853,23.78692390790656,weibull,29.253358878606594,19.94756435424934
6.375853250419128,uniform,49.85684610199333,28.846495259758306,2.0236510569008646,exponential,18.764329723224648,19.252828875902093,81.50500641841712,bimodal,45.333680369748656,22.4399468737806,8.772294081926264,lognormal,52.119696540455244,51.842871700830266,38.642943177198816,beta,42.896050770238965,12.104143196653373,26.07773620704236,gamma,33.7525048295299,14.379864376882834,17.107691595576814,chiSquared,18.920258011283682,13.82949931690853,25.43643117774184,weibull,29.253358878606594,19.94756435424934
77.12316430578765,uniform,49.85684610199333,28.846495259758306,54.099406279081975,exponential,18.764329723224648,19.252828875902093,37.86701466870775,bimodal,45.333680369748656,22.4399468737806,28.238073666942086,lognormal,52.119696540455244,51.842871700830266,37.993397185368885,beta,42.896050770238965,12.104143196653373,26.27344547463975,gamma,33.7525048295299,14.379864376882834,19.538431974328205,chiSquared,18.920258011283682,13.82949931690853,25.50735718613042,weibull,29.253358878606594,19.94756435424934
25.457404841984356,uniform,49.85684610199333,28.846495259758306,8.45161215676319,exponential,18.764329723224648,19.252828875902093,32.20260281551002,bimodal,45.333680369748656,22.4399468737806,32.17238317578777,lognormal,52.119696540455244,51.842871700830266,39.28848908562031,beta,42.896050770238965,12.104143196653373,49.523669773963626,gamma,33.7525048295299,14.379864376882834,2.40142380843647,chiSquared,18.920258011283682,13.82949931690853,21.559952400417217,weibull,29.253358878606594,19.94756435424934
92.71188031943568,uniform,49.85684610199333,28.846495259758306,34.41383317924034,exponential,18.764329723224648,19.252828875902093,41.45135390392744,bimodal,45.333680369748656,22.4399468737806,43.717179806852236,lognormal,52.119696540455244,51.842871700830266,39.50772058395172,beta,42.896050770238965,12.104143196653373,33.636595456888216,gamma,33.7525048295299,14.379864376882834,30.344130162243502,chiSquared,18.920258011283682,13.82949931690853,26.316385679335625,weibull,29.253358878606594,19.94756435424934
90.93960837962412,uniform,49.85684610199333,28.846495259758306,2.2475384833907293,exponential,18.764329723224648,19.252828875902093,22.657098436717234,bimodal,45.333680369748656,22.4399468737806,57.86166790988277,lognormal,52.119696540455244,51.842871700830266,38.37835776753594,beta,42.896050770238965,12.104143196653373,41.72660863520848,gamma,33.7525048295299,14.379864376882834,30.46035961357328,chiSquared,18.920258011283682,13.82949931690853,18.521243402013464,weibull,29.253358878606594,19.94756435424934
30.596488062353778,uniform,49.85684610199333,28.846495259758306,4.935346953035524,exponential,18.764329723224648,19.252828875902093,13.87886984883352,bimodal,45.333680369748656,22.4399468737806,36.94949470308886,lognormal,52.119696540455244,51.842871700830266,35.377747137417515,beta,42.896050770238965,12.104143196653373,16.818856349703136,gamma,33.7525048295299,14.379864376882834,10.162548152545332,chiSquared,18.920258011283682,13.82949931690853,24.80725500910572,weibull,29.253358878606594,19.94756435424934
9.376781577295501,uniform,49.85684610199333,28.846495259758306,58.804080708487405,exponential,18.764329723224648,19.252828875902093,82.52212203334844,bimodal,45.333680369748656,22.4399468737806,199.76909659194462,lognormal,52.119696540455244,51.842871700830266,27.937381829840547,beta,42.896050770238965,12.104143196653373,22.450561533032726,gamma,33.7525048295299,14.379864376882834,12.035377182903764,chiSquared,18.920258011283682,13.82949931690853,20.230727598063716,weibull,29.253358878606594,19.94756435424934
78.66386924746254,uniform,49.85684610199333,28.846495259758306,13.539171453076053,exponential,18.764329723224648,19.252828875902093,15.219020743157731,bimodal,45.333680369748656,22.4399468737806,43.658415547269044,lognormal,52.119696540455244,51.842871700830266,53.19349018683772,beta,42.896050770238965,12.104143196653373,37.56383390712685,gamma,33.7525048295299,14.379864376882834,26.70673043706394,chiSquared,18.920258011283682,13.82949931690853,41.33975542907189,weibull,29.253358878606594,19.94756435424934
18.303408421581015,uniform,49.85684610199333,28.846495259758306,10.77422584356935,exponential,18.764329723224648,19.252828875902093,23.464690890582368,bimodal,45.333680369748656,22.4399468737806,26.9417084949432,lognormal,52.119696540455244,51.842871700830266,43.52077422190481,beta,42.896050770238965,12.104143196653373,15.019145367318076,gamma,33.7525048295299,14.379864376882834,26.13735203642575,chiSquared,18.920258011283682,13.82949931690853,12.737775485526125,weibull,29.253358878606594,19.94756435424934
48.6992960653656,uniform,49.85684610199333,28.846495259758306,2.9444577604458972,exponential,18.764329723224648,19.252828875902093,37.806768254056436,bimodal,45.333680369748656,22.4399468737806,2.4735827375825457,lognormal,52.119696540455244,51.842871700830266,54.479291429712205,beta,42.896050770238965,12.104143196653373,13.511449927362042,gamma,33.7525048295299,14.379864376882834,2.750987713822642,chiSquared,18.920258011283682,13.82949931690853,73.36871303653955,weibull,29.253358878606594,19.94756435424934
69.88428049343928,uniform,49.85684610199333,28.846495259758306,19.179977162023807,exponential,18.764329723224648,19.252828875902093,26.070134947623835,bimodal,45.333680369748656,22.4399468737806,77.06303419089635,lognormal,52.119696540455244,51.842871700830266,28.46844128044832,beta,42.896050770238965,12.104143196653373,15.403661587942679,gamma,33.7525048295299,14.379864376882834,11.167969959026182,chiSquared,18.920258011283682,13.82949931690853,53.08986384409619,weibull,29.253358878606594,19.94756435424934
90.24266925201655,uniform,49.85684610199333,28.846495259758306,11.325775101222977,exponential,18.764329723224648,19.252828875902093,84.0752308222893,bimodal,45.333680369748656,22.4399468737806,9.161319805343387,lognormal,52.119696540455244,51.842871700830266,48.92510981486055,beta,42.896050770238965,12.104143196653373,20.62824648265757,gamma,33.7525048295299,14.379864376882834,25.636447218172627,chiSquared,18.920258011283682,13.82949931690853,24.868755756800457,weibull,29.253358878606594,19.94756435424934
82.81499781723835,uniform,49.85684610199333,28.846495259758306,45.421264292745455,exponential,18.764329723224648,19.252828875902093,40.40615641975956,bimodal,45.333680369748656,22.4399468737806,46.16878425543442,lognormal,52.119696540455244,51.842871700830266,50.61029831052688,beta,42.896050770238965,12.104143196653373,44.20197362687431,gamma,33.7525048295299,14.379864376882834,36.07029584868661,chiSquared,18.920258011283682,13.82949931690853,15.498793534756652,weibull,29.253358878606594,19.94756435424934
69.70044018191017,uniform,49.85684610199333,28.846495259758306,0.5412215560316054,exponential,18.764329723224648,19.252828875902093,86.36053963064914,bimodal,45.333680369748656,22.4399468737806,35.116151809834456,lognormal,52.119696540455244,51.842871700830266,55.29504830073982,beta,42.896050770238965,12.104143196653373,15.236159085711769,gamma,33.7525048295299,14.379864376882834,18.616849361710678,chiSquared,18.920258011283682,13.82949931690853,15.364550414446787,weibull,29.253358878606594,19.94756435424934
51.50643014724038,uniform,49.85684610199333,28.846495259758306,42.38620714081457,exponential,18.764329723224648,19.252828875902093,14.396138777666387,bimodal,45.333680369748656,22.4399468737806,28.49417005741639,lognormal,52.119696540455244,51.842871700830266,40.49381210203568,beta,42.896050770238965,12.104143196653373,23.156830140723113,gamma,33.7525048295299,14.379864376882834,3.6267719954599165,chiSquared,18.920258011283682,13.82949931690853,33.36701579425817,weibull,29.253358878606594,19.94756435424934
95.71637393135424,uniform,49.85684610199333,28.846495259758306,4.737227856966184,exponential,18.764329723224648,19.252828875902093,32.53068059132533,bimodal,45.333680369748656,22.4399468737806,13.1085631263189,lognormal,52.119696540455244,51.842871700830266,44.578575320717064,beta,42.896050770238965,12.104143196653373,30.44688838020623,gamma,33.7525048295299,14.379864376882834,8.440827776212211,chiSquared,18.920258011283682,13.82949931690853,20.35714607124588,weibull,29.253358878606594,19.94756435424934
34.381246865319824,uniform,49.85684610199333,28.846495259758306,45.458682543185624,exponential,18.764329723224648,19.252828875902093,84.32271254448614,bimodal,45.333680369748656,22.4399468737806,31.660687227320288,lognormal,52.119696540455244,51.842871700830266,50.966468714024145,beta,42.896050770238965,12.104143196653373,65.67964609240305,gamma,33.7525048295299,14.379864376882834,10.137921846509805,chiSquared,18.920258011283682,13.82949931690853,23.96284010680072,weibull,29.253358878606594,19.94756435424934
15.239076160846887,uniform,49.85684610199333,28.846495259758306,0.858075935584094,exponential,18.764329723224648,19.252828875902093,70.53909583074994,bimodal,45.333680369748656,22.4399468737806,14.974746861998115,lognormal,52.119696540455244,51.842871700830266,44.97373403916175,beta,42.896050770238965,12.104143196653373,52.862439745886064,gamma,33.7525048295299,14.379864376882834,5.147534531770948,chiSquared,18.920258011283682,13.82949931690853,4.2539441706306125,weibull,29.253358878606594,19.94756435424934
36.513392788635926,uniform,49.85684610199333,28.846495259758306,8.436172078375918,exponential,18.764329723224648,19.252828875902093,76.53962882141364,bimodal,45.333680369748656,22.4399468737806,27.760872412460603,lognormal,52.119696540455244,51.842871700830266,57.630522761021076,beta,42.896050770238965,12.104143196653373,57.10513850169032,gamma,33.7525048295299,14.379864376882834,45.381238717646085,chiSquared,18.920258011283682,13.82949931690853,39.91374010279466,weibull,29.253358878606594,19.94756435424934
12.632098192970986,uniform,49.85684610199333,28.846495259758306,1.7261911965867427,exponential,18.764329723224648,19.252828875902093,37.555883086642766,bimodal,45.333680369748656,22.4399468737806,19.010542715833854,lognormal,52.119696540455244,51.842871700830266,49.791981062985066,beta,42.896050770238965,12.104143196653373,11.956062112390768,gamma,33.7525048295299,14.379864376882834,18.09723625918331,chiSquared,18.920258011283682,13.82949931690853,25.686831747196923,weibull,29.253358878606594,19.94756435424934
6.667132387179131,uniform,49.85684610199333,28.846495259758306,6.595010160535308,exponential,18.764329723224648,19.252828875902093,26.85444017641654,bimodal,45.333680369748656,22.4399468737806,36.65344936617538,lognormal,52.119696540455244,51.842871700830266,32.805271757500265,beta,42.896050770238965,12.104143196653373,19.379668398172804,gamma,33.7525048295299,14.379864376882834,10.600970069335641,chiSquared,18.920258011283682,13.82949931690853,99.1791638609114,weibull,29.253358878606594,19.94756435424934
22.035852564134707,uniform,49.85684610199333,28.846495259758306,46.13857742505141,exponential,18.764329723224648,19.252828875902093,81.31567274976842,bimodal,45.333680369748656,22.4399468737806,79.44215743835356,lognormal,52.119696540455244,51.842871700830266,22.8122873643896,beta,42.896050770238965,12.104143196653373,16.161746616105408,gamma,33.7525048295299,14.379864376882834,12.441944318452416,chiSquared,18.920258011283682,13.82949931690853,45.00740190938354,weibull,29.253358878606594,19.94756435424934
12.255858168498134,uniform,49.85684610199333,28.846495259758306,19.653424312031845,exponential,18.764329723224648,19.252828875902093,32.10092080973757,bimodal,45.333680369748656,22.4399468737806,9.998580427297895,lognormal,52.119696540455244,51.842871700830266,51.18990173726069,beta,42.896050770238965,12.104143196653373,31.148700506703527,gamma,33.7525048295299,14.379864376882834,14.341081700550774,chiSquared,18.920258011283682,13.82949931690853,24.596853711784476,weibull,29.253358878606594,19.94756435424934
42.35936117898645,uniform,49.85684610199333,28.846495259758306,26.462572163366666,exponential,18.764329723224648,19.252828875902093,30.365145017729482,bimodal,45.333680369748656,22.4399468737806,26.68398765531794,lognormal,52.119696540455244,51.842871700830266,57.88944577026641,beta,42.896050770238965,12.104143196653373,41.23980703854836,gamma,33.7525048295299,14.379864376882834,7.473979490893732,chiSquared,18.920258011283682,13.82949931690853,55.41904857114507,weibull,29.253358878606594,19.94756435424934
59.78724646552441,uniform,49.85684610199333,28.846495259758306,45.459169426178235,exponential,18.764329723224648,19.252828875902093,45.29797583035226,bimodal,45.333680369748656,22.4399468737806,34.554274541456635,lognormal,52.119696540455244,51.842871700830266,48.155531419871785,beta,42.896050770238965,12.104143196653373,43.09788240443468,gamma,33.7525048295299,14.379864376882834,19.199268677615272,chiSquared,18.920258011283682,13.82949931690853,61.625903174696475,weibull,29.253358878606594,19.94756435424934
18.79078833533582,uniform,49.85684610199333,28.846495259758306,21.906684538148294,exponential,18.764329723224648,19.252828875902093,68.13212081712734,bimodal,45.333680369748656,22.4399468737806,18.109540318313442,lognormal,52.119696540455244,51.842871700830266,53.118004322674516,beta,42.896050770238965,12.104143196653373,36.246374655776776,gamma,33.7525048295299,14.379864376882834,8.861033345114004,chiSquared,18.920258011283682,13.82949931690853,16.061032779962527,weibull,29.253358878606594,19.94756435424934
37.64903139269455,uniform,49.85684610199333,28.846495259758306,6.0174847307038455,exponential,18.764329723224648,19.252828875902093,16.836004048283225,bimodal,45.333680369748656,22.4399468737806,85.37819705927619,lognormal,52.119696540455244,51.842871700830266,34.512177618850835,beta,42.896050770238965,12.104143196653373,36.2667945792101,gamma,33.7525048295299,14.379864376882834,23.521503235268042,chiSquared,18.920258011283682,13.82949931690853,44.76444298102711,weibull,29.253358878606594,19.94756435424934
28.355548260172647,uniform,49.85684610199333,28.846495259758306,48.442024988656414,exponential,18.764329723224648,19.252828875902093,66.93672809756147,bimodal,45.333680369748656,22.4399468737806,110.96683046358717,lognormal,52.119696540455244,51.842871700830266,42.41446930441267,beta,42.896050770238965,12.104143196653373,51.14308463317852,gamma,33.7525048295299,14.379864376882834,24.13785472560738,chiSquared,18.920258011283682,13.82949931690853,37.0136373066026,weibull,29.253358878606594,19.94756435424934
67.27695480885207,uniform,49.85684610199333,28.846495259758306,7.512124939435566,exponential,18.764329723224648,19.252828875902093,30.28610192154469,bimodal,45.333680369748656,22.4399468737806,28.126108532729557,lognormal,52.119696540455244,51.842871700830266,12.326833339978489,beta,42.896050770238965,12.104143196653373,36.025969003190255,gamma,33.7525048295299,14.379864376882834,14.390123682173705,chiSquared,18.920258011283682,13.82949931690853,49.787825166593855,weibull,29.253358878606594,19.94756435424934
91.03267853198463,uniform,49.85684610199333,28.846495259758306,11.614251076782327,exponential,18.764329723224648,19.252828875902093,77.70979092346958,bimodal,45.333680369748656,22.4399468737806,63.03588400843254,lognormal,52.119696540455244,51.842871700830266,47.99308400998339,beta,42.896050770238965,12.104143196653373,56.70775550352965,gamma,33.7525048295299,14.379864376882834,22.3681464846983,chiSquared,18.920258011283682,13.82949931690853,47.410184005143606,weibull,29.253358878606594,19.94756435424934
71.66148490047412,uniform,49.85684610199333,28.846495259758306,28.22757896212249,exponential,18.764329723224648,19.252828875902093,41.398611518893,bimodal,45.333680369748656,22.4399468737806,20.14644470039465,lognormal,52.119696540455244,51.842871700830266,2.667235113537632,beta,42.896050770238965,12.104143196653373,12.702838457592701,gamma,33.7525048295299,14.379864376882834,12.076061700590412,chiSquared,18.920258011283682,13.82949931690853,74.96309899690706,weibull,29.253358878606594,19.94756435424934
26.9920798451155,uniform,49.85684610199333,28.846495259758306,2.92213410985882,exponential,18.764329723224648,19.252828875902093,15.516560313344092,bimodal,45.333680369748656,22.4399468737806,29.319563545662138,lognormal,52.119696540455244,51.842871700830266,34.732891075299285,beta,42.896050770238965,12.104143196653373,27.39386108966074,gamma,33.7525048295299,14.379864376882834,43.009508146906484,chiSquared,18.920258011283682,13.82949931690853,46.78995172578411,weibull,29.253358878606594,19.94756435424934
82.0119939955091,uniform,49.85684610199333,28.846495259758306,43.06936474470162,exponential,18.764329723224648,19.252828875902093,25.707856161244358,bimodal,45.333680369748656,22.4399468737806,269.22933972143375,lognormal,52.119696540455244,51.842871700830266,38.060712759344874,beta,42.896050770238965,12.104143196653373,35.9892609551609,gamma,33.7525048295299,14.379864376882834,8.5562355979194,chiSquared,18.920258011283682,13.82949931690853,1.562077793281369,weibull,29.253358878606594,19.94756435424934
61.03232603956541,uniform,49.85684610199333,28.846495259758306,16.892267983243578,exponential,18.764329723224648,19.252828875902093,61.94473062936495,bimodal,45.333680369748656,22.4399468737806,9.169026214184637,lognormal,52.119696540455244,51.842871700830266,42.997177327315036,beta,42.896050770238965,12.104143196653373,27.519852469489887,gamma,33.7525048295299,14.379864376882834,1.3515588426678216,chiSquared,18.920258011283682,13.82949931690853,41.195810868808636,weibull,29.253358878606594,19.94756435424934
4.719257382630571,uniform,49.85684610199333,28.846495259758306,9.445348277515915,exponential,18.764329723224648,19.252828875902093,19.155998049934233,bimodal,45.333680369748656,22.4399468737806,25.564396468665457,lognormal,52.119696540455244,51.842871700830266,48.83657932426499,beta,42.896050770238965,12.104143196653373,19.08049292833023,gamma,33.7525048295299,14.379864376882834,11.720935257708058,chiSquared,18.920258011283682,13.82949931690853,39.94706283641753,weibull,29.253358878606594,19.94756435424934
92.99602045345509,uniform,49.85684610199333,28.846495259758306,15.832031902320217,exponential,18.764329723224648,19.252828875902093,37.12585079358909,bimodal,45.333680369748656,22.4399468737806,48.012538781139476,lognormal,52.119696540455244,51.842871700830266,31.570503760869222,beta,42.896050770238965,12.104143196653373,17.108702981780443,gamma,33.7525048295299,14.379864376882834,6.644615670099691,chiSquared,18.920258011283682,13.82949931690853,1.0774960238190376,weibull,29.253358878606594,19.94756435424934
64.11788127269115,uniform,49.85684610199333,28.846495259758306,24.198877482899626,exponential,18.764329723224648,19.252828875902093,25.735976951373665,bimodal,45.333680369748656,22.4399468737806,38.56553461561117,lognormal,52.119696540455244,51.842871700830266,25.425251622962712,beta,42.896050770238965,12.104143196653373,23.694952775480264,gamma,33.7525048295299,14.379864376882834,10.404624224656585,chiSquared,18.920258011283682,13.82949931690853,26.851115827064362,weibull,29.253358878606594,19.94756435424934
77.34512140742352,uniform,49.85684610199333,28.846495259758306,27.223084070474176,exponential,18.764329723224648,19.252828875902093,38.91777285683761,bimodal,45.333680369748656,22.4399468737806,21.236546944459164,lognormal,52.119696540455244,51.842871700830266,33.7491737331611,beta,42.896050770238965,12.104143196653373,34.6910045276793,gamma,33.7525048295299,14.379864376882834,31.834495556082327,chiSquared,18.920258011283682,13.82949931690853,7.333762921719539,weibull,29.253358878606594,19.94756435424934
44.23838740562152,uniform,49.85684610199333,28.846495259758306,10.74487143821039,exponential,18.764329723224648,19.252828875902093,73.20058967987148,bimodal,45.333680369748656,22.4399468737806,171.27074930259315,lognormal,52.119696540455244,51.842871700830266,31.832919092429744,beta,42.896050770238965,12.104143196653373,44.14098857765103,gamma,33.7525048295299,14.379864376882834,55.23713294432351,chiSquared,18.920258011283682,13.82949931690853,15.191090649298136,weibull,29.253358878606594,19.94756435424934
30.39099183706956,uniform,49.85684610199333,28.846495259758306,21.350070829688256,exponential,18.764329723224648,19.252828875902093,13.16325686139654,bimodal,45.333680369748656,22.4399468737806,20.848042367431134,lognormal,52.119696540455244,51.842871700830266,31.078282386272942,beta,42.896050770238965,12.104143196653373,39.42203688902428,gamma,33.7525048295299,14.379864376882834,0.34728148964691036,chiSquared,18.920258011283682,13.82949931690853,27.28972282075469,weibull,29.253358878606594,19.94756435424934
78.62730681262065,uniform,49.85684610199333,28.846495259758306,30.625807114422116,exponential,18.764329723224648,19.252828875902093,9.716012599325957,bimodal,45.333680369748656,22.4399468737806,54.56595896780221,lognormal,52.119696540455244,51.842871700830266,48.033298387930465,beta,42.896050770238965,12.104143196653373,38.06913915470424,gamma,33.7525048295299,14.379864376882834,28.80826282985896,chiSquared,18.920258011283682,13.82949931690853,32.37186031952354,weibull,29.253358878606594,19.94756435424934
40.764525405261445,uniform,49.85684610199333,28.846495259758306,13.456301118071393,exponential,18.764329723224648,19.252828875902093,30.827585291019705,bimodal,45.333680369748656,22.4399468737806,110.78489716620905,lognormal,52.119696540455244,51.842871700830266,48.30410956583917,beta,42.896050770238965,12.104143196653373,19.903874151906802,gamma,33.7525048295299,14.379864376882834,6.675856036686872,chiSquared,18.920258011283682,13.82949931690853,18.172119022125862,weibull,29.253358878606594,19.94756435424934
71.61448400586349,uniform,49.85684610199333,28.846495259758306,18.61668621928564,exponential,18.764329723224648,19.252828875902093,48.50470714708625,bimodal,45.333680369748656,22.4399468737806,31.578426228183563,lognormal,52.119696540455244,51.842871700830266,55.013484120028814,beta,42.896050770238965,12.104143196653373,72.28761485890014,gamma,33.7525048295299,14.379864376882834,21.602206393925808,chiSquared,18.920258011283682,13.82949931690853,4.1320828962684,weibull,29.253358878606594,19.94756435424934
95.70989985987708,uniform,49.85684610199333,28.846495259758306,63.24785034155162,exponential,18.764329723224648,19.252828875902093,25.861058293111554,bimodal,45.333680369748656,22.4399468737806,40.50435598545538,lognormal,52.119696540455244,51.842871700830266,46.324867968491034,beta,42.896050770238965,12.104143196653373,26.417097549495246,gamma,33.7525048295299,14.379864376882834,52.10583905103553,chiSquared,18.920258011283682,13.82949931690853,16.66829057467399,weibull,29.253358878606594,19.94756435424934
50.73568880866877,uniform,49.85684610199333,28.846495259758306,7.1213508802009855,exponential,18.764329723224648,19.252828875902093,64.80479824815328,bimodal,45.333680369748656,22.4399468737806,46.76831741293864,lognormal,52.119696540455244,51.842871700830266,27.324238700434826,beta,42.896050770238965,12.104143196653373,24.08739358080243,gamma,33.7525048295299,14.379864376882834,8.031466967175108,chiSquared,18.920258011283682,13.82949931690853,22.832332760090466,weibull,29.253358878606594,19.94756435424934
8.571332440661783,uniform,49.85684610199333,28.846495259758306,51.937799193265604,exponential,18.764329723224648,19.252828875902093,39.40450154149521,bimodal,45.333680369748656,22.4399468737806,16.603063570198874,lognormal,52.119696540455244,51.842871700830266,27.722509280618972,beta,42.896050770238965,12.104143196653373,27.739634886857182,gamma,33.7525048295299,14.379864376882834,11.235732367612927,chiSquared,18.920258011283682,13.82949931690853,59.095102553333184,weibull,29.253358878606594,19.94756435424934
99.64568756430506,uniform,49.85684610199333,28.846495259758306,5.4430821359287265,exponential,18.764329723224648,19.252828875902093,14.94776195938006,bimodal,45.333680369748656,22.4399468737806,12.6289406802614,lognormal,52.119696540455244,51.842871700830266,50.65949120496405,beta,42.896050770238965,12.104143196653373,43.286706726996584,gamma,33.7525048295299,14.379864376882834,3.3073350975217597,chiSquared,18.920258011283682,13.82949931690853,31.308221511104406,weibull,29.253358878606594,19.94756435424934
68.2406266921818,uniform,49.85684610199333,28.846495259758306,27.75906389926697,exponential,18.764329723224648,19.252828875902093,19.871246595222413,bimodal,45.333680369748656,22.4399468737806,104.91594014079634,lognormal,52.119696540455244,51.842871700830266,31.358337248818955,beta,42.896050770238965,12.104143196653373,35.47290033088589,gamma,33.7525048295299,14.379864376882834,14.972045385589713,chiSquared,18.920258011283682,13.82949931690853,7.1263127767028145,weibull,29.253358878606594,19.94756435424934
41.015267809795944,uniform,49.85684610199333,28.846495259758306,20.973260889018327,exponential,18.764329723224648,19.252828875902093,66.05952816715383,bimodal,45.333680369748656,22.4399468737806,101.37045974625116,lognormal,52.119696540455244,51.842871700830266,50.32264554110662,beta,42.896050770238965,12.104143196653373,36.93282823719409,gamma,33.7525048295299,14.379864376882834,8.900024981403133,chiSquared,18.920258011283682,13.82949931690853,26.140309038759515,weibull,29.253358878606594,19.94756435424934
60.88202947811716,uniform,49.85684610199333,28.846495259758306,3.952351357870767,exponential,18.764329723224648,19.252828875902093,70.46521667865437,bimodal,45.333680369748656,22.4399468737806,16.154405696330187,lognormal,52.119696540455244,51.842871700830266,22.734637763152705,beta,42.896050770238965,12.104143196653373,22.894954334991617,gamma,33.7525048295299,14.379864376882834,12.480861382851998,chiSquared,18.920258011283682,13.82949931690853,21.43112266236546,weibull,29.253358878606594,19.94756435424934
24.80229705557848,uniform,49.85684610199333,28.846495259758306,4.8988712918298845,exponential,18.764329723224648,19.252828875902093,32.3911808416977,bimodal,45.333680369748656,22.4399468737806,112.35805381555807,lognormal,52.119696540455244,51.842871700830266,43.139713049789066,beta,42.896050770238965,12.104143196653373,36.75736034046246,gamma,33.7525048295299,14.379864376882834,27.105541065215,chiSquared,18.920258011283682,13.82949931690853,83.2392804450146,weibull,29.253358878606594,19.94756435424934
87.57159079393226,uniform,49.85684610199333,28.846495259758306,27.693701624580793,exponential,18.764329723224648,19.252828875902093,35.53270172399376,bimodal,45.333680369748656,22.4399468737806,31.250275356080138,lognormal,52.119696540455244,51.842871700830266,48.42983997658884,beta,42.896050770238965,12.104143196653373,24.941059557323214,gamma,33.7525048295299,14.379864376882834,35.80754106613101,chiSquared,18.920258011283682,13.82949931690853,33.157395917598194,weibull,29.253358878606594,19.94756435424934
73.21306539527508,uniform,49.85684610199333,28.846495259758306,6.688604967118481,exponential,18.764329723224648,19.252828875902093,31.72853778891072,bimodal,45.333680369748656,22.4399468737806,37.184494212506685,lognormal,52.119696540455244,51.842871700830266,50.89056903778224,beta,42.896050770238965,12.104143196653373,15.132071677816315,gamma,33.7525048295299,14.379864376882834,11.271776386974743,chiSquared,18.920258011283682,13.82949931690853,21.158382874252975,weibull,29.253358878606594,19.94756435424934
84.469149724022,uniform,49.85684610199333,28.846495259758306,11.946370723454587,exponential,18.764329723224648,19.252828875902093,23.060270796729178,bimodal,45.333680369748656,22.4399468737806,28.135025489297462,lognormal,52.119696540455244,51.842871700830266,44.9433607463556,beta,42.896050770238965,12.104143196653373,64.12713723022542,gamma,33.7525048295299,14.379864376882834,4.552008561973794,chiSquared,18.920258011283682,13.82949931690853,19.307633504578376,weibull,29.253358878606594,19.94756435424934
67.65741386163312,uniform,49.85684610199333,28.846495259758306,24.42016078022531,exponential,18.764329723224648,19.252828875902093,47.22850212112442,bimodal,45.333680369748656,22.4399468737806,14.423734209864884,lognormal,52.119696540455244,51.842871700830266,18.101686054104444,beta,42.896050770238965,12.104143196653373,46.30405442724112,gamma,33.7525048295299,14.379864376882834,27.35049304649854,chiSquared,18.920258011283682,13.82949931690853,22.660581688605454,weibull,29.253358878606594,19.94756435424934
85.00806038926436,uniform,49.85684610199333,28.846495259758306,0.37298223604580344,exponential,18.764329723224648,19.252828875902093,37.37263381598781,bimodal,45.333680369748656,22.4399468737806,18.939286714654244,lognormal,52.119696540455244,51.842871700830266,28.65346290470207,beta,42.896050770238965,12.104143196653373,35.47258583872532,gamma,33.7525048295299,14.379864376882834,27.296353007123024,chiSquared,18.920258011283682,13.82949931690853,34.849988700713205,weibull,29.253358878606594,19.94756435424934
8.223938618273575,uniform,49.85684610199333,28.846495259758306,19.691740233108185,exponential,18.764329723224648,19.252828875902093,66.17253910300477,bimodal,45.333680369748656,22.4399468737806,30.654060395432065,lognormal,52.119696540455244,51.842871700830266,46.23213073124779,beta,42.896050770238965,12.104143196653373,24.19706604803158,gamma,33.7525048295299,14.379864376882834,23.816244366036553,chiSquared,18.920258011283682,13.82949931690853,32.9286783247691,weibull,29.253358878606594,19.94756435424934
76.5330876461103,uniform,49.85684610199333,28.846495259758306,0.9721717155201917,exponential,18.764329723224648,19.252828875902093,43.83495038331476,bimodal,45.333680369748656,22.4399468737806,71.749266753734,lognormal,52.119696540455244,51.842871700830266,46.08065992636617,beta,42.896050770238965,12.104143196653373,16.997922216804675,gamma,33.7525048295299,14.379864376882834,5.005615564214611,chiSquared,18.920258011283682,13.82949931690853,24.302246771683567,weibull,29.253358878606594,19.94756435424934
66.82043876372386,uniform,49.85684610199333,28.846495259758306,1.5398498483259806,exponential,18.764329723224648,19.252828875902093,13.732903618755433,bimodal,45.333680369748656,22.4399468737806,31.78542267176531,lognormal,52.119696540455244,51.842871700830266,53.40856337384356,beta,42.896050770238965,12.104143196653373,17.61125995326385,gamma,33.7525048295299,14.379864376882834,24.974215711674148,chiSquared,18.920258011283682,13.82949931690853,20.902709564605946,weibull,29.253358878606594,19.94756435424934
74.1530710349254,uniform,49.85684610199333,28.846495259758306,1.8375938824416316,exponential,18.764329723224648,19.252828875902093,63.59484947090044,bimodal,45.333680369748656,22.4399468737806,86.04892452702711,lognormal,52.119696540455244,51.842871700830266,52.30365764586327,beta,42.896050770238965,12.104143196653373,12.937284352381429,gamma,33.7525048295299,14.379864376882834,50.87434287654175,chiSquared,18.920258011283682,13.82949931690853,34.36875726018011,weibull,29.253358878606594,19.94756435424934
45.309085241010116,uniform,49.85684610199333,28.846495259758306,3.110126749909537,exponential,18.764329723224648,19.252828875902093,42.06280213935797,bimodal,45.333680369748656,22.4399468737806,21.313333397496958,lognormal,52.119696540455244,51.842871700830266,55.533715566563366,beta,42.896050770238965,12.104143196653373,44.9285354924193,gamma,33.7525048295299,14.379864376882834,0.48225606058189596,chiSquared,18.920258011283682,13.82949931690853,12.649891195929177,weibull,29.253358878606594,19.94756435424934
68.80118819799783,uniform,49.85684610199333,28.846495259758306,39.44321128981855,exponential,18.764329723224648,19.252828875902093,81.51607498755577,bimodal,45.333680369748656,22.4399468737806,79.47037241062543,lognormal,52.119696540455244,51.842871700830266,39.427685313753216,beta,42.896050770238965,12.104143196653373,24.552579941015992,gamma,33.7525048295299,14.379864376882834,26.841662669604176,chiSquared,18.920258011283682,13.82949931690853,47.175603275481464,weibull,29.253358878606594,19.94756435424934
27.629512949999057,uniform,49.85684610199333,28.846495259758306,10.721627944223059,exponential,18.764329723224648,19.252828875902093,36.746094885785006,bimodal,45.333680369748656,22.4399468737806,178.5212318332336,lognormal,52.119696540455244,51.842871700830266,46.93326665921678,beta,42.896050770238965,12.104143196653373,16.702002914397966,gamma,33.7525048295299,14.379864376882834,14.50553186527567,chiSquared,18.920258011283682,13.82949931690853,51.80753928070261,weibull,29.253358878606594,19.94756435424934
