timestamp,inlet_flow_A,inlet_flow_B,inlet_flow_C,inlet_conc_A,inlet_conc_B,inlet_conc_C,reactor_temperature,reactor_pressure,agitator_speed,reactant_feed_flow,reactant_feed_concentration,outlet_flow_1,outlet_flow_2,outlet_conc_1,outlet_conc_2
2024-01-01 00:00:00,7.7074409060729385,7.550724640421157,6.14936319101116,0.2278756962659894,0.38452826508834864,0.25436427183811006,332.3026342176331,7.714842480357409,175.62351979399398,3.3628563868514316,0.3211731090076847,3.2673465287260757,0.5,0.34835248556113774,0.3622577379986665
2024-01-01 01:00:00,12.567878196810614,6.863306141027922,11.074477832496653,0.2006183628911393,0.3467855083536574,0.4205452417004793,333.66047028991255,8.261041204141012,205.09771940398346,4.967410374829894,0.33451026408923773,3.99802778786907,2.202774832686062,0.3665632015940817,0.3161847273563474
2024-01-01 02:00:00,9.999133029870144,10.293849007152495,7.287361047342493,0.3834090088912437,0.4196351811105619,0.40993831220458277,334.8775365279566,7.693761524566624,209.22138560190305,3.412835243846878,0.4376911932491985,8.413575198211813,2.758389627043769,0.5071676270671577,0.38803447609207303
2024-01-01 03:00:00,9.310363468152916,7.476603140593098,9.199021995564769,0.4665049147114983,0.5086294778126998,0.18860512208452124,335.2863211033241,7.657029258584787,190.12225984185562,3.1909671094178464,0.43512042505387444,2.435630205983705,1.9143398860857586,0.5230364676497894,0.3664809526943295
2024-01-01 04:00:00,9.916515306240905,7.365670426120395,7.0426846369608205,0.16395396151297453,0.48096159241633885,0.20968599783860345,335.531117649136,7.874484395311559,173.89636703742036,4.289581888574032,0.27896983563677946,1.6878598395970972,2.5143788690717774,0.3758958067999969,0.2916592148187765
2024-01-01 05:00:00,10.973681175296807,8.43833672355625,7.498019411057666,0.49242045601894346,0.2914696247318706,0.2272696704915479,335.96710839713455,7.789304666082396,185.09755118709126,4.817199449244036,0.4665639487204402,7.602648953562613,1.3922896062327825,0.49978574121288544,0.4241271665626459
2024-01-01 06:00:00,12.303923672445423,14.051711126793933,6.571088657305735,0.19681220527409093,0.4783609089379578,0.39090365873102256,333.35591853536175,8.033920131747657,209.1173160509362,4.276929035993392,0.3417676678085246,3.5020717743294254,1.0186277414320757,0.3770486295673649,0.3351589964724146
2024-01-01 07:00:00,7.818209133809493,5.299383580276013,7.679717194266289,0.2121660239193176,0.3046764511317797,0.4712940145575457,331.8029153652333,7.991463601831041,214.30294616195923,3.70380502354484,0.3418953236678942,4.330387532323853,0.9702599391279643,0.39670178760417174,0.324419978031312
2024-01-01 08:00:00,7.683165395510653,10.337102769973182,7.6902910064086,0.09155440681826733,0.17474501012666493,0.6702944454929475,330.38795133648233,8.19445466640002,241.73978807125098,2.8152510204611567,0.30594064823966954,6.426078652141809,0.5,0.3720982729511487,0.280745733498421
2024-01-01 09:00:00,13.871626904985979,4.362223225940815,6.122455263306515,0.6535869399504189,0.4528918601567046,0.7199900835645551,331.0230595895636,8.567106664205676,250.00675141372994,4.8949563526443125,0.6901897483778499,1.9399998128779865,4.414517359954534,0.6940773932337729,0.585430918829518
2024-01-01 10:00:00,8.945748475270141,8.45532651839893,6.995020486840341,0.26856494594492925,0.45865832712331267,0.3102612296112021,330.80422623357333,8.522679818016611,202.22275564120392,3.295749120011641,0.35182330758273606,2.9522883750701348,1.8913451561154062,0.4280224902394954,0.3301480203867586
2024-01-01 11:00:00,6.6404378174465775,12.852776495693645,6.444101656685206,0.2174493082350571,0.23055916915520325,0.24540500549006516,329.89813336348726,7.95588119317994,186.58388082232085,4.13325047175198,0.307058038764133,6.230309137356788,0.7859399066835231,0.39582904937536867,0.2917679073974413
2024-01-01 12:00:00,10.976205304296373,8.925088188311184,11.910894506204468,0.21759178324429918,0.3991425182415176,0.5998754730332759,331.14510429071595,7.870879217479643,229.66701474458787,4.601165659262758,0.39191832394642817,5.85046359219708,4.475736745780938,0.4772173583737305,0.32105095836912145
2024-01-01 13:00:00,10.830843326932834,7.923087195538923,7.050499002405367,0.2725426674947173,0.15617029969594978,0.548355915793653,333.07335609719803,8.173699205314735,209.88746780671232,5.226832632853614,0.35734029782452037,4.849836691101826,3.7961689446874503,0.40035455059510994,0.33070810096560377
2024-01-01 14:00:00,6.087795870339114,6.167927460641361,9.79172466375431,0.1488749778851623,0.6994124212837274,0.582440965722667,337.1609336587465,7.731113928164513,223.72230767773607,3.449101353762344,0.5092032980822675,9.060942668166144,0.5,0.580964165551361,0.44482677749565813
2024-01-01 15:00:00,9.814194500124767,7.345644481164198,6.540817404124673,0.3677034847729044,0.2598252222154418,0.7036974768885472,341.1184161929315,7.768266182034447,245.12171247803028,3.529628952006804,0.44549125080556196,5.58109582333986,0.5,0.4409547614461325,0.36225503278129184
2024-01-01 16:00:00,11.178340974717706,6.632122457010421,7.333202598825482,0.18475982404581218,0.41469535275591235,0.34821290554727613,343.48763248488666,7.1669284246211475,206.07784262259193,4.513041642420402,0.35622871515210214,7.938039110841881,2.0411945086881533,0.4020353373340308,0.3615069655812308
2024-01-01 17:00:00,10.03496838659171,5.546944527352298,5.011514244035293,0.3254653938401151,0.42224986428766187,0.3725104488430639,346.5081724789221,6.8688784879864935,214.98805533736933,5.453612539211164,0.44168019697377553,11.224068893709937,6.490832170628498,0.49494891384776674,0.38781440444161946
2024-01-01 18:00:00,10.771427891448237,6.478406740502363,6.35718619456926,0.2911977083021033,0.7187271928696088,0.7171377472981127,345.2505969126593,7.242594075117753,244.7158141875064,4.67111614923037,0.5719298136425048,9.098443509791872,6.1792771125855435,0.6019439134957463,0.5420996247088472
2024-01-01 19:00:00,6.117276556117169,7.581353119121306,7.278566208475329,0.11340962223288191,0.13350340230784244,0.2639830863384571,347.10406548554346,7.4602371275614265,189.8934605534541,3.2632905076779744,0.2025515896560408,8.61141396559418,0.9823272072051865,0.2929070674158143,0.2618234574224603
2024-01-01 20:00:00,10.042044352528826,5.59577806955622,9.973676761646125,0.21017758194626146,0.7804498495168748,0.4877343321578769,349.3599315860736,7.309539612520805,229.34843837826276,3.3531091683128182,0.5522033155206889,5.299167519146501,5.455266635486373,0.5599819276138599,0.4681213520950977
2024-01-01 21:00:00,8.532010492860175,5.57702043969699,7.264309639065387,0.3245361432690909,0.6429320738842359,0.8294460874162011,354.913701327577,7.151825308418525,249.07021282446476,3.0641367151154006,0.5836512827039682,9.043227890368051,5.603083890163801,0.6453848060040019,0.5414112725439971
2024-01-01 22:00:00,8.260339877220208,4.728308999811354,9.818403057507375,0.3879969516585888,0.48266876357977795,0.4645302277818452,357.1346840818351,6.728293772151426,215.0467325992388,4.07731518077967,0.4870320854567047,8.342641145001577,7.9217938641841545,0.5208832590363485,0.4668115624319985
2024-01-01 23:00:00,12.314808792183067,8.3988912666546,8.386171476606966,0.4077299560230956,0.5129799356232073,0.5019359541318416,356.49369552988185,7.138076682174301,216.8663350088675,3.97272734132956,0.4976508955160248,6.494595629866602,6.91810173372977,0.5202014751430873,0.43185496521302813
2024-01-02 00:00:00,14.917629597785236,8.95964616441125,10.46229087414298,0.5186954927500591,0.44953606042254407,0.3901206536126827,356.51996162832626,7.3299458693963055,209.74561931865537,5.228646166302248,0.5237506100191538,9.690980682632226,8.984075537931947,0.5973149162519992,0.4328427845035338
2024-01-02 01:00:00,16.63609278092856,8.226299874458478,7.045776347965574,0.35244036922087885,0.23921052171313262,0.4880444728937292,356.6856230324264,6.952153085658647,218.5545305403111,6.4221003214740175,0.4367677999194774,10.202963717346435,7.757820074966136,0.5009871341401799,0.3513836193316572
2024-01-02 02:00:00,14.825093710938173,10.546566401181193,12.39959057036225,0.027129301969999728,0.4996546263824311,0.47419357912192195,356.754443146978,7.26986559944376,216.32974859677483,5.54486439351575,0.30914336657268543,13.91817806193436,8.440465328305043,0.39622662643927486,0.33328178106435336
2024-01-02 03:00:00,10.110640997475349,8.05778476300427,6.4737398147411565,0.6063485027286635,0.5301370425439282,0.2556770245784488,357.26790107602915,7.210226315138083,197.32913735458942,3.2906560432187537,0.4863133776249777,7.7591617104427995,4.126085428935929,0.5466296287924749,0.40480485063384086
2024-01-02 04:00:00,11.651632005934495,8.95861570544595,6.167372739222199,0.2614062191858772,0.5919606524177939,0.4475703546846459,356.1315471333066,7.249888678632113,201.5180297823515,6.267933578116319,0.4600933658905783,8.586785996677403,8.33586628184705,0.48328934135607005,0.4309730960468057
2024-01-02 05:00:00,13.188688088888979,8.754497024769602,5.799878232937886,0.46464462217850083,0.3482954923397546,0.41706813818737887,352.36427151111474,7.352800409559621,205.42063749086924,6.157657323587814,0.44110763221685534,7.902960520373853,4.134440186784989,0.49801742914456915,0.3875275313513504
2024-01-02 06:00:00,11.042549214768266,7.724413312400198,12.708646376820678,0.5021772484475218,0.4479197927167872,0.23504951464197613,349.7703853752825,7.523087403143957,182.54858610245304,4.991906961353193,0.49406604722870034,8.088625429897021,5.23988499442753,0.5066438339801321,0.40847720199850185
2024-01-02 07:00:00,11.053074578655375,6.693966141053892,9.225595735961999,0.3868280766606371,0.3549845922190904,0.656042272972503,345.28351329068107,7.290960451120109,229.52493454922362,5.32820766118133,0.49612671437894473,6.01247178071716,6.273098005191655,0.5332977408379235,0.4270989041125221
2024-01-02 08:00:00,13.33304531153151,16.00895140020818,6.866646596252935,0.2728880933945255,0.11793573107399764,0.9203107605857008,339.09943599336634,7.715810202455347,227.90376324723692,5.270831899844991,0.47382122743423694,6.2467450866517575,7.4859531972341555,0.5019151031226593,0.38276715599265326
2024-01-02 09:00:00,10.299814098409849,6.753331134061929,9.699158688481608,0.43191179709718575,0.5557145352576014,0.46494991154231735,334.07089666526963,7.530923633388025,208.85462531399403,4.7772138023552255,0.4929186481241845,4.786254149897677,2.0442051255840235,0.5517119706491029,0.4212473894663122
2024-01-02 10:00:00,8.414339467695902,6.225552700151839,8.559005200443787,0.16767488272496836,0.20417925294417238,0.7280329323400043,330.5677851790499,7.995085389212379,223.95250256243924,3.3556151744052887,0.350840323715352,2.6697953279580737,3.3127834393504365,0.39559989808334267,0.31871616044901907
2024-01-02 11:00:00,9.031088216276233,8.718995882716365,11.048750662116209,0.2797824543945777,0.2750321957762287,0.2379960042262361,331.61162517839597,7.998957397738395,176.3876847107405,3.1784593666517154,0.307947182126703,4.860550908308873,1.3478131855610174,0.39070774563710076,0.2957987233497099
2024-01-02 12:00:00,11.882781834949629,8.091511453014869,5.03216400778953,0.23743135670867885,0.11947555563939824,0.6032585715517532,334.4661268135693,7.752986245923446,213.39728822767282,6.484995254529704,0.3047166833178869,6.243087033619807,6.4036793810011545,0.35287451969044953,0.3034820595660557
2024-01-02 13:00:00,9.765585173292232,4.683634097356248,6.7470520156097,0.44743739472420574,0.24067835211535155,0.49034123117345746,339.1887321341032,7.867014114758347,197.66920677108703,2.543020373945816,0.48871308310354417,0.5,0.9400681203088168,0.5286148947263923,0.3939527022332561
2024-01-02 14:00:00,10.534504811893427,10.351864287054152,6.30499797775166,0.5279140325704025,0.3759218815752108,0.6026265408838145,344.24818640440657,7.942409787546878,215.54797723409968,4.726984154413265,0.509379946721405,4.551082825002885,6.063581144100526,0.5569481263369683,0.46662257354241915
2024-01-02 15:00:00,11.367011804393714,6.9178796357360035,4.606429406878554,0.3610715380255984,0.20158223810793235,0.2973362893201217,348.1449035178918,7.6340430109602,180.27415410832043,4.384438405587803,0.3876650331106953,7.135084457104954,4.541672941278874,0.4245940360499749,0.3482469400266995
2024-01-02 16:00:00,8.376510886556897,4.9439108616316325,8.800054129995646,0.3088896304784376,0.6872962575694839,0.3686682361862044,355.61869270687373,7.540173525351524,204.994585234603,3.9403016982204027,0.48704875240205914,6.202822795053759,2.837195964021834,0.5444212605081915,0.46648804697624113
2024-01-02 17:00:00,11.405100097611896,10.25074560789473,6.696474116063083,0.21231804440348714,0.13794991172387863,0.2032985088824184,358.00211696308963,7.867896170900181,168.74954269864546,4.575717734051831,0.23545074811448619,6.165514330871151,5.593444015181003,0.34937634618793906,0.25930240473058025
2024-01-02 18:00:00,10.232989044341412,8.54080842998621,8.286376804806403,0.35270186295974204,0.3714186795176653,0.26310354901315103,358.93854152174964,8.190580427424214,189.77829746032234,4.260899190765645,0.39533584682995293,11.583589166093326,8.024565779218127,0.4613443938157675,0.3663701885663078
2024-01-02 19:00:00,6.531022279033384,4.675266147916858,11.578295441430333,0.3007745900424755,0.24767312997409402,0.32524058034189995,358.4311983991595,7.4567730688974425,195.94120930472454,3.362356945710172,0.35312784642748646,8.597729533482038,3.052273201023233,0.40333921571703124,0.32584686273457486
2024-01-02 20:00:00,13.932613919372903,12.45787745010005,6.6014529206016075,0.47445153520011235,0.37433931720671565,0.4275369198701491,359.77816796604037,8.114915387517902,224.1923448288128,5.6345644161325055,0.47555031788745006,9.147264199114987,4.021924459941401,0.5292517579513348,0.436300094707967
2024-01-02 21:00:00,8.189761226076275,8.802772543682918,6.533827808477409,0.7869480746924699,0.4774287553880636,0.4777175374341924,358.9949081677076,8.106994571865318,235.57870982308046,3.8688410549038585,0.6877760889746595,8.675900784557951,6.391537522819682,0.7079591321182511,0.5635715197801858
2024-01-02 22:00:00,6.025319773720141,7.204074936901106,7.235145316911212,0.611274801734027,0.45848698404912047,0.40885874865715277,359.16797529491816,8.038199254249719,212.58990895307429,3.178502703253789,0.5939508899055627,6.409973666033699,1.8712700270895088,0.6021827899657574,0.5159428299230959
2024-01-02 23:00:00,7.282062466284453,12.21271519580683,8.787729982017098,0.11870512631819417,0.5673263201121264,0.3952413800428586,359.4239460258592,8.149842865413422,197.33158387635802,3.1776709729461676,0.33076850224498544,4.751095503092252,7.66736305032294,0.38228709625913315,0.36896517769405557
2024-01-03 00:00:00,7.4760374351574415,7.855370369114939,6.456204658096132,0.5133553134415596,0.7283113482439139,0.2085366685844892,361.38371986614476,8.004071200384661,192.92771896828134,5.203868855254425,0.5525087219106932,10.58533592645668,9.135114289824102,0.6114976546228428,0.45766881437295553
2024-01-03 01:00:00,10.291660005507456,7.52051299224204,6.2208923813165145,0.08991406304003435,0.13640334725088388,0.09228902956229834,362.85229594232476,7.734076307437696,160.62715003486443,4.5346113969432515,0.07335372335567109,9.600692789284599,7.75927821714218,0.22736460066682748,0.16507249862574816
2024-01-03 02:00:00,9.558774520023764,6.236674178087728,9.13334561522674,0.09856029124054747,0.5113061240845249,0.39461210466427077,366.494062268937,7.81346467508264,190.59459170056172,4.125463005053851,0.27524389847653297,4.5735248088373766,5.917736973177474,0.40659179584673905,0.3152213742648986
2024-01-03 03:00:00,9.529688551885002,9.401340999540068,7.833063411809943,0.46550424881187313,0.7065037521517736,0.09063037069761429,369.0581622817487,7.3254361298735375,172.08158836789542,3.771153827915243,0.5006792490464829,8.000098589207072,8.626426695344755,0.5729435441223685,0.4376541616796739
2024-01-03 04:00:00,12.592623890025083,9.180963364584228,4.8448516785907065,0.17488025502655744,0.30818123109473017,0.34767928000172604,370.81741981961585,6.977446882349498,189.57715056199547,3.8423642096470987,0.2891774698127922,8.230262402338958,8.082193246387696,0.3507152275674254,0.29422922683179487
2024-01-03 05:00:00,11.719566087263972,7.970658999887898,5.77937293208467,0.16671114154221045,0.33532157237483523,0.6942114470005574,370.37950432450504,7.592225511921724,228.62207771769664,5.091434160908969,0.3657470214452264,8.422412601394015,5.6986356646897605,0.4729357762541595,0.35637343169419283
2024-01-03 06:00:00,11.661811152994943,6.177310893437104,10.563290969998969,0.553873935245165,0.3651547745881652,0.5036924092532458,368.0776489285299,7.679321870331341,218.96701356704588,4.29347281255285,0.5417101198517801,12.70406139553019,9.005451342612893,0.5994595043056574,0.4578043191399185
2024-01-03 07:00:00,11.934114496291006,8.28061375923722,8.316597098530316,0.09348620890137792,0.42607071388506795,0.4034181896987421,368.512153241507,7.786577453103755,206.90815363445964,5.092337853869967,0.2964055770237097,12.17199461066921,4.74953734532331,0.3375314992873605,0.30292805417580015
2024-01-03 08:00:00,12.543496422849408,7.727895746735368,6.288383974299775,0.536760986466365,0.24984991569510615,0.45711835545314794,367.0897675608856,7.725235159611512,215.93259621775826,3.4633377289724736,0.4626812572713801,6.57928999159571,4.901479799547064,0.49054256884095726,0.39433097111329185
2024-01-03 09:00:00,5.778170259710034,5.113117260247449,7.162938882690559,0.33421363307937885,0.4712946964755191,0.23662643499578923,366.5384515847636,7.357454356425441,193.18786842853072,4.104016286539723,0.34524906361758645,7.226625880757041,2.5987271132361265,0.42136557981212164,0.336132578564239
2024-01-03 10:00:00,9.26396693239639,4.835409582184495,7.205726934632574,0.610844801442561,0.39794300422184087,0.6280425874188661,366.9917367556811,7.363367060369735,244.8061243095294,4.327904484718154,0.551674312617837,7.23437429428437,6.059141076478845,0.6075431781468966,0.46694694841821427
2024-01-03 11:00:00,5.466793054593885,9.152747090298375,8.350911661198833,0.6024157128745923,0.620614646251913,0.7503369330629539,369.0994114061328,7.511582202771093,246.39537371390136,3.3845593821255155,0.7161103260659074,6.112756555476572,4.7764667691534415,0.6745238866252274,0.6094674217856503
2024-01-03 12:00:00,9.958670955851266,3.2727251956072134,5.389322218358579,0.4422207753067708,0.4367115232340133,0.28863645647301867,366.7302148978968,7.363671872105687,201.70335469495225,3.8117263774232404,0.43977237371143474,6.22290047638384,5.089270025318142,0.5006414939023914,0.4000333218994467
2024-01-03 13:00:00,9.63834778345385,7.915311635663632,5.9036202388096015,0.3389210307449404,0.765624878317513,0.42280315983156175,366.2536477699945,7.307820864776703,219.34326144546,4.603611742203671,0.5536821121511921,9.046041053371281,5.632435367203282,0.608814953473429,0.4917713778105007
2024-01-03 14:00:00,12.672014957549997,6.270517924404042,7.507829187075414,0.18694665288805104,0.30548067476202234,0.3753130086695621,364.67828333418373,7.46603752214446,200.2476028245667,3.3950795740151367,0.300909420104682,10.774307545181358,4.097852001418486,0.32497323950193613,0.30392429588527653
2024-01-03 15:00:00,12.950005243464505,10.971530256434146,6.9359293790790995,0.35970125476318854,0.720913774058111,0.43212690502192097,362.6771243924188,7.649690397962683,215.73149785527798,6.3220909380393655,0.5339606886291103,12.664966318964892,7.212595108212538,0.5937923192085522,0.4764307410614859
2024-01-03 16:00:00,9.687791498720031,6.108077235518618,7.921031922242585,0.7611427212271663,0.2050780440303995,0.16403638687591496,360.1714420211188,7.565488018720237,184.83629004193978,4.289119416313614,0.503722057172036,9.30154473427725,7.878274528307257,0.5586972484817333,0.41793430375607743
2024-01-03 17:00:00,7.879080711624728,8.786747958421152,5.277568196476402,0.4136568286920841,0.36317241599719263,0.07306911516540092,359.3671123486185,7.756949046659456,165.91060772317934,3.1708944626577082,0.36720511288660707,2.70926502118325,3.0661878142736483,0.4240122889439413,0.3500906306600529
2024-01-03 18:00:00,10.33759612410678,6.260264111196285,7.467715440447422,0.5745141849383807,0.501927913508957,0.5206986941021894,360.116107820414,7.738976336773564,220.75681870143904,3.1487902326491346,0.5956542829002632,3.47979427010019,6.2654546250419125,0.5975153539867853,0.4971161891770372
2024-01-03 19:00:00,7.794596108565982,7.397626194341954,8.64752713207614,0.4364081954689605,0.29503157595983237,0.29575529142133866,359.7799875976892,7.659531273971882,186.82340743979913,4.514510052965081,0.4021645172472217,9.757825627837489,5.9543558318313226,0.4479367394360398,0.37601021165969517
2024-01-03 20:00:00,9.09409094759663,9.100894205659172,7.468130023269725,0.2648822920929222,0.5143422159451185,0.33394289772897146,357.0085033869053,8.017302369940909,177.87405125285545,4.305542632000783,0.35950640896235203,10.460952628179824,5.951206140353733,0.38072212243844167,0.3241169853218421
2024-01-03 21:00:00,12.130137331466825,6.272372151067911,7.130636697267065,0.19814605623582693,0.3415670907294666,0.1524008959493656,352.4207755163061,7.682808430834116,155.20948725286854,4.737389630840659,0.29592979706088285,8.68885914083113,5.205655974651612,0.3701861516942139,0.3090753099496419
2024-01-03 22:00:00,7.994152886902087,10.151325302632014,6.73030066983174,0.27916736377647966,0.23185626537944795,0.6467597116637666,350.1536558501057,7.241008738482295,213.41254455087042,4.0360366597521535,0.45703001052325903,6.7307428011497095,3.364350692051728,0.49315953486380626,0.3950268107948045
2024-01-03 23:00:00,11.920318735115925,5.458628575098548,5.838581919067943,0.19554181307087148,0.44613807616922485,0.4464518889818291,345.83065941289317,7.407922010246511,184.77852062925578,3.3490644511674117,0.4226017614431319,8.687625480394145,4.672656749197454,0.4401212250949539,0.3684054781898443
2024-01-04 00:00:00,11.718099358867416,8.387663458463438,7.15688863949074,0.4435157504923385,0.19821771879025704,0.6930067489619751,342.53810262131054,7.3707989100796185,212.30978996107405,4.929165231764666,0.47617056131242746,8.59764766233365,5.384854443941048,0.5234819830125763,0.39209704135177453
2024-01-04 01:00:00,7.557587116833109,10.430957467358795,9.329172303004334,0.023215193774410545,0.42272542953744663,0.3087510480712485,344.2432462707178,7.095763038915981,164.2347670189563,3.946895880263269,0.22925817694822506,8.971416812962023,2.8227048969999986,0.31291359282010245,0.2379514610007555
2024-01-04 02:00:00,13.188207628713599,9.74233855343489,6.871930146687883,0.3769462094129222,0.3599103207918944,0.32721860638072947,346.6421229879305,7.536956317076334,188.93164150646726,4.8803980196487915,0.3936262041463714,4.5291428135836815,2.678092444138822,0.4591572596457726,0.35283103991968606
2024-01-04 03:00:00,12.380639483940781,14.762039302536115,5.921091026226992,0.26016413324147514,0.7110260742045883,0.156563929422336,349.8896285600094,7.515849065153507,169.49196633311522,7.117691214578366,0.4009338284495111,10.478109329339103,7.10945666318817,0.4606586800255967,0.3987274969555061
2024-01-04 04:00:00,10.582645143197391,6.328636728231707,6.50004266009285,0.6243473702520097,0.42355615017438086,0.6520281978903141,350.3984090239409,7.047461462917234,230.6850993313591,4.728729529711748,0.6284819284457767,11.387207151929807,6.671914887606026,0.654990639637026,0.5135032964262449
2024-01-04 05:00:00,8.355536500469613,5.234004868737305,7.761785548386409,0.30726827776763976,0.664001816334269,0.22978267185219858,347.9918486610308,7.763994934277561,193.20130870516817,4.244461952161048,0.4021734438418843,8.351699115697711,6.681242926483445,0.4951762332409325,0.32812519809578095
2024-01-04 06:00:00,8.138716977788489,5.939644027086937,6.79958840246033,0.4462107756022008,0.24259194053566913,0.3534691971381282,347.48613036635805,7.1768688907508285,200.36821210556047,5.673586014170311,0.37667294845441546,9.9450952373831,7.681723467452539,0.4330263315361109,0.35760563645049975
2024-01-04 07:00:00,8.86827320103968,10.08073352415934,8.305533498315361,0.412615895996755,0.7279787946303417,0.3449108711262868,346.6389399389611,7.364220446203978,207.3402159866576,4.564435154035291,0.5296373344479964,7.731298644715884,5.491678784800682,0.5837665784705626,0.4372348678674664
2024-01-04 08:00:00,11.891917530824431,9.528702367682092,8.274702214644163,0.30314638377045106,0.4939279012734976,0.34690044259229436,347.7057081901954,6.962901100886194,209.38535325898786,4.82181526994389,0.3067429513435705,8.524006335536345,4.823044818394973,0.41134122120723016,0.33182939378443754
2024-01-04 09:00:00,7.711678699520495,8.330867999399176,8.767893240633027,0.31583857365908236,0.31467614875120564,0.2580574559928178,348.31396997483665,7.207426566898118,193.96291109720391,3.2951342223969076,0.3480829832266459,9.352123234227841,4.227513862166521,0.4238841590807776,0.3205329584515817
2024-01-04 10:00:00,11.193245287849372,5.569505036472993,10.012628726288435,0.15053378355415017,0.38267312327387026,0.45539792352660763,354.8809032822952,7.10685148215429,216.39461077871118,3.8791887020744285,0.30797790787172924,7.3537467879991105,3.3084001548985915,0.4174628230975175,0.3124755990776952
2024-01-04 11:00:00,6.852629788126686,10.067711995851056,8.673861924350684,0.13937633514152392,0.48913078706829427,0.5943906517719231,358.5784929423157,7.290615262959197,229.02837268986426,2.245706754521168,0.4187458099504119,5.1718343269349,3.0215015523009923,0.44841539590185747,0.4190767789481173
2024-01-04 12:00:00,8.960811538307441,5.249298618233803,5.558965795729663,0.28827029862320724,0.5509870434123211,0.6158447492230773,361.9870136220962,7.477958416756128,237.01667130908035,4.138800273077396,0.5194496834404352,6.935318537449922,5.5301298724330685,0.5469967800374934,0.4788243514193436
2024-01-04 13:00:00,9.56267566925841,11.097623328929888,5.555435914476938,0.26266189469361995,0.2559417683031446,0.5965320723663458,362.3663790574379,7.8693369536081725,230.15664401877683,3.3518561067516615,0.4265867398603347,7.268554938323346,4.548734011052127,0.4570049579282716,0.3663343841616748
2024-01-04 14:00:00,17.991774107758733,18.859146142210367,6.848917683715055,0.3214291682108322,0.7171676503147161,0.022017658302045686,364.75662084003227,8.116371748160233,164.60103987147988,6.903241048150753,0.39172910707686837,7.957467900219431,9.22400131144603,0.4866054227498602,0.3281011378401214
2024-01-04 15:00:00,6.050666803593681,8.402907443127118,6.149044875215286,0.3178257454037345,0.27270018179602357,0.5196985425104794,366.5681946630478,7.124431862744001,210.36449303306634,3.31030030577302,0.37294602121612785,8.641450203288986,2.889471079650551,0.4341227931293881,0.3223615807491068
2024-01-04 16:00:00,13.227870769267746,8.930774938235688,5.150724277402414,0.5319494681540069,0.17059413805514506,0.09130260368476162,365.99290102840206,7.414574034542109,158.7824801531949,4.846185541732507,0.35180489403344567,8.073420268305611,4.108500456157298,0.41127355611599564,0.3768042213061069
2024-01-04 17:00:00,9.037727214861018,6.299340999439765,6.096219656091837,0.36328748419643153,0.30140255959126366,0.23618235706274973,364.4903373797156,7.317364211969363,173.50981275743635,3.661871553461159,0.37463688374362186,8.728094971677596,6.6967785680838965,0.4766861926318544,0.3323099581455764
2024-01-04 18:00:00,9.675329327849855,4.130013846789807,5.9104687684552015,0.13313840210724626,0.8094522720652911,0.4387883128811406,365.7005745398962,6.803976278319856,197.44395947213306,4.636428530838545,0.4031511953905167,4.322261079762711,4.551727919888739,0.5020193224750759,0.4187881126749796
2024-01-04 19:00:00,8.92262712927161,6.100414455240444,5.849704923787494,0.24614981948153894,0.3907830000289384,0.41819650397179964,368.3824071333513,6.758221818744701,196.8815346783542,4.598509839900669,0.4175166168902538,9.710652702163408,4.903181187235962,0.46859265131356015,0.37902968030060646
2024-01-04 20:00:00,9.843024075865106,5.25548901418964,6.251572554476316,0.4779510637083224,0.3746653151187558,0.5602878562165186,367.7011063217532,6.789241582184451,219.9410870159811,3.7107094743571656,0.5126504758699714,9.782774486666014,5.60282734433195,0.5266744070432238,0.431420173251427
2024-01-04 21:00:00,8.423938391817583,4.7460278560759,8.698527486673042,0.35117106215161265,0.5292067348176727,0.43518406866607207,365.85357858709153,7.271538988616775,200.06465340516144,2.787701865050227,0.48240456507321744,7.608852957568761,3.2547643330521625,0.5675134192928046,0.4341171945041244
2024-01-04 22:00:00,13.42475663317585,13.271902731564804,7.031513572189436,0.0836246965738878,0.4376655234880864,0.4070055039196874,367.26878894936164,7.712382905920361,185.81767071393602,6.0104169883043,0.25446778047964075,9.624771203638865,9.319294773182873,0.35607200744200396,0.28276682769571077
2024-01-04 23:00:00,8.00956555946237,8.480610458468512,11.929108436105345,0.3268104964128634,0.6335717269805565,0.6278937146020384,367.9266742241866,7.514426181570228,224.05230197289464,3.308174448696868,0.5043381760771869,9.189931344577259,3.191740158354545,0.5584288689467227,0.4767404755441504
2024-01-05 00:00:00,12.744409624884005,8.923662811823595,7.142651205085273,0.39948567310946487,0.2539303826541017,0.5573669881803512,368.20529396216097,7.6379521099724235,224.2658313803887,3.510080301212821,0.3949991093820699,10.364485800455084,5.783065210086708,0.46023969983196844,0.38835391552573756
2024-01-05 01:00:00,7.90041871546914,7.277302472846306,6.407449461521346,0.45593087061494086,0.6880588129806118,0.3850413062492303,370.25089793368807,7.157965256692815,208.35983341635873,4.004507733973709,0.5784116183390762,8.986224067561583,4.667037611470727,0.6011358121796967,0.4885703118672135
2024-01-05 02:00:00,9.468950671373246,7.717352908887469,6.908208838003164,0.4961675033811921,0.5725945587448071,0.20535993751243628,369.0096140782477,7.027511680357657,180.25819295447687,4.986105651798126,0.48782520484557707,9.430161186186853,6.5419624078447365,0.5400661149068443,0.40030219008101114
2024-01-05 03:00:00,7.238233527444215,11.250548060850061,7.73699223703499,0.415367020016622,0.03200165812275205,0.7804713278788965,365.61916161431736,7.29254933500955,239.26331246668346,3.7345217090169616,0.471855589015535,10.624022768355847,4.491623910173207,0.5062621480424243,0.3785913139218407
2024-01-05 04:00:00,11.220022267033709,8.2606417566119,8.065219424425594,0.044326243703575095,0.48130303352361997,0.12411440384062675,361.8798020280505,7.344671835059447,167.48935618011453,4.787742121165242,0.23394870673386448,9.726195125223581,5.928160071145783,0.3162844274291071,0.21497236645415999
2024-01-05 05:00:00,14.896420186337012,9.957874683087082,11.46611658887927,0.48135037965608,0.34949513600689236,0.7026302071608044,361.60404998482386,7.518889139155514,237.25558243072928,5.020902086301028,0.5674633923357484,7.642379408153489,8.90728582186367,0.599288215593882,0.48377377849875103
2024-01-05 06:00:00,9.737761305151691,7.915342262222825,5.876455773310556,0.10491480938966961,0.4848080026497116,0.3348423503848841,362.4762242805873,7.343503833637872,187.92301026792015,4.612923670488861,0.3031885004036317,10.238789194075046,4.494298282714551,0.38290811497091687,0.3162472107559092
2024-01-05 07:00:00,9.379844513946653,7.547469771099125,8.896346238143803,0.12963243990406778,0.21379849483688929,0.39299011857019633,364.0100401230032,7.456622161641016,193.81241714017943,4.955852049559188,0.260485611598056,8.216009309203173,4.834139186325169,0.3261741124012772,0.25875601614747606
2024-01-05 08:00:00,7.189148902509194,5.344020342347691,7.586932186737348,0.5306369145555704,0.6154965209878488,0.3259482403422383,365.1790651895492,7.409097666980651,216.65281866708472,3.0436660069014554,0.548008225350789,6.888513142975152,4.439772251142785,0.6248545767372266,0.44772395678454746
2024-01-05 09:00:00,9.086496339063562,4.4169212923506045,5.075038677567163,0.4451254113995507,0.6736547673546748,0.4432952916469333,367.74379816355247,7.651547203131234,227.58471683547955,2.5699176375582713,0.5654379081383607,6.600695995579247,7.525680510112931,0.6154596692546762,0.49223792839589137
2024-01-05 10:00:00,6.094333613153397,7.568003870473745,8.285584977583758,0.0810462607547203,0.2648628794072875,0.2857428824954313,368.22039643554456,7.785910137647091,192.9879089670115,2.2013551831408065,0.2419237954989749,8.220310673878064,4.634482248701137,0.3377091986190534,0.2555005202740451
2024-01-05 11:00:00,7.221419817696977,8.272253742442844,9.048995019438385,0.23255094024323864,0.4813320755184504,0.33483359442637317,369.6607247744572,7.895037601020801,205.7311269886074,4.487277605915086,0.45652821504888913,11.1875103883802,8.275247060353523,0.5173866798893227,0.4101240175525531
2024-01-05 12:00:00,9.714541900732664,5.308092809424433,5.546528391431376,0.42856046441914103,0.4857687999923654,0.44240266613383766,372.1249659032966,8.43016181454643,217.44852077176404,2.7650472609560106,0.5467959966712709,6.380487636439341,4.7476863303086,0.5474448560847551,0.4685730762557204
2024-01-05 13:00:00,12.890011078372567,7.81063012130157,6.936546362470822,0.35802459659298047,0.32007159306422067,0.45189223716105775,376.5433361964156,8.523409853524065,209.10319084220293,4.947206077861775,0.36863321988120507,11.772812611984332,8.968905645460532,0.4361265650693299,0.36440815039997926
2024-01-05 14:00:00,19.13980875603684,7.926770729313831,4.581122317421752,0.3325735669673986,0.4036982132035326,0.2485123120348167,379.3032267870775,8.767441386134744,177.15542045398502,6.114236137467268,0.3750938385618955,9.464695067886531,8.37919921614723,0.4238942852495333,0.34784715731940236
2024-01-05 15:00:00,7.2544267037353345,3.8631510090052736,4.952349749136675,0.1760337774457424,0.42925844216348386,0.5669028270926648,379.7705710461636,8.299763587140442,215.59306854929247,2.486710491842527,0.3768440934860018,8.448096472028448,6.281254291180773,0.4475429389776721,0.36348906874335124
2024-01-05 16:00:00,12.584217127518906,5.695565251814397,8.217931293327231,0.4364738483855068,0.3294837759148145,0.5519888852176983,380.0,7.753163469728896,226.8209316712969,4.289735335909985,0.526848646598488,8.774978846765547,3.9946464163259545,0.5723675119335713,0.42621285757851973
2024-01-05 17:00:00,8.923910754524817,8.649265703763039,5.958089437279096,0.44574121406842776,0.6623508313307254,0.30847065827368936,380.0,7.698621584013571,205.94057567168565,4.768568192589299,0.507364094535681,7.2634234644460705,3.725213187563266,0.5713400441001896,0.4528604042787699
2024-01-05 18:00:00,7.957094342557276,8.581474979434281,5.038447287487625,0.6592551617374992,0.42005684417123246,0.34294690434906216,380.0,7.552469251102101,209.99820002406074,3.0671078354547183,0.5826352830910544,10.476383427068182,7.607718871732563,0.6435189389312177,0.49632330342705616
2024-01-05 19:00:00,9.39109259279461,5.255635870128134,7.051428529593377,0.14966415213386733,0.5468749817661192,0.5226530580439606,380.0,8.020696221050335,212.93212980341022,2.9581924298633093,0.32877798968932925,5.730016023914369,7.48218122784122,0.38148741644412,0.34274341152064663
2024-01-05 20:00:00,8.535513592255743,8.05157149695494,5.9646545085954665,0.2628723964496783,0.4795310235214806,0.4729157031621045,380.0,7.615672354279906,212.18758742929137,3.6282541279517266,0.3754012255652252,6.714863536332256,10.619388076045333,0.43653093290226636,0.40959151407239425
2024-01-05 21:00:00,8.770209863451424,10.724043695307401,6.057125487377242,0.3397402202403466,0.24993316868272256,0.312105721020575,380.0,7.598044603364005,182.28303447110073,5.224160034617457,0.4230532819353203,6.2938580781102065,4.205157661503769,0.489866196318417,0.38960484976875287
2024-01-05 22:00:00,7.719843679253105,10.042766610957154,7.835601716456929,0.32026831088551894,0.5331405707654528,0.0756300813764923,375.0544513937872,7.809204693960084,156.61869881329147,5.2974855890426475,0.365033435494662,11.100035931779992,7.813251720067737,0.4549449491636003,0.33879007728004845
2024-01-05 23:00:00,5.971698209254374,7.7087303188057055,5.269330347921998,0.3734384113830508,0.38727307361420693,0.38212835112795757,369.2330822294324,7.610968654346874,198.34669279515077,3.0973379345241403,0.3991161141215784,9.41989260998936,3.3675789095719195,0.4415351037026207,0.38572988571530775
2024-01-06 00:00:00,5.858012384908103,6.948345103179942,5.619084560175951,0.20523478353569852,0.7064431338269449,0.2827777780039782,364.41223750158764,7.640230181607352,184.9680320306491,2.491659035316905,0.4191992188118934,6.775486971427001,3.2745187438278265,0.5030983215096989,0.43322382738755216
2024-01-06 01:00:00,11.06817661085618,6.699219918215495,7.196096684255678,0.27448013950401484,0.5511309693074147,0.49795061260588536,358.13968138143906,7.763663521335426,204.63492235355326,4.218152837142219,0.4204342473093761,6.285359657840841,4.634021847506076,0.5130939292840092,0.40395948708967633
2024-01-06 02:00:00,8.697516973359319,9.649859470521514,8.400647437878256,0.2046846567970709,0.7941113493218651,0.5652633491801088,353.36472003790044,8.005320234880037,212.7184369258819,2.006434665169029,0.5012729803801466,5.972044199717145,4.4509212175686,0.5432365390145828,0.4115662748101337
2024-01-06 03:00:00,8.084546992559858,8.947785571506872,9.16876543157604,0.6455026735250223,0.7140377256275755,0.7342283186518405,350.5916395520852,8.398110251754847,231.0379850835472,3.408529635029552,0.6912819112269892,6.159982183714731,3.1359711835607076,0.6719124900864172,0.5905342665241737
2024-01-06 04:00:00,9.695067208363621,10.373790599129963,5.932891824837159,0.31272211438504843,0.29734765371615784,0.17804599327582118,346.5233398891074,8.15685746363261,168.6774452035567,3.4234243979358867,0.301547348040116,4.496331152132081,4.106889389615153,0.38656774773473057,0.2795399620979398
2024-01-06 05:00:00,12.176694316883518,8.896198074192867,8.71009818197639,0.14922377648916774,0.3166846922729258,0.39702904477841316,346.8619223745462,7.893219203824401,186.72839960397818,4.814579718025017,0.29114949821407426,7.011756800482758,6.64476953656123,0.3761051496599065,0.26372655355091806
2024-01-06 06:00:00,10.278565487670612,11.104102603111379,5.9131473530738035,0.3194244040225021,0.16495686695867257,0.1952039269547984,347.64287909473074,8.197859549287724,160.26352007467233,4.724846764674456,0.3329000254332469,9.209756178494494,7.513600185085632,0.3940369715721864,0.34751059711687154
2024-01-06 07:00:00,8.111212873771164,8.790696911529311,10.369071837143855,0.11973055581682836,0.30597933820568773,0.3037791434654689,349.69377604963427,8.083367857256334,169.72591258635333,2.496370231046184,0.27704243815480584,4.768461640878218,4.965776014242587,0.3817693774375694,0.3176826437604389
2024-01-06 08:00:00,13.63442266191236,10.902298055279172,5.372001907360753,0.42505787905740616,0.4483309806833912,0.7971259866360838,349.0026765898399,8.287800947538477,227.27324288963905,4.1463847688540465,0.5930505817254093,8.108881095823293,5.734314139949107,0.6043063644263578,0.49163643293356074
2024-01-06 09:00:00,14.865324612674675,11.10767259832337,9.44969033242377,0.3445364099576611,0.43723171188689197,0.6489993940316642,345.42616720630673,8.66433873042646,220.844091457867,3.8386051171592426,0.4931574988841629,3.9086175687221707,4.571469481353135,0.5687004067635183,0.421410484436979
2024-01-06 10:00:00,10.79398968182201,6.422403986909553,5.905586532429004,0.3914063495289134,0.25485128600192203,0.11202750324136357,343.07107818203866,8.797775053041965,160.32094587484625,3.008575282038606,0.3617786604028502,8.170372474024473,2.279350648282649,0.4402555299128036,0.33084124672525983
2024-01-06 11:00:00,12.107090037904328,4.594110832610533,11.009869309391698,0.1640080968134374,0.4505240897091474,0.6124791226113894,344.5243201535784,8.680050752690942,216.29592542810812,3.9696439861334767,0.3743217475845275,6.192067037951131,5.326187820158624,0.4373799262970624,0.3482888931081545
2024-01-06 12:00:00,12.778629667108012,13.225855328302647,7.808855082312074,0.2516241641423036,0.5111528561467924,0.37623090591109626,343.6465588382002,8.16558199554656,192.6504055037502,3.8951483897795125,0.3777811048825829,8.272187436577992,2.500116753980627,0.4592456307699064,0.35688223603949165
2024-01-06 13:00:00,12.120883299141658,8.627680867983269,5.350131840496211,0.3139481443885324,0.4146226653892789,0.5611750539626205,343.11795736832045,7.798222246280876,210.24346254646494,3.778519579732688,0.4632851131926516,6.6280680530258635,4.00094386936686,0.532708034799086,0.4021277597303625
2024-01-06 14:00:00,10.278714157139218,4.524711425411883,5.993384790982185,0.1655176527455016,0.2596083157258521,0.46777313307101676,339.9966289074532,7.672352509730915,201.5922741647986,3.735172120509398,0.3063392811568473,6.52532985768972,1.5750187355286869,0.3940766156975094,0.3008757715873438
2024-01-06 15:00:00,10.05416629991362,6.152729125774711,7.648767218494461,0.2807724156701805,0.6177333917816188,0.21832342629475116,336.57025004044397,7.493081225930102,176.1225371821594,4.3870997868287365,0.4033034435729376,3.9371478772975195,3.4272853376210306,0.46114231572303244,0.340071688231175
2024-01-06 16:00:00,9.70269686689865,9.797856985253905,8.534471177293343,0.13032367531429706,0.48020027485718114,0.5836064618309341,334.07938132247597,7.562603952451955,215.17699602690146,3.740651173692248,0.3809665684740565,3.073129632404899,0.5,0.4152759743692397,0.3825364876580031
2024-01-06 17:00:00,6.118889636719204,6.951659354852335,6.455664731020473,0.345841995792832,0.4023474958594284,0.5160366434552264,331.41662802928283,7.485872363534996,199.97327578788384,2.6319758678677805,0.4901444782121597,1.151024624873206,0.5,0.49118126736312573,0.44843935763567055
2024-01-06 18:00:00,10.100811083130727,6.435872124587742,6.7346471623911075,0.4452591845470105,0.29963133877241405,0.45813106218033484,327.1147467876233,7.535589443739035,195.88957780842028,2.285431081096255,0.5008385029743556,1.9667823647888647,0.5,0.46666906408945025,0.4184630547020167
2024-01-06 19:00:00,5.702220551857011,11.886843222301854,7.5693130246676,0.04015482262192611,0.8351972759118629,0.38347415753132813,321.57402173691366,7.400321949365502,178.34447954382605,4.326512221464196,0.3894564247140297,5.235260929842961,0.5,0.4255191225251686,0.36913595444462294
2024-01-06 20:00:00,6.74007820898804,5.459710957749083,6.791404336407917,0.3227341991449942,0.5238721652581395,0.3351218524484025,314.27784173344804,7.449645904943441,173.62197367821705,2.890871794870388,0.3743385875901853,2.222796747002078,0.5,0.4209725641753039,0.3572488885971903
2024-01-06 21:00:00,12.315441791280467,5.965522592382138,5.001262381761051,0.11902411248124244,0.27295782471161734,0.4921922561770042,309.6740288487411,7.689800565766728,201.94534793179028,3.5012669390571123,0.27992325204784735,0.5249921535219022,0.5,0.3361552653419244,0.2850847237189506
2024-01-06 22:00:00,11.028170994610521,8.336876139035153,5.761829725037169,0.48100451824129453,0.46147145494432334,0.22472795497840528,308.1844509347576,7.674707980307167,184.14499768378394,3.5246284490336386,0.4351423141230684,2.349373216426883,0.5,0.49355642285843043,0.40554177078412584
2024-01-06 23:00:00,13.51230162693893,8.94829648241476,7.17728585094768,0.08508236649965001,0.49778511927506813,0.3147541868874124,308.2053330343324,7.862280698469522,188.8881744163476,4.192394276704807,0.3279986722153134,2.74468179612891,1.9384014319509346,0.3740991694480022,0.288507337675255
2024-01-07 00:00:00,8.449058436811546,9.389799907361299,8.953816261788518,0.28294945637679136,0.4138296499149804,0.4256729757265815,307.2071380029422,7.867130464646983,212.42736905360047,3.9185977213875045,0.42925626107249093,1.9969054172070295,0.5,0.4955753756286611,0.3936640220395537
2024-01-07 01:00:00,6.753276165213601,10.874539431809632,9.766637794688195,0.45836615307705947,0.4908850806647686,0.28767475075196663,308.97081621373064,8.146827576870637,205.74437965538874,3.9351702106404005,0.44289538624190933,2.5543660403498,0.5,0.4694587693796314,0.3793775570139068
2024-01-07 02:00:00,8.899716311657265,8.768575023675385,8.242845892570765,0.3382876157900453,0.24565930532934166,0.46143565429532374,311.8048067811244,8.272231266585901,215.05221666820322,4.568691959772354,0.3731778729917319,4.377858765932275,2.497662495010357,0.3997449951306074,0.3176162142151223
2024-01-07 03:00:00,9.969795765534665,9.72719405296986,7.5495633566066775,0.24319175574859944,0.35657002057511833,0.3522920199733303,314.17270612132023,8.396050854767925,206.95058659581048,3.698135815919802,0.30463146488716,1.0328344754712935,0.5,0.34735800763513613,0.3448977402679463
2024-01-07 04:00:00,10.04206110532578,7.715596600877419,8.374592877368677,0.12434983317752252,0.5114314262052765,0.4769250790051715,316.06036261701956,7.736797856253497,223.8612675208823,4.761108486861261,0.36953637024846603,2.692390105724318,0.5,0.429883279682213,0.39991156215092794
2024-01-07 05:00:00,13.614313686587506,8.5914262603486,6.007930998892374,0.2905836497758158,0.6604742345561774,0.4794673460502725,316.9152288771028,7.779671406422093,227.30561776934584,4.693042517689607,0.4844681391434524,5.131608256608606,0.5,0.5359026441615778,0.42282799201606486
2024-01-07 06:00:00,8.993618381607522,8.722756039429038,7.076286462326502,0.38086572873527574,0.3071555576730784,0.3262486760943739,317.9223789778541,7.6260572458240565,203.21957021390747,3.1925779679206343,0.42240463996652233,2.834814515766022,3.5553738782848043,0.44469015538692125,0.3756889026195397
2024-01-07 07:00:00,10.96880475212256,9.001335965117285,6.127527912581029,0.8189517230818413,0.5470029364688118,0.5518572906313471,322.6101776565073,7.406022161673207,236.69906981716272,2.19050104975259,0.7467066090889801,3.7057964409138293,0.5,0.6944596860034316,0.5744037689012081
2024-01-07 08:00:00,7.489317269746252,10.687372404472988,5.317701061791855,0.5214250010389602,0.6053413935124028,0.43184972052867926,328.13443604761693,7.875123686363775,220.57786542695408,3.192886070908002,0.5883942818754223,5.412336445114791,1.4216913197921799,0.6317811335638256,0.4827645402904309
2024-01-07 09:00:00,11.085251611636732,9.86908598600805,7.681890700094796,0.26553741895172145,0.5848153240958548,0.5676397537065935,331.78091609714085,7.95929168736204,225.0632171199536,4.924795634784898,0.42835443732270156,2.5137913458347048,3.5473175996323016,0.44870333986275135,0.377397332736712
2024-01-07 10:00:00,9.638437462629065,8.272523529371698,7.185282484840855,0.5794668971005447,0.3771177422685335,0.5458900804143753,335.6053724049118,7.372612173583234,227.9302575005797,2.6796502963460282,0.5506587989036558,4.752698581916304,0.5,0.5877945436069235,0.43732217890124575
2024-01-07 11:00:00,7.670569162631728,6.201102481125333,8.230879602641615,0.25251233105635323,0.8610051016156128,0.5525065003369852,336.4185676967939,7.595631230188578,236.23728692032893,2.8776482045518113,0.5770121265003095,3.145953527547875,1.0147081606482649,0.5769761672939496,0.536698876044901
2024-01-07 12:00:00,8.688799765890245,8.075713854364249,7.7201188080820895,0.3440758166850764,0.2971138550747891,0.3770136215023473,338.0010986778657,7.720235928174687,200.138785062677,3.285985462886901,0.37439873300569093,2.8529877569473974,3.595297393672084,0.4400280918372541,0.34655978621511246
2024-01-07 13:00:00,8.64411924525872,7.702159455479916,7.317718371923715,0.6078931075989777,0.44094319631166257,0.3416672984588072,338.0571128913133,7.508836619717597,213.04017087733104,3.8436077170417167,0.5001782389283964,3.931124101302486,3.034789038331743,0.5632549020847215,0.43106619074317765
2024-01-07 14:00:00,8.283975825601736,8.136109750265256,7.803199194538616,0.1610937607676928,0.3212323091345168,0.19829403292216002,338.53402655872554,7.357766892015324,173.1030568434436,2.7879243520827153,0.2851941355258,4.177933142187294,6.537805365035258,0.36979715128507273,0.26974063893592676
2024-01-07 15:00:00,14.441194309364606,15.278362169199792,6.805008858971497,0.22719816985880134,0.4268494208339538,0.28821812038200256,344.32835745997073,7.219315983073144,194.0273039806968,3.7520454807073613,0.3260455455922851,6.468362176244968,3.7042689688835106,0.3936704663291333,0.32440136516601153
2024-01-07 16:00:00,8.454295022247985,6.305310689904003,7.189069589683787,0.396092465851717,0.4216907251927317,0.43606554643437706,347.64451245819566,6.995237828812454,214.16122898710393,3.363326306886658,0.4943666448049606,5.660635295273921,5.899712243881103,0.5587236628621017,0.4027008269346584
2024-01-07 17:00:00,8.062003492092517,8.468550788236527,5.855549517857355,0.5742723161492685,0.2449979268463911,0.5552868832441844,355.2079387295649,7.118033548325073,228.7203622115062,2.4168648869338085,0.5325973210788638,6.810281121611912,5.833419661260856,0.5626883506041022,0.4379545310333963
2024-01-07 18:00:00,4.7930400314851855,10.375599877536695,7.15073848446025,0.3730511371902793,0.7153803426918187,0.7222681501013145,361.4642433896878,7.319293969949315,236.17441472564064,1.2540611372931147,0.5921270537104378,9.937722285480802,3.9431506440084174,0.6884798241414244,0.49548833624181277
2024-01-07 19:00:00,6.746836943125587,7.610438282774557,7.566136362849729,0.5468681720280402,0.7627517276452247,0.07764385332675164,364.56525371192566,7.4080867382606534,172.4629327755125,4.249245384409738,0.5756772110084588,4.781519561040045,6.387830527811738,0.5884431967094721,0.5019121310403526
2024-01-07 20:00:00,8.137649573411737,15.65857992919459,5.847756668579563,0.6624780530815176,0.481042323954296,0.11223280415570644,364.92219927529715,7.506102678564742,184.86356045595795,4.453644545642685,0.4897216061436818,10.168823676752226,5.38433218849013,0.5174061609206804,0.3876341667879935
2024-01-07 21:00:00,7.343224972305023,6.621625144235472,6.831017126172543,0.6769781473722982,0.3408288449870165,0.13903889667203553,368.8390359200986,7.50328514569448,177.6600276703029,4.24325795298175,0.5471922076859209,7.720335693901472,2.3835690661095326,0.6073666993619644,0.4340142154761721
2024-01-07 22:00:00,13.358546201820337,8.384009481149826,6.1098891036375145,0.4088573872999503,0.5848232431173593,0.6649113635411568,372.09797962410056,7.409766892422414,226.91369933435135,4.498088903834164,0.5483738724743242,7.536085763315324,6.825141552844967,0.5904122469270456,0.45123393100229325
2024-01-07 23:00:00,8.855011954247958,5.931334715339233,6.302546911267157,0.3971711388921921,0.37887623245683627,0.5653551615033803,372.5899386045318,7.13740609741278,212.02583423136193,3.4393138364581044,0.48951369773314707,3.546333363471431,6.286358937426038,0.5529709334199606,0.4234994022469486
2024-01-08 00:00:00,13.609449801634936,6.941459706524134,5.427525075338831,0.5785961057439233,0.5851399425061955,0.42575196098608536,372.28089051794035,6.885747525280982,199.21530687845936,3.9802131010476387,0.597175671967755,9.131429374908963,6.8532399544314515,0.61293482729556,0.5032556854419868
2024-01-08 01:00:00,9.871001672730099,8.530046291814172,9.64742417829198,0.19208382945673594,0.32403821798840776,0.3634739302012479,371.43514758781697,7.1816070511422,175.98680025662935,3.312144089525493,0.30540440117868123,4.935258439556748,5.713135202345287,0.389891090678786,0.3342741208530644
2024-01-08 02:00:00,10.006459772082485,10.459072078223876,8.969452308195082,0.24277621197848642,0.3784217174325229,0.5754270336864621,370.2803917101017,7.42131511416215,203.25779331699383,4.039257855118469,0.3873101778992187,9.554527241100491,7.713139541890944,0.4628043343954357,0.3719630229783851
2024-01-08 03:00:00,9.83008848403818,8.929459512664014,8.16854942414745,0.29929869361869854,0.3084702914839556,0.3011123353527225,369.22010354254024,7.498332009536171,165.24266231787988,2.9895963931985206,0.34095044070217134,10.489827644864194,3.8515130413856435,0.40766083059456293,0.3247812012265781
2024-01-08 04:00:00,10.226633769253217,12.156815491630962,11.10615586578535,0.42791279169400814,0.4929160751919274,0.16712750206423568,371.197412900415,7.483573406280337,160.99888494991396,3.0251427580721675,0.3985667859544171,5.040133895340022,8.3753768282152,0.4800413732947109,0.3736305000635054
2024-01-08 05:00:00,16.681298159009348,7.916075058474823,7.224348007430768,0.24497000869598834,0.42753084810476094,0.762489704817355,369.94584083261975,7.566961812202315,208.68147566007005,3.9386725875719777,0.5296191784610136,10.085473396029641,4.200142932579377,0.5311935628748891,0.4654246803745954
2024-01-08 06:00:00,5.4071342005172225,7.341495060846407,14.045162593407733,0.523877688764485,0.40498883853768397,0.44771488651410335,369.7442120580242,7.141709253066346,194.77464221554382,3.8530974684612986,0.5104617414614815,7.697652905670287,5.442854192971111,0.5659950126162178,0.4986704058928467
2024-01-08 07:00:00,5.905842604665157,19.332347497739068,6.804714502382253,0.30072549016163713,0.5783776262377041,0.27333483274168235,368.551563517262,7.060983075021075,171.4184865422585,2.7732541320678923,0.4506002365160888,3.3947593181502946,6.540622071440353,0.5361845453721901,0.39630805506967787
2024-01-08 08:00:00,8.83382698234768,9.166371133786638,7.7276558142183465,0.2070087518839862,0.39086625274831377,0.3718055989278767,365.8721448211093,7.1115754485679705,165.17026531031365,2.3120869587818476,0.3757737060469474,4.399023649582233,3.743565581727219,0.4145040677752287,0.3674506943605897
2024-01-08 09:00:00,10.22262244076434,6.350683967290897,6.883207700298081,0.15602470265006038,0.35656676330927106,0.6234551930069387,365.24747295270043,7.293817365272175,195.2663312609789,3.6596439578720283,0.38491612882855114,7.8738940099746495,6.78583034878909,0.4173701918463789,0.3904175637726004
2024-01-08 10:00:00,12.180812306381773,6.316118041069985,8.04966923289852,0.5283301360950822,0.42603325643281587,0.552486189650482,362.01065709925257,6.9030197596634375,204.31780294665938,3.1941075452952976,0.5545841750872087,8.144680214103998,4.436425102503661,0.6106665906327852,0.4672708703220543
2024-01-08 11:00:00,11.27240945669912,5.742391609264592,8.764811748968201,0.23294751724067303,0.6079498059145291,0.2984992463116739,354.55850608762864,6.805235687286252,166.6340145580042,3.756267230608948,0.40464212179868264,4.556144197763847,5.1236765226681875,0.43975908051099183,0.38183877019159823
2024-01-08 12:00:00,8.704789238763802,10.30052098170813,7.1067696206150375,0.28743089457067267,0.71055642111758,0.28449512743334804,349.17048803226834,6.829214717159837,175.87161569285286,4.141369044341854,0.46750068731086064,7.562688008031485,4.466811332834833,0.5333677691725321,0.40813144102602206
2024-01-08 13:00:00,12.654167605844949,6.676408334228042,10.674624997929667,0.08683721091336884,0.28929485458444415,0.6882312163030405,344.20271320337275,7.3628628525754545,215.06999736334456,4.093219323711823,0.3418526014016644,8.43036543873335,3.2075003546984604,0.3981508983220505,0.3446784828384394
2024-01-08 14:00:00,12.470190984260716,7.686478127726476,7.379686534818995,0.26245712166255664,0.8338823798309045,0.5248753051726717,338.29433547131543,7.055278275007791,205.28687068573223,3.1594405580604232,0.49028945210452485,6.919579116896429,6.778667822738062,0.518505589759049,0.44568492252384045
2024-01-08 15:00:00,9.690161268465847,7.126709805032514,7.286338940199905,0.11392156967476522,0.5047964762202177,0.5498780683371647,330.3977071268249,7.141821081535721,202.64863143157302,4.224512401813513,0.32248207682825836,3.27892405435067,0.5,0.41604388818387383,0.3272944777231431
2024-01-08 16:00:00,11.912150372163325,9.085343890582715,5.744878840422638,0.4124169725322448,0.3081511781907213,0.2891268883796092,328.15584627859255,7.344131171244064,182.29010557138784,4.242780571439208,0.4506490982756188,4.162677659621598,0.5,0.5031180508340667,0.36463852506546074
2024-01-08 17:00:00,9.753130390893547,5.440122861029656,7.6192692104749895,0.2062860154780703,0.4527410913355255,0.1584174049275456,327.1198340652889,7.249905300497715,158.15032525754174,3.0723203544953006,0.22871056589740885,4.30474300806589,0.5,0.3319455818850703,0.28817037631094244
2024-01-08 18:00:00,7.711610110954312,5.038214090373097,6.628504906757267,0.3598868954533066,0.22275569341889248,0.34637311003157006,326.5120840557451,7.4709215281083985,181.8139569449713,2.59441721010005,0.377762409749442,3.4980505606745007,0.8024500593959463,0.3808324932549545,0.35139303946436196
2024-01-08 19:00:00,11.019881524279707,7.644487977959138,5.884382384048344,0.04786631438548969,0.3744887082073282,0.4210260332472171,329.9110058593774,7.069707123313952,193.12291045753554,3.693164958188556,0.26973222731146934,4.986507809428506,0.8055229088318943,0.35315487482896,0.2553863309101962
2024-01-08 20:00:00,9.44099281047549,8.669653549335619,5.927107455433379,0.4633656710526152,0.5725424615050194,0.5886363354895947,334.9764354478506,7.019397628681591,218.9490577796213,3.0054901370824743,0.5769718347727616,4.415942034074355,3.8762455773744766,0.570023423997284,0.48129799540186496
2024-01-08 21:00:00,9.289955104788069,8.029122025725966,12.383152107553537,0.25299859493632426,0.6996756625043995,0.4399105562606909,341.6769592504015,7.804360929002565,205.5971696968232,2.132542123970315,0.4362122340303201,4.734962184331729,4.4504185149134345,0.4791044255611907,0.3700092564698443
2024-01-08 22:00:00,14.283056558293431,5.639640599443616,6.820247794666964,0.1469594152581443,0.21956055055843798,0.09836742942803478,343.9814034860084,7.874317115054011,148.3450260761391,4.31277774382923,0.2135326239507742,7.379682038639013,3.8411992697392234,0.31017326909048787,0.2523535099555855
2024-01-08 23:00:00,4.858854635389502,9.206068132001905,5.084057731324054,0.7295981784349386,0.18126316758937716,0.534718865763512,343.992736406868,7.9917715459275005,213.18330967203278,3.052043805623936,0.5851065743277877,4.307872012885588,0.5663526163244721,0.6275427687407382,0.4784006280121035
2024-01-09 00:00:00,6.628610982703126,5.930993845234346,6.02960055665342,0.2468207703088902,0.4186841091125781,0.41612288620326493,344.3951349460798,8.159471112180755,195.7307390614775,1.0,0.4655888029119515,5.918989179083644,0.5,0.4910870754359314,0.4099819934922507
2024-01-09 01:00:00,7.2193957936275055,6.4644156091703255,7.3319117279562835,0.19329934935770682,0.40256456470618457,0.2377858926712768,345.1749914218553,7.66275962386867,156.29948832668617,3.1269389119122426,0.3117786280941804,2.9876451150366687,3.607048398680444,0.35864277770992326,0.29226576419127537
2024-01-09 02:00:00,9.267022037516366,5.725218197192315,8.109673185483162,0.10034119609300424,0.5882079329827974,0.5044377452201761,347.94073930613274,7.431041409533849,191.3869850807304,4.427231904392868,0.4250050935478993,6.364823855771364,1.908653785480293,0.49598333173238823,0.39390333787744736
2024-01-09 03:00:00,9.708712872983543,11.880420431263564,8.206432101785534,0.2827479994191155,0.17521357991516512,0.822500878230176,346.7244731856805,7.487200128185307,219.73036126616012,2.7804947571866423,0.39567925645119634,6.150834404756379,3.0437820504915862,0.4542577215411057,0.3815737267878434
2024-01-09 04:00:00,6.921506370394829,9.678114614246578,8.702895445958863,0.4228430161628332,0.5047486716652598,0.6371667026673435,347.1831414569761,8.111530690430124,217.93982625571812,3.0171112628672634,0.5775756955591614,7.152142971890976,6.444122221067213,0.6099296584828464,0.5161809747349884
2024-01-09 05:00:00,8.075258218172177,9.640157224123609,6.642451711729452,0.2794270872731337,0.5640350389338931,0.6713210250021391,348.95401617865355,7.941498272807115,216.77664723539925,3.0219174290552213,0.5080623938272628,7.523354401306788,4.591853451444672,0.5692153189570994,0.473192463492753
2024-01-09 06:00:00,8.38790196581185,11.855434075771237,7.935872270124803,0.5313652430893968,0.8200618027144855,0.23478339472487594,352.2147227238719,8.036235935287941,180.53461164556435,4.811520610516693,0.5903173317098126,10.958611315021269,5.678849191132876,0.6633204145444987,0.4656302401565337
2024-01-09 07:00:00,21.203651445453357,19.51370987629372,6.109592104047781,0.36478571491419404,0.5443885056197982,0.4516707396401931,353.43708611179034,8.598566396770622,201.230711551232,6.057455037760292,0.49064929930789053,10.0543648389618,6.1375628292278135,0.5190003257840297,0.4358237798401451
2024-01-09 08:00:00,17.53295814059544,4.561569888207124,6.625154747420895,0.5255305219970086,0.25079764923748443,0.0767781732069079,354.5967080030885,8.161173683197521,157.55974400015765,3.3332133426598602,0.4433820590397536,5.429913946221344,4.949213634808756,0.4637034969864277,0.38411365694460015
2024-01-09 09:00:00,9.331867450622616,6.161866236713843,6.240605645046947,0.14116647007010208,0.3391601447348804,0.36273012118947406,353.35179204421155,7.93377885181715,183.29005631484375,3.2696833688219544,0.30468278502137025,6.379204059615366,4.041411291030076,0.3968831905562088,0.29630621619112835
2024-01-09 10:00:00,9.321600587713117,6.325360735102901,5.67527449652799,0.23101632134300787,0.30613892781755286,0.42040141796895475,351.7127647541491,7.577227931881903,196.4114696702943,4.827917851626527,0.32367560617805885,7.50462952627528,5.918988996872782,0.3944748583971019,0.2913602340861139
2024-01-09 11:00:00,7.351822271602605,5.779739760636641,9.03499317163772,0.2840612133560599,0.46680678431620515,0.5057721261617903,348.2818773933279,6.890628432504286,208.3843870305107,2.2489125577656015,0.41746967111678956,6.65505158144665,4.739778219687597,0.46604292877560344,0.362201000242127
2024-01-09 12:00:00,5.831761076830883,5.287764100890567,8.172095100887558,0.1910373624688399,0.7790829142402735,0.5066959470178104,344.1678232683272,7.268954174766221,217.29493994021422,2.3680845327609834,0.5089710240652187,3.318031398490966,4.751450003911021,0.5128067389080792,0.4850731115126506
2024-01-09 13:00:00,9.44324729748749,6.670658894713687,8.736034876853564,0.31129138662844935,0.313907703226708,0.491623128705749,340.3656411400658,7.297162926104988,207.83043360183606,3.588818972385433,0.4204520674317808,5.310830832828991,3.451031125781763,0.4768400971973657,0.3575535032473537
2024-01-09 14:00:00,7.242733520555015,4.896870842205931,7.000132468710827,0.09277361930043129,0.4162446043122101,0.2670513359945762,336.1229043384126,6.736953043588603,180.2751649241455,2.0440327794417485,0.22516329728821885,6.583716240825341,2.760667185356084,0.32334018509478635,0.25668336355594457
2024-01-09 15:00:00,9.201211153421584,7.936442550657454,8.440374943741308,0.4245079280426727,0.07160802685007273,0.3091830951421758,331.8279466078112,7.318789286801103,196.7044869509387,4.6644252743494565,0.3680028211869707,4.891438904779687,1.494392038820705,0.4094479100434633,0.32503138733247305
2024-01-09 16:00:00,5.94368575062568,7.1720971667055196,4.64053100680753,0.07180853005946758,0.7106110265509106,0.4007006725364969,326.135175346218,7.397461119886691,212.64304826191054,2.063946144638617,0.3523498940093895,0.5,1.9956898345627194,0.37254111845468396,0.341424971625845
2024-01-09 17:00:00,7.455546844162004,8.173266957175684,8.428031786895966,0.7973011461349168,0.6163000849524749,0.40660014547788126,326.3872633099785,7.746173677910681,229.27315114617164,1.88727506968713,0.7167720820359202,0.8947977824646838,0.5,0.7240930657388546,0.5566384208723767
2024-01-09 18:00:00,9.59417726153486,8.224459571223582,7.319224413659102,0.34602100535837915,0.5000675684393506,0.8831982382334072,325.4240949951591,7.849224922369814,258.15616079995357,2.8773117317174126,0.5451299219941823,0.5,0.5,0.558749629286442,0.48849035682566894
2024-01-09 19:00:00,10.225144500465364,8.49860235944407,8.037544232399403,0.4381172344621947,0.31491924746924355,0.6004150354736448,325.43152180599964,7.5679141587301855,242.44136739195383,3.970753001826149,0.4892043295305646,2.8131117952646143,3.2266020774911865,0.5351497843677431,0.4228228090187958
2024-01-09 20:00:00,10.457079612035981,6.259897311558009,7.4684788775489,0.3314507190633712,0.24479985344578886,0.28892683608220693,322.0530546495276,7.470069785729246,199.27509052566808,2.604168926813861,0.33272706019995496,4.486428609316365,0.5,0.3488444833296612,0.2973622653348827
2024-01-09 21:00:00,6.510110017209935,14.055551813672079,5.768757853519873,0.09807917300650405,0.3612249569989797,0.5397466624587597,322.0682104980658,7.341211398063212,223.51491012763688,3.569799382268917,0.37203739690434445,0.9304649603263888,0.5,0.41141637059565794,0.3502034019465915
2024-01-09 22:00:00,12.166779586682992,7.790675295877065,5.170096675550092,0.20222797479281468,0.6318459580888918,0.08022755247137497,322.7380182310995,7.644328377047765,166.82563952754631,4.00010766984075,0.349356405178454,0.5,0.5,0.39748822694779895,0.2927812025780096
2024-01-09 23:00:00,7.798778286789593,4.045529723430526,6.2122860657159285,0.2610122411166073,0.570363058561898,0.4011635584286264,322.6009344412936,7.034740836093554,211.205504008705,1.5287932698049205,0.46464507738192584,0.5,1.8506871269737584,0.489184708933439,0.4136027483049621
2024-01-10 00:00:00,11.879280617739433,5.416565223006894,8.01027311644496,0.47624062043058973,0.1756662577998835,0.22405486128139165,321.8938424637645,7.151529400370955,182.31667998490414,2.9492199801036496,0.4717428541276435,3.564871225229776,0.5,0.5042772673505566,0.3736581962791502
2024-01-10 01:00:00,10.11223928268232,4.347756566529641,8.310862711010941,0.10256348952581076,0.5964913654211457,0.43261524752997915,323.0321043311514,7.5048934650616745,209.14335297948978,3.3076616426582977,0.37153301954815277,5.169533768911792,0.6272488121782628,0.42348965632456154,0.3419042903134456
2024-01-10 02:00:00,7.019901400144214,7.746879944273718,5.595165523873845,0.44491518442688216,0.45275956961244795,0.43243201472889026,319.066086853469,7.740236183003432,222.18447813968663,3.30821014316546,0.5388152582413925,2.718363183057517,0.5,0.5507418265578697,0.4597377611082221
2024-01-10 03:00:00,9.584906580075996,7.5058485727695645,5.947974885569603,0.6401060894286764,0.2752806538704749,0.564594983235255,315.01093911991336,7.861814695208746,237.25323583887564,2.7340847662332735,0.5536983259520821,0.5,0.5,0.5529805318281036,0.44271195469215985
2024-01-10 04:00:00,11.727031181559452,6.785058857714254,6.293775145953658,0.2723551159314507,0.23124795285252428,0.49165499427153075,311.67231121830656,8.047254224815555,214.14574450058947,3.5593010244962375,0.4045404013053657,2.1776549809813806,0.5,0.4025877205191817,0.34957671349153546
2024-01-10 05:00:00,12.650857071819571,15.098054366861575,6.922289884567311,0.0208955525402205,0.6748856728818802,0.056796414166870354,309.17244593961857,7.668256023010763,160.26969666173753,4.031490824337374,0.2413538714341872,6.09782748325579,2.5611047853018465,0.2915245332095904,0.2710488445866584
2024-01-10 06:00:00,10.260991620464976,9.481601145436013,5.612248531821083,0.5131977303282481,0.43213481575757134,0.16720864834583302,312.70602204866816,7.9994370902282625,164.7216528656632,4.031354283032162,0.45581199208225,1.8921959392886822,0.5368773441296797,0.5126644404406355,0.3620271848214841
2024-01-10 07:00:00,16.33887413212767,10.021081395053693,5.625132486044163,0.19605431311348565,0.05081874598275508,0.3573143468665484,314.5871391838365,7.972974302895497,171.60292153265402,4.687662331587206,0.2657716221087934,3.527059720969522,3.0279601233124,0.3174295185766824,0.26979702685761525
2024-01-10 08:00:00,13.996224669377797,5.866326928546804,6.142031375817927,0.19978788759790245,0.5823904179337351,0.4848175787620861,318.3661843133131,8.126054421971753,204.5401637952157,3.3758831567698793,0.4435765017145812,2.515791702637551,2.5804949033032694,0.49462411292661784,0.4163366038879539
2024-01-10 09:00:00,9.703152683397098,5.690480359904294,7.740292088308897,0.5981163202649247,0.15189249720119266,0.3178846965701045,324.85401036290364,7.649706530372124,187.58578957230824,3.4613776322054908,0.419333555347381,0.5,0.6269278996439649,0.47136386461798563,0.38386787503082886
2024-01-10 10:00:00,12.656984148038,7.835961206414623,5.502264585638592,0.10536937785269948,0.21917750280611872,0.38542403506793116,330.5326640652279,7.302179536632525,179.1953447526626,3.3089028334944093,0.228016969671938,5.1189285319274145,0.7948745043497926,0.3296651024268764,0.29701940082617173
2024-01-10 11:00:00,17.298385259516667,8.073339926734901,7.111682553009696,0.05123181571430027,0.27126371542867944,0.33926227576379436,333.60614253682155,7.899902302656184,171.5824354347399,4.652677141604926,0.2479092317884349,6.65388571567311,3.767313003424321,0.33086080922167593,0.25506938188896583
2024-01-10 12:00:00,17.069317152800544,4.154564421003123,9.152912125020306,0.22770493998218255,0.6428974694923122,0.3686210502219893,333.99456823986253,7.549347448590613,196.88215273750927,4.416560883139908,0.4131857204588796,2.333665461823751,4.368121658281081,0.4558575660371125,0.3652152735372276
2024-01-10 13:00:00,6.842868176331802,6.996216125561031,5.217344473999708,0.7207124274498654,0.5705049657115437,0.3956056300087834,336.2355931730834,7.4577745778436935,213.77954875408204,4.511977755862123,0.6095272751327642,2.9059905029919513,1.1391583877863405,0.6307680745419263,0.5227596307245822
2024-01-10 14:00:00,7.295208095715233,7.34007161805702,6.584745194552135,0.1638943499516289,0.469436701126265,0.0350848010260602,339.86187939493146,7.611688076223864,167.24606078295935,2.529063745237909,0.2592579736950471,2.81016395331712,3.0380470477477557,0.361017963268539,0.27975924083014475
2024-01-10 15:00:00,14.074094293658636,6.738363639372202,8.701412245565242,0.37337743473230234,0.3217221347927161,0.6672114756706627,343.8283343454985,7.8548045008636125,230.85101322739385,3.7395038419863953,0.480334675546362,8.108715765501088,3.6233244213643716,0.47046273742489536,0.409780351876199
2024-01-10 16:00:00,6.805769965125572,5.513705640927072,6.4962988724491995,0.26819802911214985,0.42797184451924875,0.23498960833960655,348.5279689087867,8.138061008567325,181.64714912474804,1.9826363680723424,0.3556693172871315,4.085907382873656,2.7926967064452572,0.44897251080881106,0.34655253090563126
2024-01-10 17:00:00,6.258877277922835,5.986808502413298,6.112196026002671,0.3284306646463962,0.41874260818584086,0.31151339138968037,356.4741253405191,7.9410394513092255,189.46004407123638,1.6085453911582897,0.4127535210592033,6.839543918689059,2.9547190333197424,0.4604868207217091,0.4322695448939088
2024-01-10 18:00:00,7.8759033621094545,6.716988147709731,9.116567550767947,0.21511860666575852,0.4321299049658124,0.6557300851910124,363.5084034099974,7.684335001020371,237.07547093696718,2.5789289541187115,0.4447610934115548,6.2758048252019485,3.47580733129901,0.48969789547817405,0.41701061677500956
2024-01-10 19:00:00,10.164600086510134,7.343501427776574,6.551474801141924,0.19770840238631587,0.42937397581653247,0.18316292700762432,366.1277564403734,7.835500054893862,179.85358944789527,3.7964229234501694,0.28047002671634264,7.378620288948033,7.647532416160216,0.37313515014924376,0.31224859744412686
2024-01-10 20:00:00,8.840502516052448,8.724352816474468,8.785733424605393,0.35562059077010433,0.5101788168894241,0.16237302099225515,367.812360754529,8.110615582724904,195.01550773112388,3.879368031820458,0.3840975690382321,8.73077484946368,5.134762086514706,0.46212103305147195,0.39108580485581157
2024-01-10 21:00:00,7.67077046479124,10.278418763404455,7.759469757231677,0.160349822908153,0.47738855508486433,0.4927359636855247,370.7200118550325,7.532359718927502,222.1330816256222,3.4538408964286478,0.404200901309707,7.999522166880063,7.585446305779811,0.43697386232620117,0.4386037318838672
2024-01-10 22:00:00,7.737718470594931,6.716152420465982,6.29782997143008,0.4792783842152646,0.2849049632568622,0.25541478917961624,371.878882198086,7.735523581781083,204.35915198147885,2.5526825598688556,0.40750021153038724,6.685206042582928,5.399042791979227,0.4775238094698621,0.3779840799360341
2024-01-10 23:00:00,7.792798233409761,6.483178629915376,7.6557713894013055,0.1662389859943119,0.5169833270643723,0.4063362437896677,374.56464714442404,7.162334608195818,214.1826603920737,2.4423378466721295,0.35690546543212626,7.282848795650558,3.0785660982712195,0.4429141954103992,0.3818987459519726
2024-01-11 00:00:00,7.5776226886329106,8.780576765857216,7.791273536637041,0.6951202285097949,0.6519647779628257,0.3234399239023157,376.43592343785906,7.592181921699659,225.94249251913618,2.3177848049518035,0.5962725328296051,6.837689569304323,5.321931676105134,0.6025227287253824,0.4929350242462341
2024-01-11 01:00:00,18.70425221600887,9.440450732665958,9.155455719453766,0.36921312134560474,0.46499213799324335,0.5933055024687437,377.9022743552151,7.618651509957323,235.48343891991695,5.260855004216493,0.49843601435793117,9.230243770512642,5.669575776701096,0.5221612663150196,0.4538711697031492
2024-01-11 02:00:00,10.912793459746727,6.864238106149833,6.31977115889243,0.4971684822894265,0.580229178206912,0.1645955308927297,377.60489073333736,7.668586428896823,194.42181394587539,3.1169425866347593,0.49522410391599037,6.123000654641899,6.574350941094073,0.5736754273232015,0.42336364876859744
2024-01-11 03:00:00,13.050518686243139,10.295660809396457,7.377177893508035,0.3264572666101897,0.5222220554711213,0.5479311901166661,377.0797414162914,7.891820690085303,223.77895158475604,6.03611085900766,0.42244472131803207,13.49003593294858,7.443978623846224,0.5077083244939908,0.3688748636370056
2024-01-11 04:00:00,8.968643776719682,11.054667499047142,7.281756814416784,0.24542803801855265,0.24734022851014958,0.4638542773531826,376.0417081467998,7.705521422831551,209.8882680084281,5.805800567644664,0.3184051349595602,9.156924996610416,9.132642098141433,0.4069128619435518,0.29275186351414406
2024-01-11 05:00:00,9.818880086553778,12.303012655921554,8.776645456807936,0.22238867946404148,0.7464812528662637,0.30006311201177827,371.6948137035386,7.901375497189338,187.02593475853064,3.146740181961343,0.3935328672587591,9.590851189036059,8.049097310875672,0.4525414621234453,0.3876652806815826
2024-01-11 06:00:00,8.477495960935935,14.424081386881047,5.907643507935458,0.3542597987893893,0.23865838911232207,0.027445380631665336,366.87280795236785,7.756489521472716,156.44467808221367,4.795738258321377,0.31710473848624354,7.598090365060379,3.4261548403959603,0.41394607802352673,0.3087916587203162
2024-01-11 07:00:00,4.906433418683518,6.184407744955789,9.131593849639463,0.26094115249665534,0.6874293872005102,0.19446987845936892,360.6088698123344,7.808263069672769,183.3041732532727,3.1670171576224795,0.3515926154621244,8.626338954669208,4.31031869286257,0.41056278445441646,0.3210692011220212
2024-01-11 08:00:00,6.945471906707038,8.161440077800181,8.031581926381161,0.48890315614410634,0.4654353367317131,0.07606716382673283,354.90218802438943,8.35284819612696,178.95852954700467,3.7816322570107106,0.42746494353108627,10.105465735269473,2.647838038168043,0.4891168871765948,0.40445262199836457
2024-01-11 09:00:00,6.069873171347289,8.091825739717565,5.403097323362991,0.4783895899942659,0.777690013973904,0.5158345222331231,349.19047847486456,7.895746026618204,222.66066708380237,2.784927427799095,0.6372391754204413,5.526340823548155,7.872492020051018,0.6252462327417132,0.5148468718790865
2024-01-11 10:00:00,5.274414139669409,7.7312371987867845,9.458279956453744,0.45370422200647365,0.3616556907400467,0.47718457780117396,346.3162270594031,7.097641028708955,202.49612397658828,4.096027519619998,0.4920942288272339,6.068675383217243,3.785703586406217,0.523621442616294,0.4339733365190804
2024-01-11 11:00:00,6.942233304530711,6.399192450715175,11.878374844243307,0.4687339073417913,0.40183998736131477,0.7613373516958083,345.9885419370211,7.076393893664956,227.89156617406306,3.9281338932280465,0.5619229006729435,6.633564215753218,2.1365268292859234,0.5585196235897919,0.4747114957693765
2024-01-11 12:00:00,13.749295552117253,4.828907052663018,8.737581658434916,0.410117823595702,0.6976687707665853,0.42484351576031326,346.7927848090125,7.054705491701165,218.03253749947046,5.381701936088788,0.5488813159683481,8.866859981032508,9.680349456127644,0.5981376808706107,0.47865371417257907
2024-01-11 13:00:00,9.158881565430164,7.889435036205499,9.36660369266439,0.2531831897548361,0.439129190945632,0.1611263732408018,344.36209621703546,7.125201596697936,169.66499800911325,3.5117568677571454,0.3585770091493129,7.72741142179846,3.018448135794757,0.43092878630930836,0.35002383379063307
2024-01-11 14:00:00,13.02194579535981,5.910579591531865,6.892006812366606,0.1779419636138001,0.5867655620604857,0.4642405338115672,342.29475187775205,6.933267226457297,220.96409219013884,3.353353218298362,0.4056871545642456,5.978047514801622,0.5257921204697755,0.4423628973559809,0.3962278401913499
2024-01-11 15:00:00,9.98308326019604,7.681626565213494,4.792092784744299,0.20673463186568375,0.7589681504057559,0.4149046727931683,338.426887989576,7.246143022584722,216.60707316957718,4.341497881719904,0.39478586362323614,5.139105280935509,1.3806844488114733,0.47621981366668376,0.39242192735413
2024-01-11 16:00:00,10.905621804659251,5.747785404438593,4.586933750046793,0.3909426460907558,0.8270873483391393,0.4753081050860959,335.48560595129396,6.999168174985996,216.25503390844068,3.1503313021986945,0.6139898678011495,7.566782418267084,2.343290006212193,0.6019373116307898,0.5264865955856591
2024-01-11 17:00:00,6.73421127022961,5.187591272179497,6.937407442136707,0.12756954753996716,0.5956337153977155,0.386785644525636,334.03822055490923,7.176056605900184,185.9126715746739,3.930824371616624,0.381532052460124,3.7501045870366454,2.429421553047415,0.4292127688925295,0.3358119742933629
2024-01-11 18:00:00,9.985733331842848,7.944854590197846,5.729418154092236,0.38567910762725405,0.2229734165605173,0.5898218494521636,334.79959194218463,7.438764603855033,218.27760333003687,2.375255797883348,0.444495094936037,2.2750195624518557,0.5,0.45909848423831695,0.40990180279712535
2024-01-11 19:00:00,10.585583140040821,7.764187361511136,5.5120168018415825,0.09927987956783216,0.37051535040473205,0.25895889462294314,335.96873170949164,7.568202449969766,173.52819440616565,3.7827422809907034,0.19997808776209633,6.225839106578265,1.7799999393560126,0.31327827267964475,0.21812036519170064
2024-01-11 20:00:00,7.394808779232759,8.97434332806372,6.49011412979882,0.38843919753882694,0.1048101516628893,0.45144176193390284,339.26159665331784,7.616123654591774,213.3654642994767,3.2365907975914197,0.3716375526344923,6.914568087012899,3.153540970733409,0.42983839348900305,0.3331076923213726
2024-01-11 21:00:00,10.285967568644189,15.177679536620133,7.89145248574176,0.32770829600907,0.43735133686705185,0.29142310332360716,342.35391469089205,8.029923463568789,188.26359095077447,4.757958950485715,0.36995586990295426,9.62911326670527,7.043593590875627,0.461985490764157,0.34018382870541014
2024-01-11 22:00:00,10.46984304601808,8.358062923766648,4.891497760169475,0.16798873626441108,0.5321075562623269,0.3454747770346865,343.99783257525274,8.051093567150632,192.8204593453728,4.383120545030548,0.32221415696765654,10.373733408618921,4.995424201841723,0.3981290153084367,0.33210965674145626
2024-01-11 23:00:00,7.80351059563684,9.076535754071006,6.0924152002016525,0.11990792307464736,0.03283230674814244,0.31879894372208684,346.224546951416,7.664655462052742,179.4142669753049,4.120242251157684,0.19368131667511188,8.308101393368972,3.8960932146799045,0.22569657198114113,0.21200961404329102
2024-01-12 00:00:00,6.778066426271257,5.597873762648301,9.91465625216685,0.6011568666853608,0.2263995089355293,0.4023483170744417,350.0030933385883,7.8738934486278795,208.47377011366865,3.848805065204671,0.48595361497027983,7.547170106215438,4.83381289829074,0.5123569637425986,0.4143180878482517
2024-01-12 01:00:00,6.792252475188727,5.321935377652714,5.416730093195497,0.3513720789046526,0.46388700093001195,0.43779459461779047,351.5354962219307,7.8341530902311405,207.5417373142199,3.628430003478363,0.4371896239388221,3.5825222785523705,6.228152199841724,0.5222548089438652,0.43235044159204505
2024-01-12 02:00:00,9.866154516781796,13.535225550075317,8.44296930763613,0.17078318924636487,0.2797747254483176,0.4868065099644477,352.8497916663233,8.284854331427239,204.12053596919193,4.681706476498262,0.3493951055772072,6.406800124381928,8.608485461936635,0.4043232864042408,0.31360552682772064
2024-01-12 03:00:00,10.709053086670632,6.1487394669615,6.262660036618634,0.5887404082951013,0.5316389016117645,0.3414350296394943,353.75331385247046,7.492063450886201,205.62774662517663,5.710017002117841,0.5702811554387037,9.334559950877681,4.156555318302648,0.5673862679382599,0.48404649858892856
2024-01-12 04:00:00,7.912042852542601,5.976218763264095,7.879934660426608,0.5171214653045677,0.49675821443979207,0.3965144764962267,350.3866945270597,7.445413888761911,211.42875159780547,4.626460776873326,0.5170123355904434,5.5385167434568014,7.106804519414426,0.5677087983046101,0.42725660294058665
2024-01-12 05:00:00,10.013453669678722,8.298128011964153,8.871720250634702,0.4243980454999402,0.5414795225709854,0.3623193627667051,348.3221102961659,7.409407082584358,206.8124484008479,4.037698752032646,0.4696867106786504,4.556713599834901,4.099471997515289,0.5292965776158621,0.43093578056503784
2024-01-12 06:00:00,11.67466776554672,8.187943256170712,8.224480830077368,0.13596602596620092,0.33797009727041194,0.17904492793786297,343.73056498312775,7.470849518603324,177.77373434772633,4.43154901392863,0.23462275673282718,7.3073856940713435,1.5574767044434994,0.31224977538586274,0.2423271965504185
2024-01-12 07:00:00,11.784493796776452,6.308508138118113,8.577902557674413,0.18128674951353413,0.6892947790257883,0.2873541749793413,341.0181446147205,7.684867877447692,189.42649969573478,4.097754518069127,0.38977114574790545,7.643314666079127,0.5,0.4412344794533257,0.36631898063670526
2024-01-12 08:00:00,15.168061128924315,7.603429122101344,5.385026366511737,0.037791407489649896,0.3542119972723046,0.441447921505483,335.884118074829,7.792264091520851,188.9688504126459,5.218732310513732,0.2889739736337238,5.6107339399786955,6.018906186933555,0.33556763467938283,0.27380026386091383
2024-01-12 09:00:00,13.853611664666543,12.326147792905667,9.093001492054455,0.1471715728310318,0.6941914443604079,0.7176728066754136,331.118979221599,7.713215865315128,230.4187840595748,4.546941471171662,0.4600596398648389,6.901789267259298,5.7098633508752314,0.4976475557023058,0.4517424753578422
2024-01-12 10:00:00,7.192078522497139,6.357983050879819,5.877893691559037,0.26453940953379634,0.25228302616736537,0.1944205279457819,326.43098968317685,7.514305706270065,165.65114279872304,2.6616613686383848,0.3376985243938966,2.928756321052181,0.5,0.39242464486875966,0.3104889510483579
2024-01-12 11:00:00,14.940289532077232,5.201010094785563,7.302617328825127,0.3311276196758753,0.6993836764636114,0.39103624443401813,325.70983558144036,7.571675322903108,200.34305141335057,2.9964100835680956,0.5111858936222221,4.835177181479393,0.5,0.5077928191965154,0.4393454845637589
2024-01-12 12:00:00,7.8573579693616304,10.831127576048452,7.185744769352827,0.4274173403310651,0.5046189662043408,0.6343822737540392,324.5484355425505,8.10723317509947,220.4736185627448,3.7777659138376096,0.4663819114689327,6.354255433183797,0.5,0.5015840237839286,0.43191722628451995
2024-01-12 13:00:00,11.937603411648112,9.244720303540257,7.55265351483618,0.18182342761361875,0.24209984923810568,0.25697692328210897,321.5374281130812,8.345510241396967,165.74461058624894,5.521527240946472,0.2682704151015241,8.599561440971822,3.313052555525349,0.3275877613903682,0.24698806109902396
2024-01-12 14:00:00,8.883784141368341,6.3883687359897445,7.393197125868314,0.06707294347495489,0.13109446225766558,0.28759564321877756,319.81150672083646,8.432739084143554,158.08465321761508,3.6262671302297886,0.21946585727175047,3.2069637229286028,0.5,0.3252463949676546,0.22501418404642695
2024-01-12 15:00:00,7.617542873987668,4.641846737469948,5.6408231565368805,0.11970841136199821,0.588707799808016,0.5090605358711863,318.75240873808207,8.384967449256393,196.77359655131323,3.0511682659702797,0.4061423336461433,0.5416819413775584,0.5,0.4546728229425765,0.3781355140617806
2024-01-12 16:00:00,5.075394496779577,6.014951360321318,4.771775427676403,0.4274240406726006,0.3215476793212424,0.49912081267679126,319.8759296549973,8.597846206868601,207.3570485242794,2.9058836127380863,0.45635345512183073,1.2360659116961545,0.5096253986585031,0.48030946315969714,0.35875321236241914
2024-01-12 17:00:00,7.944227136433495,7.460665070734969,7.808721417053274,0.5410224951087255,0.35784334414902425,0.8057521690734604,319.4724927695106,8.640328387797826,229.32430260138182,2.916786755280591,0.6087995703017239,4.351123500404196,0.5,0.5948926390183289,0.4629343093909617
2024-01-12 18:00:00,5.3644075220875695,11.009539047062844,6.723312685066786,0.24174921271503635,0.46089113055932746,0.41842215742877964,319.5202105497146,8.205454928471106,201.55557203400514,3.6093229442586456,0.3973556732138505,0.5,1.4465009224295011,0.458638684689219,0.34492232397195083
2024-01-12 19:00:00,10.907809308890604,5.456299109588283,8.325222379693361,0.27197902805433094,0.3037098519630635,0.4648348667572129,324.33814287653246,7.913367035631882,203.62433531517758,4.797910706005228,0.40121759423184217,5.815745922865277,0.5,0.43799474392504056,0.33961731024602704
2024-01-12 20:00:00,12.827622554650777,7.44928124940642,6.552281908373255,0.4974865841272111,0.6594450062854011,0.3543324680814033,328.2447301613828,7.809386017018625,210.20207975809203,4.825437462179205,0.5102784450825969,3.6133340194515386,2.5318125010880363,0.5627427188054258,0.4319605415454212
2024-01-12 21:00:00,6.802667778561819,9.596172047971319,4.8431299550021585,0.25266693958573055,0.4578797213245291,0.4349467111597665,331.2450712470556,7.761468751947088,205.255292871316,4.376834558571465,0.3824691074044728,4.924507211880997,1.2993456697256844,0.466601659442826,0.36961637100435074
2024-01-12 22:00:00,9.418531724264438,3.6553203610705003,8.046522606159717,0.2129784211636202,0.7255790312405622,0.09502642138223057,330.63557308139224,7.791717769159646,156.5918464591959,4.544087342299372,0.4234591509113887,2.2488909884117207,0.5,0.45895500229624864,0.38289634069973916
2024-01-12 23:00:00,7.209448249909251,11.063556624004768,6.176683865166904,0.44356314350750564,0.26158092202519734,0.5290844191126721,328.8580392513908,7.360499790037727,210.85989739451543,4.475952135166484,0.4696731632297852,1.2958936596480193,3.5274596071190247,0.5285983740464477,0.44102623492879334
2024-01-13 00:00:00,7.568914747285308,5.528252454404681,7.366781002081579,0.4547906276760157,0.40857221099024277,0.36505576114015625,328.4619403437591,7.49336812293613,201.30099625891947,2.779061561231193,0.5166262519333581,1.6450489126602472,2.5979955009737736,0.5599245028210021,0.43073045543875627
2024-01-13 01:00:00,11.450392036969204,9.11225200723201,5.836081192038842,0.2548938847237678,0.40942349257365995,0.6697440112757512,327.6780933098798,7.402167639678741,224.36002417041962,4.215088452259028,0.5372805208117949,5.778988901441444,0.5103807881224501,0.5447378530649286,0.4603973783160407
2024-01-13 02:00:00,9.297289364310632,8.990600385421212,10.19446000652442,0.45604151818948135,0.2134234267533988,0.291132388405914,328.5056986421846,7.6995361371594395,193.44560724007138,5.847468921399686,0.3876582235656799,3.568704606369921,3.16055844941924,0.428746698386245,0.3459072568802231
2024-01-13 03:00:00,15.54844765682453,11.894075908620252,5.631507964174732,0.18551515530748863,0.6306179577759565,0.30009531934202666,329.9965831717375,7.897939435774257,187.71022239129636,5.640627164773308,0.3484529794821494,7.938523888179335,3.8237049634632223,0.41793867259372597,0.3436553187300877
2024-01-13 04:00:00,8.45037273816701,10.116512708958776,6.72377851525669,0.2994066301858932,0.4490342316212026,0.5545164272942351,328.84839747498796,7.688797670973134,223.89133778021275,4.244464292266717,0.44305627497797084,2.9148958729292636,2.703003853938624,0.47476800288640586,0.4066527744818237
2024-01-13 05:00:00,12.89393396069527,3.9856141876312625,7.0845208836987785,0.34160853516319645,0.322991804015859,0.5248415384326454,329.86808335501956,7.396672083109873,230.45928433104103,3.5341350960142424,0.4657315249017754,1.4051737277963663,4.512832532553466,0.4749023042535474,0.4230550768435109
2024-01-13 06:00:00,10.042585066545799,6.647101006285963,5.6977713828702115,0.1594936378681658,0.2535374438526387,0.6651962400663424,328.30488077425235,7.069472458722075,237.07225556704716,3.850260802806218,0.3967064683408001,3.5641553000154924,2.0233884259618287,0.44103939695935357,0.38136913706403325
2024-01-13 07:00:00,12.1795782446074,8.914240230763944,7.808454170458623,0.1845429527023749,0.4259169735694352,0.37296321129217064,326.0528811070088,7.352159722583793,203.08008797708854,5.260091128242491,0.4118661630015885,5.52563307674366,1.465324609540501,0.428357595543854,0.38163997518816184
2024-01-13 08:00:00,8.53377228724834,7.9683675306450645,10.357409073094368,0.23032327675374833,0.10577101516208474,0.573890669140333,324.7564656782123,7.412179989722926,223.19948174847465,4.052980650627678,0.33372150353730373,3.2965778606025586,1.7926867858240927,0.37411969131691447,0.34075663456329397
2024-01-13 09:00:00,9.421392281434368,9.794375003094467,6.414296819090589,0.42832454653650803,0.4134413668969095,0.31320652184463166,327.14674096887927,7.544187702169421,210.4076222835131,3.8120226891318443,0.4604655015081103,3.4906788901155563,0.5125883573996496,0.4878117408106689,0.3965546830426622
2024-01-13 10:00:00,9.099085542006645,10.695662868336324,7.720268148398174,0.542819369421992,0.25908114250621855,0.7478961649958712,327.50614161874046,7.305148399892298,249.04851597852067,4.108967061210775,0.5491022775699876,6.33673583289672,0.5,0.5259855462520856,0.44568880787867365
2024-01-13 11:00:00,7.294126674722291,9.955108934474648,3.7974409662474384,0.5493326273597684,0.3583413910430494,0.6090599915179582,328.33432970432636,7.32449067034209,253.42005018387394,4.637768688069364,0.4904293818721824,3.998033560598792,4.07901622459039,0.5359224261954765,0.417896613287316
2024-01-13 12:00:00,10.863496771219824,7.535973005680521,6.878170553688642,0.4968240745043488,0.28621392453384065,0.3828546585426036,329.26106368356767,7.78923854839555,226.14433047714664,4.786743911878792,0.4633264856382386,3.134993504400305,2.9470833625642996,0.4920173463159968,0.39682972526241445
2024-01-13 13:00:00,10.597008776743188,4.401815645476571,6.164672317405104,0.22996072238021376,0.6467151490716678,0.39602396295697656,331.1717606878835,7.820081851430125,217.73351872420656,4.198203811902404,0.3986101743652885,2.853165532858582,0.5,0.47869293148454667,0.35203539820211
2024-01-13 14:00:00,10.219756055801097,6.769554560364644,5.59683331190138,0.6717065116833519,0.5697477261301026,0.3216065682759909,335.35259836805716,7.825484158480689,216.42518756627283,4.319620821396112,0.6278535342998142,7.41990809399103,1.7077293701175729,0.6350059807818139,0.4982895879219424
2024-01-13 15:00:00,13.07628541112743,8.833539557547237,8.419129061767006,0.05894714179964315,0.5883784977721145,0.19263183478805512,336.9969306768559,7.627100227179508,178.21595802448238,3.904770035552109,0.23196608036783234,5.617702190794439,5.079174687982748,0.310904767726752,0.2373710355917061
2024-01-13 16:00:00,12.587640982635325,5.399038015458873,6.264154229831427,0.4924909003429968,0.33725735495013925,0.5410048428210752,340.54315771043787,7.260902324048568,215.96271320118512,4.507458393761792,0.49315075672956177,5.983388822006639,1.1158266814260833,0.5076519543849953,0.43572078750598314
2024-01-13 17:00:00,7.490613353807401,9.304376554994803,6.298416208845586,0.4027676952193316,0.47560156704686296,0.29983477161356276,345.48110727178056,7.4405888119736945,186.63919527216393,4.636202871326055,0.45332439048126216,8.999763322175841,3.2133892391685706,0.5036442448952572,0.4090259153534139
2024-01-13 18:00:00,9.21532529526434,10.139441010451614,5.993753404183412,0.12394458640131659,0.21597394112109258,0.44255050912567534,351.7122179502642,7.551122691397489,190.96556064327328,4.001511605523494,0.28787680603070825,11.376602200426094,9.807040039628031,0.36202018605977504,0.26078071489839366
2024-01-13 19:00:00,6.999756679655708,7.906991863168276,4.346013647517049,0.26412660654862147,0.37737782790471974,0.2676130219486057,357.1940671793993,7.548355962342906,178.05506232157452,4.157893675283429,0.342077617008653,8.112137289198039,4.873023179558386,0.4318975708475348,0.31907371499434856
2024-01-13 20:00:00,8.474815342312217,2.863710552263306,5.074939459609684,0.3335723162405499,0.828306965418006,0.12679105464210566,361.50466506918247,7.651915105119596,187.17927855410164,3.466484655324684,0.5231976860490106,6.47770615206603,7.056619445855869,0.5703847864209742,0.4833178515490771
2024-01-13 21:00:00,7.22773594936398,5.116228056906716,8.039837181644156,0.13087320570694042,0.4810040023051087,0.4702182187816071,363.08983117638377,7.553202412477575,214.52650137528266,3.9180344584004203,0.4051124571380157,7.447145701560756,8.142358008299045,0.4998698973733895,0.39846281927758603
2024-01-13 22:00:00,13.71940205760924,14.248126740434119,4.215050257189006,0.3159456342251578,0.7763309914111695,0.36932264034727236,361.6906001458612,7.857173340988313,200.18251122720454,5.33040988099071,0.483581845227511,8.232773789331759,4.940448176089538,0.5477681405770723,0.4488029788683865
2024-01-13 23:00:00,9.864717111956107,6.63013724763102,5.704823074994285,0.16444870258993904,0.1474793660242309,0.38740932446538284,359.05105885203966,7.947243338734292,182.04591382016568,4.594860199342648,0.3142281627226413,7.534478749011453,6.324357259885735,0.3627548470389561,0.29618589737780937
2024-01-14 00:00:00,8.576926899563048,4.2455372884978,6.185150053003344,0.3699551095091526,0.2632085785573509,0.5486095752446541,357.0431032129054,7.721852890250169,213.67636890092965,2.1486469909268067,0.4906388589189259,5.584560839904904,7.975037084493359,0.49782339912259416,0.4328725296205391
2024-01-14 01:00:00,13.025000429612795,12.062569339213626,10.106229488299238,0.3901075225877295,0.45642406913722183,0.5099277710814968,355.3470685843615,7.674947830961814,214.845596083963,5.251393144496466,0.4829632654292691,10.655983392850684,7.258646167172702,0.5384282918347796,0.43245974838450135
2024-01-14 02:00:00,5.183961340580222,8.26395214326141,8.240413534918206,0.11032742162659137,0.3638317221028993,0.11245138906065853,354.1839874283996,7.044258275074215,169.08919124250338,3.829806800820628,0.22756645375490187,6.9167019139546575,9.078425793805163,0.30319017515918995,0.235429574489386
2024-01-14 03:00:00,5.512634331890929,11.844973135734108,6.196994809865169,0.33898904383725187,0.675207597661341,0.20549013513563708,350.8734777242958,7.043042028348768,196.1653975784514,3.9380358429487177,0.4424401277413097,9.753809744645768,3.585028010949472,0.5125670800362951,0.38599957658722545
2024-01-14 04:00:00,12.274210641924789,9.159737782090216,9.429754245568155,0.45487275291723395,0.5655655715481538,0.26478773424300484,348.08810138878806,7.5262707293600055,208.97549216596872,5.678055169681189,0.46585208597318645,8.545685701017765,9.019566075529173,0.5394047069492576,0.4031216466912777
2024-01-14 05:00:00,10.080696400947584,9.751686321041484,6.153729765079428,0.08841634395040024,0.4257776678659831,0.12040341009313078,348.6923415495411,7.360343372425694,174.1728406549263,4.2067231851703495,0.2187156508656294,6.626801134620246,4.731122827511732,0.3337524307583146,0.21706992288440294
2024-01-14 06:00:00,10.673840555968154,9.465818611591281,8.853487057828163,0.42763847288507256,0.36172153040952704,0.35593148044126344,351.1212488381399,7.760395902139813,215.88789851142934,4.099913366694105,0.482774241697367,10.509145280665251,4.710364520005816,0.5038886075160035,0.3936918544621508
2024-01-14 07:00:00,6.855798230688112,10.503808054186411,5.4642715311263,0.4826163626593524,0.3604936279295624,0.5896331782250344,353.8338683895094,7.658523280423794,233.89333893220294,2.450269757181877,0.5417239808638052,6.984788095439786,5.583128000072367,0.583122585892026,0.460319738517498
2024-01-14 08:00:00,9.813782782012751,17.298640256772178,9.284780510781712,0.6523890272470784,0.4011522434420379,0.3746224215981131,356.6450520565814,8.410298555868941,222.6845774703798,4.991279242241815,0.5515918282819114,8.776875669039857,6.4197865239293925,0.5931140139987247,0.4517126791104557
2024-01-14 09:00:00,17.124485471880778,11.273813569207244,6.499677513381474,0.39557343879110385,0.6283249174283916,0.253509764947713,357.7055550795283,8.011923072741057,199.81743225076295,5.983535795614312,0.44201272376490686,9.436551946396985,6.759501524717019,0.49580671815948835,0.39588661105726486
2024-01-14 10:00:00,12.129791160565881,4.918883542310588,5.575404585634561,0.16293003665187733,0.17243842661924388,0.3500041252940004,354.3091977831556,7.5629182431434865,185.2082950505998,4.718655894931759,0.2393324589490796,10.414958293294607,6.239282585815159,0.3265355803407832,0.23083683155332457
2024-01-14 11:00:00,9.923010829909268,9.268106483255249,6.690443767389644,0.36823717031354086,0.29232340918872096,0.46935975844009686,352.48166169778546,7.505508192095614,213.7545513923006,3.153610181364474,0.4195659221680828,7.873751052256315,1.3945740488828227,0.4783702913800889,0.3972053870944913
2024-01-14 12:00:00,8.208185923081391,11.387090613587521,7.5278666751547725,0.3892996854701936,0.18861434739291005,0.6885598036992333,346.60215536934936,7.928966945391128,240.7684548061231,5.1879474024030126,0.4903260010565998,10.742483320031194,3.985045235166239,0.5018933171358119,0.4672913206267501
2024-01-14 13:00:00,8.149593463245393,11.419594406890695,6.219352942015832,0.4859923807708395,0.33763375600231343,0.37514307670266506,341.43841253205846,7.630105976285329,210.4163193924505,3.3940765778215614,0.44496738006832187,5.291133460461464,4.599583262201524,0.49519222266296853,0.4121949126536464
2024-01-14 14:00:00,4.9223745813815425,6.672405556114307,7.834357588753125,0.5958205695381626,0.2444412731757349,0.4820324860236314,337.56442115565255,7.716859319902293,232.60245834102358,2.8462766036584743,0.5517476642922368,6.107870348423296,4.096123761281244,0.5889606739342114,0.4775782915798421
2024-01-14 15:00:00,9.45221030128254,10.94772546165701,5.958159688228138,0.3591589960276703,0.4734424238203342,0.6611698171866812,333.87483508667975,7.8593363072091025,232.32230259935875,3.8917353142047055,0.5193362042054215,5.383947220990561,3.245760255987478,0.5588653180445285,0.46428261044830643
2024-01-14 16:00:00,11.01188065955584,10.032974335600533,7.767652014567994,0.31336863722658653,0.37707367579767076,0.3836680097877203,334.9728357370579,7.423636690548284,195.0558140755687,4.942222432740393,0.40118924740427553,7.753254823843494,4.05419477733783,0.4531000400235612,0.3713896670810973
2024-01-14 17:00:00,5.5526739087165655,16.851378918118236,7.293503743200659,0.33426728246882664,0.3133645859310054,0.7700097953342292,339.1781913240448,7.4389285732087025,229.39257121880985,4.462784406353843,0.5187499041306963,8.230959790182364,4.523401838597032,0.5387612214999842,0.4504958439676723
2024-01-14 18:00:00,7.165332099859423,5.798205463596121,6.704587962336428,0.29148855699604187,0.48460049245149855,0.357426773756038,344.0344331569709,7.309439841677637,192.3115700335552,3.799375523367244,0.4324580349902624,4.54366046751142,5.693180686236824,0.46955192054595823,0.37263573226349983
2024-01-14 19:00:00,6.26740100259104,6.270097885598076,5.987399578543283,0.39067474805093966,0.6230701245525229,0.1759267204185168,346.0999938528851,7.240438284491165,173.92455813278198,4.5527608645526545,0.4044915486990467,7.656397628357155,2.447026459744223,0.4642544535141768,0.38224272621445476
2024-01-14 20:00:00,6.684982631526092,6.71907483304648,7.064352544478733,0.16558985215037686,0.42394585830812337,0.43141241804972447,350.54116331459244,7.3623156176862095,197.1303416599762,3.6204708441247684,0.31619176883388006,8.435082468656896,3.5322963927102946,0.3598616535560008,0.33525518804506954
2024-01-14 21:00:00,9.032161616874465,6.388134691606848,7.8484292004093925,0.4735790028203311,0.16930682597471902,0.24632559548355093,354.8207931734511,7.240561712383169,176.31709962137907,3.342275655128816,0.3805399751545937,9.080018076838606,4.58632688991287,0.44296032696308785,0.3353013433467359
2024-01-14 22:00:00,5.061412605652268,5.684885961016602,10.578056641958433,0.406084604130967,0.5102057429055459,0.21799293215362972,356.14906926446054,6.9210503237199426,177.39477774861138,3.3721201620808907,0.4459190964480551,9.174947167266296,5.0754994780607445,0.5158986877397552,0.40650449050339815
2024-01-14 23:00:00,11.013941959063468,3.1639173978976785,8.601795821077571,0.3393005271968691,0.29510586827006047,0.49238390821354416,356.88157643521566,6.8789135283945795,209.0942327481564,5.387675829899996,0.4574485039515168,8.798369080821766,2.1659363012606176,0.4994960597416757,0.3963189299850328
2024-01-15 00:00:00,11.717452764119097,6.759143415946191,8.500487884669095,0.15258928395447063,0.4585328022222879,0.3858833017829353,358.60479951707106,6.846453744132018,189.56166225078184,4.925760912940209,0.342672342167324,11.337777822241044,3.6277776557438175,0.3954209576418445,0.3285972767404617
2024-01-15 01:00:00,9.043220063648414,8.86517354898115,14.215513944377433,0.1284425001972516,0.32224816018854563,0.787902008395219,358.43898618658073,7.251821137160245,227.32588094643145,5.197856619682102,0.4437852900776631,7.743234649496232,6.189830311110546,0.480976514669036,0.42684533978728406
2024-01-15 02:00:00,4.944167923338334,6.812924382652728,7.84803036352297,0.4911756056981834,0.37699134895506836,0.17793402240071307,358.2170235429423,7.357743490817559,172.49784413063978,1.6962630933659235,0.41292443693461217,2.7905628410150647,5.626876532606371,0.5015446255107289,0.3769481835361699
2024-01-15 03:00:00,7.624095752503125,14.97777596335251,8.277943848689178,0.6104218090615033,0.737347102842464,0.22797233334584308,358.90014023362437,7.0201092179619184,185.88694033575308,4.901550586321588,0.5806791911442811,8.466214996096372,5.4803220617309965,0.6416023249143032,0.4841622315685614
2024-01-15 04:00:00,14.427629191496255,8.160075869049885,8.34159485020202,0.3635738566456802,0.20367394426326144,0.5377093030702066,356.4962061797171,6.874546910350379,211.57746266930297,4.781041302876285,0.40743856930509076,11.030426973731506,4.797653031490901,0.4580855458398481,0.3664824565602254
2024-01-15 05:00:00,4.735973119209422,12.334666424561334,6.040295307550727,0.6654631155189266,0.6104111077242815,0.1700171958725862,354.2983724946597,6.994272462081578,198.10981541443124,3.0519218238287635,0.5532996689165779,4.90691931690467,5.42413598827478,0.6366379235138647,0.4644378817358561
2024-01-15 06:00:00,9.392426546014466,8.877242418066425,6.792728775226201,0.4705418673277022,0.5718699311823157,0.45662310512129867,350.44399188704165,6.749107114506554,228.29736109024992,4.114221461340084,0.5773128021042775,4.863658809161233,4.160936853491933,0.6556015229483817,0.4548003950309151
2024-01-15 07:00:00,7.433335812848583,10.601068881572086,6.616755725534448,0.13908749658219743,0.6753501184651851,0.20246820360000564,348.47565352766503,7.192599650775548,187.9152635858645,4.041341517119318,0.2700091279399493,4.2368271250849086,6.254589733150627,0.3522310777636777,0.2740968310635149
2024-01-15 08:00:00,12.883608502766936,8.835191007694762,8.600799364146562,0.3083361918073854,0.27687168412359897,0.6374972511724148,345.2462855346944,7.622979320678084,231.84568526501806,4.331038527089393,0.41764911497574647,8.760285699684568,4.223171646688547,0.45773293526884107,0.3576612118835113
2024-01-15 09:00:00,8.427527550314025,12.388984058801643,7.147158779174929,0.21347161899496753,0.5622019639486394,0.3369865221014464,343.20170783860084,7.473033996746487,196.9704153109524,4.538437431153745,0.42071450878385686,4.497488397242822,2.3717509843391,0.4828179872765665,0.38534067467132954
2024-01-15 10:00:00,11.242933958626896,8.029881585955685,7.669946032150358,0.3603868041417135,0.42028201780867347,0.31148356252952886,339.1116434533908,7.403953028032492,202.1404893148181,4.282236895085119,0.4037937285995077,7.117500699301787,6.129001198702463,0.4408310372343622,0.3889110752253945
2024-01-15 11:00:00,11.56776789683031,9.100159851422756,8.992904539400733,0.2939478272986627,0.3046673638874727,0.34373263302361085,333.9054746219681,6.930379391409649,186.6061520497715,5.22168899574701,0.3912606711916865,5.141074057217112,5.52047478447899,0.4564067928315057,0.3645163635095569
2024-01-15 12:00:00,16.209629061017647,8.582444842586112,8.655679451265582,0.40669296640101477,0.5279951240461772,0.341893600299132,328.26364463138725,7.410844547970941,194.0879955435244,5.489003420563506,0.5369816983624501,3.3446288340584807,0.9897962320991511,0.5567340696913592,0.4398294273739527
2024-01-15 13:00:00,8.987463281991467,6.8409701444310125,6.642463369292336,0.4166594141742619,0.30057363779222634,0.15938530923774524,323.38031715928713,7.725753636354527,173.86845002378163,4.089804971942152,0.3755268030589291,0.6752898062905324,1.6107586261068678,0.43511564161860045,0.3181606396447872
2024-01-15 14:00:00,10.3830927451389,8.400582491475534,6.077140671694725,0.1732818188299872,0.42718318628742974,0.2873989506848573,320.1924326965842,8.19461933027652,176.34805421198016,5.0119958645027,0.3523330369909553,3.565057925996954,0.7548006811486808,0.3926428183592742,0.3141805426820465
2024-01-15 15:00:00,6.07243295833541,14.867476539206423,8.735899930258471,0.2830181294779456,0.09689565484519388,0.11766317869442777,318.57217122922054,8.059989858752944,160.32383621597236,4.770765667168588,0.3169083405868849,1.8105949612843875,2.3813103808121,0.35118380895160456,0.3266999396553891
2024-01-15 16:00:00,12.696553723870874,6.593326239978045,8.217325924888954,0.3393821039281318,0.6285291425094036,0.18069758991668242,314.9032758319436,7.690730301326066,181.0848676411349,4.538642805826477,0.4369039389404627,3.0626028352002486,0.5,0.4358999557587261,0.3763452864667368
2024-01-15 17:00:00,7.303145516301981,8.157914177487685,4.854555990982822,0.3784013930930414,0.4179664102190821,0.4029649993679494,312.06007489590974,7.902718239406303,197.36560684566658,1.8386310348497736,0.4429998906515046,1.3778885320916734,0.6435879140904223,0.4951098258404277,0.3825065712669934
2024-01-15 18:00:00,7.713184068936953,10.630466408172708,6.407939925606228,0.48561444895573425,0.3817834413164202,0.338923765857611,309.2779989723033,7.75089530227897,194.58331909134716,4.415488809200608,0.49991126420993764,3.9932418690011566,2.6865143896758577,0.5318544631666023,0.3705329987119549
2024-01-15 19:00:00,9.007728717527089,10.248084130150025,7.16005619577296,0.11229569609755766,0.4980168966330681,0.6677425166369976,308.3227830534995,7.854055257384484,219.44282095720723,3.516358844949547,0.43929795409016803,4.002222995905377,0.5,0.4631349664820315,0.36816864910933644
2024-01-15 20:00:00,5.909030974160193,7.179797022779957,8.353793388370338,0.1404703768238614,0.6343210663223263,0.16537083805583605,307.55876404888676,7.908327872467456,168.40811591205352,3.2065520462250525,0.33055975067222293,1.9797786160910635,0.5,0.3894383790154091,0.30602819975948337
2024-01-15 21:00:00,9.900786230252487,3.366859666004554,8.679132176486196,0.1324423021023921,0.18875312951958123,0.7019015632103401,307.24960849543714,7.761581246036717,229.33699031098755,3.9314694221789948,0.3243932018440492,0.5821044305478453,2.3479730242725347,0.32188121165257544,0.29929285221548957
2024-01-15 22:00:00,12.398029329137179,8.620908169834161,7.493065388568389,0.4604032134397543,0.5566956731543186,0.3774963922540279,306.90288319798714,8.109034284180085,211.5353461628834,5.746970245476104,0.5653887888332385,4.914380379547542,0.5,0.5537292301837599,0.4652159613880881
2024-01-15 23:00:00,10.475805968801893,3.643103520734293,8.14189200822634,0.39310517985079413,0.27982510565697954,0.6141467626295836,310.08482187706903,8.350099581810074,229.75556367228822,5.234331327195092,0.46173720142952507,4.544020968754481,0.5,0.4777786167220013,0.4010198651470857
2024-01-16 00:00:00,6.318333755092742,12.04448893707022,7.484538075301476,0.15307777344097329,0.48497029290419336,0.38326184600201463,310.2595807998833,8.180147764036429,201.81698622625342,3.22775574159478,0.383554195196593,1.6108770854771908,1.0415875506391867,0.39453983797521913,0.3594111723796116
2024-01-16 01:00:00,9.722904408355895,8.064216996365772,6.126242266546741,0.28505220398557124,0.3560017620192499,0.654628779839004,309.7987285173403,7.789042852071019,218.95359735847464,2.198902490077496,0.45311699504476777,0.6673298732132269,0.5,0.43371923528536044,0.35539871620317226
2024-01-16 02:00:00,12.628335708770143,10.663657618094758,6.774010001593469,0.0551665486108564,0.17954225396507864,0.5566441578422395,309.745074384874,7.168697891869517,204.14581436860374,4.179580479246932,0.316689171946854,7.539036177978971,0.5,0.3394163101935529,0.2802999932505412
2024-01-16 03:00:00,6.162466786443599,5.869946193001397,7.253063851068425,0.0767572841665945,0.3205787200996006,0.3312535950998964,309.5512606070175,6.967657152500156,171.84419216187692,2.6559828413169444,0.2276303063947237,0.5,0.5,0.3057080925033156,0.24834606863384331
2024-01-16 04:00:00,7.812696189713238,4.808426148293836,7.468193271544654,0.10560181883992768,0.2970214256439287,0.24912878104354858,308.3270165659055,6.78163254404665,169.62388888330452,1.6866217917392576,0.2146924786907537,1.5182440871860465,1.9778453705519037,0.29704791432544037,0.2238988120663734
2024-01-16 05:00:00,13.600156557680888,8.6346306816527,4.920469648758631,0.4391400646022996,0.5593984602714593,0.09491801786025732,305.2076003367043,7.156585763985654,174.25473670815646,3.7988152117202016,0.4590103924013064,4.42576798476877,3.7429498606774407,0.5073678832474555,0.36985019656191886
2024-01-16 06:00:00,11.512723523329768,7.868957422214229,6.984945416615522,0.38475744203004975,0.3300841968301713,0.45085075230514793,302.04941837108834,7.104343440367891,212.82738335787775,4.013678152278043,0.4036805925109806,2.205085519793707,0.5,0.4803889890627425,0.3586638181709304
2024-01-16 07:00:00,11.958552371854182,6.778639819978994,7.664702042790727,0.15402301742345487,0.6412545502516128,0.2860627983859153,300.0,7.400016672156849,198.09267638381598,2.5419383430761315,0.37352990301389744,1.2778619096266535,0.5,0.4226381892616069,0.32278211153766145
2024-01-16 08:00:00,17.818784908884936,8.098758684383606,6.950090002952807,0.18431926018134626,0.42511957530796746,0.5474635347506547,300.0,7.5892283251845365,223.6281178868337,3.5409265642951966,0.4334614868285588,1.9952433228145527,0.5,0.4442908310661618,0.3829049583887511
2024-01-16 09:00:00,11.940306351843462,18.92038067186303,7.202127817024651,0.1183459820767839,0.37400909682069333,0.7142712622084147,304.4213002856811,7.878791889085768,230.4828149083651,3.9316534941352526,0.32971553368172424,3.2415292972263976,4.197095230818503,0.41149777518009073,0.3345491455477038
2024-01-16 10:00:00,12.40806066490088,10.062254735129924,8.335364661165357,0.13869734404042722,0.6947275210234862,0.4845081901201443,308.9160383454206,7.730387699280754,210.29594206111145,3.7256897211306867,0.4415853214970211,4.308042918315681,1.8159487972362842,0.4303495491683539,0.3972864154930313
2024-01-16 11:00:00,21.66578043603401,10.617042474101087,5.682223683972605,0.1804793807291596,0.20584438481774348,0.187974093948305,309.94941585533695,8.229961041668659,155.81710792466194,5.360836704877011,0.2750488454213454,3.5305195971673693,4.6851926571831335,0.29930815904748476,0.28304317414722785
2024-01-16 12:00:00,9.372035098559595,9.779437194480897,5.015219224297932,0.3153451629187117,0.4867233193940118,0.2827675148385232,312.63824951157824,8.081220204232963,168.99971506875102,3.057393971278961,0.3999090811414725,7.239835249932867,1.6227783135373757,0.42469668055502224,0.31134723730440705
2024-01-16 13:00:00,7.803865538265758,11.787451181393308,6.561047467831398,0.26658291386376526,0.27933641660939373,0.4106713306236678,313.09954194760934,7.932878335043833,187.19477255012987,3.383070435054873,0.32798088534129205,1.2674830578239304,0.5,0.4001617855498057,0.2991989788662357
2024-01-16 14:00:00,10.796049066743729,6.801115555833176,8.223257642850857,0.04115755258308155,0.46468568435108965,0.6270459514346562,312.8483217304467,7.71805759771208,202.7678709427959,5.177531396868303,0.34350983498316445,6.046128919935412,0.5,0.38864173454779083,0.3573534753367108
2024-01-16 15:00:00,10.654802820873853,3.6940667716277087,9.988436787853246,0.14089808276015198,0.6185121944243339,0.4232249666055858,311.82746830802677,7.880892290109565,180.64493427187844,2.361559241749397,0.36638210735226945,2.1739219057874095,0.5,0.38569775179449844,0.3274172892625473
2024-01-16 16:00:00,8.027769878571094,6.641295688714193,8.526366005193596,0.3885164730010775,0.45389464224332743,0.5653359610295514,310.77553520289115,7.872803725792689,203.48536825423875,2.415438993674641,0.501177640505178,1.4556610520991733,0.5,0.4970363499183851,0.40432083914395317
2024-01-16 17:00:00,6.911868324524811,9.08563827937431,5.025643708282993,0.32252710391824874,0.444248881365447,0.22899285424875063,309.6250602326807,7.633841308490774,162.23832963373306,3.3934089193317405,0.37150771266900207,4.495781855072613,0.5,0.3968852249912762,0.33106699726032424
2024-01-16 18:00:00,17.571833147394585,5.125885845063872,6.565334380008618,0.21017357516130653,0.17632453439931842,0.2647295502567719,306.61651860143894,8.037162701631303,165.97743558791856,4.878903032416251,0.2499473314935815,0.5,0.5,0.299365330124944,0.2551158221354832
2024-01-16 19:00:00,10.11305656533227,6.622695249135412,7.474153731472634,0.383098227253973,0.4515861403593285,0.6358397103174578,303.965260538392,8.128012027855144,219.12872255526193,3.5598728723738398,0.5274325123082577,2.94873244160855,0.9427829421251056,0.5608421705729101,0.4322727164627794
2024-01-16 20:00:00,7.578741589260768,5.653576326738114,7.297329691709911,0.22669376014321194,0.6328294424913712,0.3351563577469934,304.239973654378,8.248644360219476,182.1275966115446,4.14177463538148,0.45978829950445677,1.0451216188180463,0.5,0.4788981768424101,0.4346021494295481
2024-01-16 21:00:00,12.177058808721114,11.529407397170543,8.133609491578198,0.4577537404247786,0.38233955873493297,0.4613493255267305,305.0781704293343,8.816992738271152,208.36395259325985,4.233352822745912,0.49957704621441995,2.0594381605391723,2.731230008507285,0.5475549767811719,0.4235510151291461
2024-01-16 22:00:00,9.289052963186409,9.18650749835548,5.897602907179198,0.37257631642317746,0.44017640271257114,0.6410484866845966,306.29695736241246,8.983380573435186,227.5903565113793,1.7059110053697402,0.5469452376554539,0.5,0.5,0.5185924152302501,0.43198183298989623
2024-01-16 23:00:00,9.090405908642786,9.043991539806264,7.257188893979492,0.2440288015464125,0.4121987964422634,0.2887311589214093,303.47700179588685,9.335094017422112,175.39164158016732,3.3772591900446054,0.39521833688861785,0.5,0.5,0.4386399848647555,0.3188890607904824
2024-01-17 00:00:00,11.646805612775061,9.107830615676276,7.876260363294219,0.7043786552839846,0.6773893186778323,0.2979058615278339,304.37611280367435,8.92102407775668,201.57706715993524,3.2443377278722827,0.6284112953835425,0.5,0.5,0.6291499895031581,0.50352539469673
2024-01-17 01:00:00,7.063906977700069,7.49848631799103,9.016030455747336,0.28980474640849,0.16411290224995712,0.22297468224162176,303.53980034749685,8.628154061446894,163.1770562281381,3.9974641847802905,0.2996617854558342,2.8799675109004923,0.5,0.37491010157382704,0.26223999124425224
2024-01-17 02:00:00,11.39156636658527,8.206783788630222,6.254136020096159,0.49450077141583987,0.5892971148175093,0.39222427350831784,306.08143523211413,7.983140965609613,196.52609144209717,4.294422392426446,0.5299942768112614,2.682196423428773,0.5,0.5514053505148153,0.48492555910378105
2024-01-17 03:00:00,17.89197580745927,5.340937141715511,7.069813838998889,0.4781609719080189,0.7265101250181243,0.28561133518825976,308.7493683111518,7.9584924787010145,199.3447539340585,2.8846687505658783,0.4995050216185953,1.3781410530843674,0.898092540546778,0.5455310532655501,0.42662097606783045
2024-01-17 04:00:00,12.062777023344788,3.9155576477417324,4.025667135107983,0.15028225056938316,0.8356475101726601,0.5724551753552961,310.0434574289126,7.945331100531904,222.3329504040789,4.194467701368797,0.512433220094121,3.8939770662838598,2.2921121723927422,0.5315864523119282,0.462956972166844
2024-01-17 05:00:00,9.590329720453703,8.323605309027323,6.6734114854984155,0.2237467266728227,0.49809371503275424,0.46404562567116486,308.24726651745783,8.15358192848262,206.50958633716556,4.031784467065042,0.3733013721182918,3.341258530897215,0.5,0.39881506071577455,0.35422819844299247
2024-01-17 06:00:00,9.261227664265775,8.822943650024126,6.737559269021607,0.5895453109720808,0.2950975967800124,0.4761649763765455,311.510468595055,7.358129116433863,214.76848730251703,3.0226056031317876,0.5491276617706565,1.460571041443791,0.5,0.5611240982902961,0.4668369443554483
2024-01-17 07:00:00,9.485401216430677,11.69667016160444,5.846662231761779,0.2579505720982181,0.624234099179661,0.3793739039095843,315.63671159872445,7.620745235726904,204.1765240423601,3.489803485486587,0.3885976302759178,7.821448547484617,0.5,0.43674272907768413,0.31173668515349556
2024-01-17 08:00:00,9.831338218381019,13.065820247853319,7.7723417361588,0.3768204179312705,0.42736153445460157,0.17221314974900098,320.6603092554887,7.758065897664494,173.43112862100133,4.906661150320239,0.3934508135980394,5.27863900027639,3.593734965339351,0.43077328876018,0.32441804936942964
2024-01-17 09:00:00,9.379516117140172,12.94773082310099,7.397117520571588,0.24068889011423256,0.0647662422855743,0.5713193946877592,327.4326611410543,7.53310501300871,209.7045753845196,2.131288752269798,0.2815521509155252,6.217784491714202,1.1058968664988713,0.3553736391299127,0.29510483750326927
2024-01-17 10:00:00,13.259871123077753,5.627010125044806,4.336587003642856,0.43859757097882096,0.47569655027098684,0.4749392172199617,333.5665358307776,7.519641080404202,213.98194256536286,3.83787775909936,0.5271804634738473,3.951404128638234,3.006624879309916,0.5706941248196996,0.48190333827230614
2024-01-17 11:00:00,6.195680990060868,6.824234477237208,7.603253831724134,0.2297642891406968,0.4214662508808902,0.3355850473746456,340.2355575926585,7.5439616279320685,179.54251932398628,3.4735020543078634,0.34323076682543296,5.731673070141727,3.190560948978257,0.40141673473605,0.3080878240127123
2024-01-17 12:00:00,12.549826730368107,8.775241290620995,5.979210992984701,0.490450546483039,0.7984123358621767,0.482338956588031,344.8899710835033,7.866973288727473,218.26308249870405,3.657185148356339,0.6041013114149968,4.439936955474936,3.209470383477285,0.6228758678504861,0.47943068631252184
2024-01-17 13:00:00,8.67751074799638,16.66444142925757,7.820960833034825,0.4069039422837391,0.2554960654109837,0.25361640573572314,349.0441512494371,8.3371974214064,169.63111153908486,4.464097589479396,0.4140788114813068,7.172229747699337,3.3769010738855503,0.43792701763355857,0.372742558874692
2024-01-17 14:00:00,10.508583070040308,11.733843563032872,5.2988620398111665,0.42195628054635353,0.3058088881126027,0.518139184414616,350.8161502612555,8.021261109810771,204.37280190298887,3.7653519157373094,0.4571135524455622,7.201682377182935,5.76138678178827,0.465012926030168,0.41818114749037927
2024-01-17 15:00:00,6.7733916803369425,10.328137190973038,7.0008956870628145,0.5252694787990861,0.8361788605398198,0.6925087258114261,351.4315419528032,8.042052638294342,213.41019039104515,2.4270921495436855,0.7016034978476539,11.647763409033203,2.9898195299598704,0.7007552181232947,0.5925555405143017
2024-01-17 16:00:00,13.277968655026626,6.3181706579725505,6.43280315085125,0.371363821901362,0.41296820727722666,0.4037265774254331,351.24613128601214,7.984179148121765,180.7561903844795,2.9842334825624954,0.433906696274842,5.22556361698168,3.423785806360707,0.5020790571868754,0.3924841630119503
2024-01-17 17:00:00,12.846740564813652,5.363334243888488,7.555126807592608,0.2692166247003708,0.5718983719444871,0.3634451432254195,348.5500461709182,8.045529912366185,186.83813363851598,4.095594531386767,0.4368913828381463,6.721995805580843,7.7409359227155425,0.47793456458583183,0.3630197234455511
2024-01-17 18:00:00,11.80623279027326,9.149372762467179,7.18966714141587,0.1376408772213602,0.700581219632478,0.29915449184696313,346.68485290891374,8.205409264286796,183.89297607631735,3.1960822907304056,0.4158565124919548,3.887749839691509,3.9956325667884203,0.4919425888334673,0.37749507820215106
2024-01-17 19:00:00,5.912781053882578,5.015575399518183,6.354604274128405,0.4832533738833537,0.28432942708706377,0.7234973202008845,344.64193582353346,8.331175559164839,235.3108236706117,1.0524578440447152,0.5676653444127788,4.8174449289360055,0.5,0.5698323216495259,0.47190146417765894
2024-01-17 20:00:00,11.474976390718748,6.661104761129618,5.0708348057197945,0.5278209534622705,0.4768236941422879,0.26243136731019917,339.520403041376,7.713548669531344,186.3199826181226,3.4421962459015036,0.48470657433586056,3.7034924624399084,2.143468133198671,0.5243974894073645,0.4062078457627768
2024-01-17 21:00:00,10.30814439061567,7.010741704912982,5.130029513234033,0.6411588911851037,0.480357586054614,0.34266130755163055,334.918795338892,7.687327430870992,194.43727616565323,2.7889426065075784,0.6120732120648094,5.402637403901424,0.5,0.6140909244601278,0.4587666088944046
2024-01-17 22:00:00,5.9620263386058925,12.285731816624736,6.0707493701907325,0.41420167472120406,0.4513860855934034,0.40510535864120845,330.5479375890013,7.844028517449146,197.74252382336542,2.1229245355310375,0.44373999761466787,0.5,0.5,0.5039583497608761,0.40329929580581486
2024-01-17 23:00:00,9.448453849964874,6.697121218697954,7.183948985195727,0.1495022428339896,0.5925908229237681,0.14517174713713382,328.6003004793873,7.691186351169328,165.1189735035515,3.1770296215344165,0.29575114358825616,2.5026999594397563,0.5,0.3519029286181533,0.3103069275864617
2024-01-18 00:00:00,10.735240924201182,3.4970942048751326,6.081308276899374,0.5860633741983587,0.43443973665226326,0.39304720967528234,328.2640685789698,7.043523728454699,201.8348509805846,3.561067804397873,0.5456211126019901,0.5,2.206259129399587,0.5634706408910513,0.43941383744526596
2024-01-18 01:00:00,11.537409551496902,9.124431901152285,8.492273124298244,0.22402714797201234,0.6263281949857601,0.668801561482369,330.5276398098446,7.398151754168348,218.02796696668128,3.7306042169233136,0.5241000444621837,3.0029520500407654,1.2510629265733113,0.5275687218496331,0.45751111896846436
2024-01-18 02:00:00,10.55147748080844,6.30650850629414,6.882307755065758,0.21408004773908923,0.5056776752937127,0.16019718311913342,332.87081942050366,7.194022541794491,154.460485103742,2.389873605742358,0.29131476225395414,2.2223508019472114,0.5,0.35984582313929947,0.2796110373890883
2024-01-18 03:00:00,11.046130001758272,8.104654619544593,5.954491055624815,0.374544672952194,0.40658037756273857,0.2753228239275008,333.8632901880066,7.559641104594226,183.8929191526092,3.8386679928652487,0.43449703769405335,3.312273401515119,2.5934393923521237,0.48003596111825875,0.37302301806068683
2024-01-18 04:00:00,15.537980011230388,7.858847156189901,6.729515092919683,0.19856850857810304,0.32691226939323237,0.30580404882587725,334.3114045824244,7.81517713140273,177.2530632455654,4.890687561975347,0.3060955641292965,4.4201796621544425,3.0006542550764146,0.37613445322371514,0.3143094824487188
2024-01-18 05:00:00,14.580199886321832,7.455255471379014,7.9136497596888935,0.39264499332369285,0.42046364049660123,0.21434028563881713,334.341521988755,7.705330767310249,175.36618916904206,5.724165952234049,0.3920143393670366,8.369725474300791,3.790364700002483,0.4751353471919876,0.36649118677268805
2024-01-18 06:00:00,4.638703208720435,10.514396616286126,7.678518926639049,0.22923106079863625,0.42491339613881435,0.22336845303051137,334.8825887220916,7.049967629420882,171.59060643958992,3.8970517883371945,0.36056161209929105,8.350873615917905,2.030016645686689,0.42043523868581784,0.3574795348114696
2024-01-18 07:00:00,9.432326935172934,4.996649800120698,10.922618517458098,0.4991047243511038,0.40868731091330274,0.2846070842752494,335.58847253233876,7.223433318137062,195.46729588936734,2.304748061814136,0.4486985497659692,5.3231946864596695,2.2550327786968483,0.503597492096165,0.41088219778207036
2024-01-18 08:00:00,9.755490286502578,6.88626366750661,6.169114585437728,0.4031683292919115,0.5415582777011786,0.6451629313147346,335.1462919133813,7.606334027838884,224.38082381686078,3.83246895577493,0.6171776368236614,2.9635948244584833,3.0581713000278468,0.6223253451055285,0.5148001959966566
2024-01-18 09:00:00,6.170151183050351,10.035588782972594,7.253305339644455,0.11767223862869572,0.4773305071489176,0.271222359594678,334.25057891993333,7.565120322842657,181.7717527749447,3.1397056897161115,0.2958166206084534,4.101818522398793,2.424961646762661,0.39573007526661536,0.3571451375062074
2024-01-18 10:00:00,10.16731663034967,6.55445725527184,7.748286557613585,0.4534640822866711,0.432485731061432,0.24426874883272257,334.68685250040187,7.665007747007574,180.79095141196126,2.3235145360900646,0.45041468212488983,2.6419628698685917,3.5193488506202644,0.48642969554262694,0.4203159538589699
2024-01-18 11:00:00,13.762895148886104,4.707315510044387,7.247059351566624,0.2658924003297219,0.28915059412479915,0.27639715655848274,332.9454778026015,7.547945263567669,182.6619487830518,3.8132069118704317,0.370621964383481,5.900616133501558,1.2376327587250802,0.41713774131673953,0.3261471304288502
2024-01-18 12:00:00,6.998956029671134,9.620898984485095,6.354711250731687,0.6727926306908961,0.44370764484582026,0.7680906562665764,333.0365262344256,7.754260528170197,225.29725923385007,4.52275292355302,0.6931448581308816,5.051539190734023,2.913552165232731,0.6972391205904729,0.5685280165801742
2024-01-18 13:00:00,10.189506958008748,10.971021485923814,4.8037542455528115,0.25968918336648894,0.6629615938074297,0.4959785424659661,329.89761484667594,8.05580334221725,206.35472752809392,4.507790971829692,0.5121889430698302,1.3574974893016654,6.560884954334437,0.5302991819638067,0.4101113565054727
2024-01-18 14:00:00,7.020592703486089,7.4500388031335545,5.959580038381619,0.40868692842408366,0.48990668177666896,0.4567677909172702,329.50980166636896,7.649304931631627,214.49597149285145,1.9272304083996363,0.432488019423336,3.6101179560606242,0.5,0.48794394606719665,0.38889957502350175
2024-01-18 15:00:00,7.371944404620467,3.990205812815636,5.2297414048042095,0.2959253020419181,0.6100473025872155,0.6484088411285791,330.27031189241575,7.0650966659274035,233.11520272479774,2.3787446701144934,0.5028688813481212,3.886559835075798,0.8222790642651027,0.5741203358920814,0.4792347123846798
2024-01-18 16:00:00,13.247808791610815,9.288888360348738,4.648684200622428,0.22184578536069316,0.8518493249924506,0.30474811764868537,333.92307855534204,7.999464027444657,200.1833256353853,4.213238197456885,0.48242131758960893,7.546203546142028,0.5,0.4990689556539924,0.4827559952813196
2024-01-18 17:00:00,7.444947861546246,4.336189767100765,5.741131213718164,0.3002828848174379,0.40582528472498713,0.3704194274893542,334.28147590966597,7.96713656796001,194.84281562008974,1.0636803706120674,0.42679920945561134,1.067489354154113,0.5,0.4967742916913343,0.3771053907808761
2024-01-18 18:00:00,9.814595723969745,8.1365380701346,5.238465366172102,0.47032954639095675,0.5184225051258368,0.09319498804780992,336.787175934988,7.588158766019301,166.67496663261355,1.8845895845235625,0.46117481999169296,3.9355448309760543,1.4383762093601644,0.4952023442703902,0.3941509884976257
2024-01-18 19:00:00,5.111597288039619,5.569127977078758,7.780870127463403,0.2836082138536678,0.3475457570039634,0.4746482689969775,340.07358512605003,7.256734646102231,210.94707259105186,2.38516712271264,0.41766820051831616,2.2231445751723258,3.4508001052008543,0.4883681272287801,0.3915487468556008
2024-01-18 20:00:00,14.638988238142653,5.144102756050354,7.469719485123187,0.2039081084746538,0.7986576981814314,0.39820024352782374,342.34060457888796,7.378348815952074,208.26358412945228,3.8881251807444013,0.5009540599035944,6.417622479534214,5.022961555323258,0.546125034161276,0.48535558071582957
2024-01-18 21:00:00,10.410885855333033,6.54655060907684,5.641230302096722,0.4517373396594818,0.7950724744178269,0.5530071800198673,343.46295937327693,7.063708515508238,233.65994698339398,1.7218283079201493,0.6316807533393138,5.881008049419278,3.3747952306450997,0.6529704941367421,0.5122836169317139
2024-01-18 22:00:00,8.48980902192919,7.21266727919055,6.597190754812505,0.23603543258367626,0.36543284046109065,0.20688918756403687,341.60477004851293,7.175464949857202,179.26252890400312,3.3027336143582424,0.24708404637931916,4.355010249356239,4.7087520282512205,0.3401887825262216,0.3197485138787583
2024-01-18 23:00:00,10.693129853876533,6.323796813148065,4.640296273231564,0.4741408141636628,0.2768442184226277,0.7423072464866236,338.0675170765857,7.155802987335135,234.88772584556793,4.041566448084848,0.5841603717640221,6.118462669517553,1.3686720156208387,0.5823157219390963,0.4821751588860089
2024-01-19 00:00:00,6.254602510035741,9.540935244476898,6.296288861977727,0.4186216802102874,0.43981757980669584,0.7512257235400392,333.97383016681346,7.208511870404892,238.97442273600834,2.6775241113232613,0.531942984738559,3.895148622450202,2.513223911866746,0.5358226453202285,0.43744673354401964
2024-01-19 01:00:00,13.176661036758453,6.965052952462873,7.80043829348733,0.3752652117866988,0.46332191740455914,0.2911626766709566,328.5500103026247,7.608295697878629,196.08644975186925,3.774603304901784,0.43575242787425356,2.309686844912392,1.3273912218032304,0.4798666234657847,0.37748945628894587
2024-01-19 02:00:00,8.794907628053263,11.161286667613997,8.235838469848693,0.48110146514273194,0.3759201618246599,0.1565982018653341,327.49953798826397,8.096442176586942,179.56890108798896,3.9592023880836975,0.4289580133971822,5.704058871446959,1.660713590185029,0.47174051442609344,0.3531666625319335
2024-01-19 03:00:00,9.229337223206743,9.040694879697712,5.9734374392187455,0.6118449207535235,0.48123017994147776,0.3251456778322182,324.40591743205425,8.03914179994978,196.78404718996214,3.623396590351957,0.5586470367268423,2.257174594045229,0.5,0.5801397537470336,0.4682767003117173
2024-01-19 04:00:00,8.607463457439916,6.676753396341657,8.81303847702499,0.39528233045980987,0.39168567491621775,0.666838706832945,322.22702392065054,7.4354828258954155,228.46146409229576,1.7212975198382479,0.4790910339322945,1.1527703541687178,0.5,0.47021378869725505,0.38182649465662905
2024-01-19 05:00:00,8.447776472786062,6.368989613512968,5.141928499716443,0.2551263569259507,0.45327284674709056,0.6546630777603755,321.464494716959,7.530659486491217,228.4413521190275,2.1053065961140986,0.39736237902621546,0.5,0.5,0.4400389298352604,0.3730782477049268
2024-01-19 06:00:00,12.087583242007735,4.974503139868153,5.535587703607523,0.5317076868002713,0.6005691430542831,0.6610853528326903,322.25667394607825,7.972694865851951,228.44992746858276,2.9805703878613152,0.6012393102536602,2.6483176264943418,0.7422249763909535,0.6316235723786595,0.5165385983409273
2024-01-19 07:00:00,10.64771271142178,9.241793045659058,8.438334373421158,0.45618161437195837,0.5838084266731708,0.6494534056574249,323.7932902082055,7.915669390063054,234.03874349654194,2.9158313953991355,0.6114635618167651,1.1138115267555697,1.1601024423356288,0.6268728113633047,0.5375617689566538
2024-01-19 08:00:00,11.788860045092296,7.483665863806454,10.513194984645112,0.4147188421780636,0.5714069261647261,0.1747794639302761,326.79653538522933,8.099625174656941,184.5051526195036,4.861210437529762,0.4010009011338932,5.353315744681855,1.5963096329579138,0.4642668916914313,0.37305725370689263
2024-01-19 09:00:00,9.665171167883557,3.8931556279246413,7.726817141353963,0.12348130598765852,0.8022237291565254,0.1509707172009666,328.0400484883662,7.716057472217804,175.74599819725114,3.397896120019529,0.3477146564318911,0.5,0.9547681647004763,0.4599759667818504,0.3573281275237762
2024-01-19 10:00:00,10.990571439918632,6.932360614635448,7.050582475309381,0.4556779623586843,0.36369664082731373,0.2227031228262653,329.29584379877264,7.650816611918686,190.87860489645507,2.4965995650137125,0.4368779454986981,2.9928074834496194,0.5,0.4654281405104881,0.36382840500578334
2024-01-19 11:00:00,8.292734518245135,6.089080964326429,4.203874544474532,0.3057092610394456,0.45762304126175607,0.576534863984009,329.77020134356985,7.352519536552142,231.4752331231811,2.556771315164842,0.4310221727995989,0.5,1.8676282677479779,0.47048652195857976,0.4005504710733396
2024-01-19 12:00:00,17.021014889391438,13.263435549035007,4.338277212289475,0.07370630001882703,0.2741812079538627,0.5861321391819301,332.3388098876751,7.846580187578615,224.84977903621942,5.433352636579716,0.28664946348810333,6.709303259182485,3.554122879497655,0.32571242795292144,0.2556132783156322
2024-01-19 13:00:00,5.743727928623605,4.57967686867865,7.070181785222049,0.03644329064826322,0.44531552457991325,0.5202107171517627,337.7966609561281,7.366566151013818,214.76319282480827,1.7107642143991484,0.31925305651795866,3.912854030569658,1.6208401956996257,0.364627279255966,0.3218125318345375
2024-01-19 14:00:00,12.406912830212123,4.9126457924576306,6.384097500413071,0.22226235741986577,0.37169254421834086,0.39624927346310357,339.876556120604,7.605056409848592,212.89084743721259,4.0573399019666,0.36202546636855837,7.448900150018664,5.5432564008907,0.45873361566008075,0.3534964634332398
2024-01-19 15:00:00,12.539325832373445,10.985717519018136,5.249882744489003,0.06854397070452405,0.2628535337775908,0.11567526784873107,337.3597849865175,8.13521794260033,165.98078564616014,5.000196667064023,0.14840990471393262,4.895190271653861,4.871996786283416,0.2534751279176653,0.20958622281632214
2024-01-19 16:00:00,6.632321610031069,11.78340219263807,6.519426131217042,0.3289021731270157,0.5497887854857805,0.2743363408441883,336.8704769767312,7.873707646385668,198.16512059215052,4.137446756917207,0.42604365756646223,3.6155385502311757,0.5,0.4492167710532283,0.35254654638980276
2024-01-19 17:00:00,15.559637045444731,5.982002877383141,6.786279037251351,0.09510070925215508,0.4501782640828212,0.5055946678946261,338.07675235658223,7.4643009778527025,215.85422599892078,4.072468367730352,0.35342828124894443,4.922300998713183,3.3165490344049497,0.4249491426722145,0.33910489870178856
2024-01-19 18:00:00,10.96984912953325,6.193371151968034,7.850264678121505,0.25772004528466663,0.9142416670079311,0.25748114700777125,342.8590365298272,7.3730417031493305,198.5024511498346,4.344393464825487,0.4559947017822474,7.55241884953281,2.6781855228017015,0.5178256908764527,0.40757543567951954
2024-01-19 19:00:00,10.919542992511973,9.25970601239345,6.920011428935856,0.24813221790883264,0.7356983189639,0.30037094768011363,347.41650227200705,7.524631806148835,205.12518762581618,3.168627288139026,0.4507377780486955,7.681642547816873,4.301138599582827,0.5168829720227238,0.39937228887811377
2024-01-19 20:00:00,8.454891302050706,3.6345742472917966,8.741945997006681,0.18067529889438733,0.21541384147603987,0.5254388365935009,352.83298812587367,7.614047983589814,218.21218029423397,4.6883262177733185,0.3040589008081056,8.270921359504575,0.5,0.3737454996636974,0.3256480299736994
2024-01-19 21:00:00,8.001480670153425,4.261989217436227,6.51225481394336,0.24697098273190612,0.5194630124516251,0.49055154088753017,359.6287202283188,7.514128822415407,221.55583821369234,2.7747096597788565,0.43211821627964203,4.639218880888032,4.865899626663284,0.46662628966104813,0.39978560174668487
2024-01-19 22:00:00,8.162030134706693,7.15888755877347,6.359394769895731,0.23370437864441976,0.38339268271662863,0.5025925508261162,366.82802711997437,7.794486704552832,219.76462978059644,3.842310720631729,0.41047259720652746,10.758990201958841,6.8252480026926685,0.46593061769148114,0.39045412201462015
2024-01-19 23:00:00,9.853735440473772,13.05028440774391,8.37166850115862,0.47088181079715213,0.16679611068973202,0.4735871548497319,373.28527181767936,8.000295037041946,213.16180819951586,3.535711939274561,0.43698231214821903,8.538157692343582,5.845325682400743,0.4989285506801544,0.38346657342547696
2024-01-20 00:00:00,13.361234630563949,7.02041482816445,5.660168054812987,0.6249911120947598,0.3117499799256206,0.45081810624245705,375.4229484746039,7.790432872847747,223.52755975676456,4.080175084639073,0.5769971881908003,6.65569498704648,3.8972779225205954,0.6068007508018074,0.5125582527429032
2024-01-20 01:00:00,9.698133384168466,8.462808545033814,12.773586908752371,0.5269236081755138,0.38695097458530375,0.6754550630558814,376.2985761143662,7.670996674143482,241.20244609321898,4.001216456533677,0.6024331908329008,8.873538378658264,9.750055396468834,0.6356616120818476,0.5411669848768903
2024-01-20 02:00:00,7.281299800594691,11.941904358925497,7.688655532933026,0.14520342393354047,0.7903311924366802,0.2726909522462844,376.330046720517,7.173136890600612,191.11152272494851,2.5867125502909403,0.43714525539201105,7.232698052360494,7.2708463094970455,0.48281938932469887,0.40166759269639873
2024-01-20 03:00:00,12.033554189808273,16.49695672090874,7.69372731549559,0.4709195588826525,0.39909517763576663,0.4068629777965131,375.63973577859423,7.546101818170461,217.24751798551557,3.557706839624636,0.498993617765617,8.003685030805112,5.673380809240023,0.5571451944233873,0.4995774443175411
2024-01-20 04:00:00,12.517877899356938,7.051791494255471,7.9611245646844875,0.5289660035396059,0.4278829349795351,0.2392025935740436,374.351475031166,7.56534168822527,191.44645391418533,3.489250722317684,0.5141418926751526,6.841039929554924,5.1744297034526126,0.5636327650144697,0.4300447716990553
2024-01-20 05:00:00,11.707708371519429,8.482766467713844,10.48628945402891,0.06663113578861442,0.3223525144744386,0.10236872892181616,374.8843065883107,7.376269326374682,159.45023558549903,4.645514227281436,0.20306744756394066,10.039875544845954,2.948035308010684,0.29311062836216745,0.2594686739147857
2024-01-20 06:00:00,12.04077126120365,15.307881869700221,8.677310267814407,0.21197653503192426,0.7926489839890484,0.36264963900742003,373.5630583481829,7.504344348821025,197.88903573266975,2.80694838414942,0.41178847261353846,10.554009404456766,6.787997448526524,0.4837458149305976,0.3775568639713935
2024-01-20 07:00:00,9.034792121370453,5.239995368898677,4.921027660184933,0.432643817922972,0.20073167928441132,0.9432309397938557,373.32363808783816,7.287266067609511,238.67818705411628,2.506577008058886,0.5270190286420623,2.89426671477297,2.631049802783944,0.5468025819964326,0.47789618567343756
2024-01-20 08:00:00,7.456742664119769,11.783487077538068,9.66148507185745,0.19801929660134085,0.5074887296099369,0.3990403698435065,372.8894150813631,7.314747133672436,197.40401522218667,4.470797688115055,0.3727317157883818,10.63557069573156,7.541205477274167,0.4581441326193718,0.3807478529548786
2024-01-20 09:00:00,7.491471140383098,6.068502307057463,6.588922152758475,0.5134017820858516,0.4607706875764735,0.3253762484595334,370.46831793107594,7.036948879125439,202.15901355657476,1.7124927334416653,0.5006015806959533,5.81304953759015,6.219516374796798,0.5687071011317083,0.41922468025222465
2024-01-20 10:00:00,5.945198358690289,8.585134658473018,7.190612262001198,0.3908771317261079,0.47869271073535163,0.2794824635808063,366.0306216968893,7.232524601199021,194.7064156454165,3.7400384635048565,0.44580371474424324,7.693410017397537,5.235916831411473,0.5173864855595409,0.4014324726691742
2024-01-20 11:00:00,9.850390140786434,7.58174382542632,5.34064771804424,0.40798430490901255,0.28812174537979973,0.7432472736921194,359.01047074978175,7.336382512612494,233.0140421861709,2.296680532933366,0.48740139982529845,8.756698948173309,2.2937834382454945,0.490325776356228,0.4713238311028065
2024-01-20 12:00:00,8.816806767760307,5.939899562799089,7.498935301882001,0.5684600360274459,0.6260963608123219,0.3260543056518766,354.49525878944894,7.157521330973177,216.34631446968297,2.2230032955070875,0.632554339438515,1.510914386843794,6.271263816230011,0.6307919557398046,0.5058447090386596
2024-01-20 13:00:00,7.809223160283498,5.802288038834595,5.853699269223176,0.47897921396519,0.30771947744093125,0.7229838397835563,350.4632533767679,7.002531936451292,235.67686740661068,2.571837512084873,0.5434519541965493,7.820354806934135,4.038190297411359,0.551152992814875,0.47522689904913695
2024-01-20 14:00:00,3.7831391570147836,8.556077805438724,6.7962529897080755,0.13602621197515935,0.3278318117799854,0.4078923944558703,345.2365491796897,7.060163899386279,189.32815798889766,3.820595224635242,0.3026021099595909,8.692082167700015,4.282149317433998,0.359790178706815,0.31606254434854253
2024-01-20 15:00:00,5.99665036664337,10.632236526202842,6.219449604005805,0.20815165601050584,0.5693522515430368,0.15080326886073264,337.77130082739643,7.378457756399428,169.92794884884339,2.413531881601722,0.31919257180508726,3.269706379624319,0.7224351500274291,0.3833133011546658,0.3080158724853292
2024-01-20 16:00:00,11.481468447288329,7.3422719757438655,9.833359125189155,0.3716336742283791,0.4712807830158773,0.5273377708128492,333.1061401559595,7.547654609052023,204.9060520773989,2.219074347022889,0.455500036715263,0.7228155433744612,1.64630965873861,0.5103767748864257,0.370392410902
2024-01-20 17:00:00,6.907031267393301,7.774997868598482,9.929162621776973,0.19932375409189812,0.5519499180124211,0.22628840164492064,329.0276820491351,7.46111060374228,174.98222514112436,1.8212903497464243,0.3453104253471356,4.797146797530025,0.5,0.4188565134301746,0.34152896245329284
2024-01-20 18:00:00,9.183229238781108,9.102259829056726,6.536793485740176,0.3927699526304129,0.46350536523164343,0.17909610389794836,325.0449967299819,7.646665131419675,175.4891024071609,4.043357022238371,0.4079086805137429,0.5,0.5,0.4517180488132141,0.3598514521239068
2024-01-20 19:00:00,5.646814952595452,5.563525412050617,6.585746960916022,0.3951335694708288,0.11886943404015923,0.612450872701345,320.2111164537992,7.832806688214171,211.825923575354,1.219797135887995,0.4252839599595758,0.9449293205230271,1.527693792402116,0.4552538156557339,0.3849033850658333
2024-01-20 20:00:00,12.59622179006768,9.671944158258029,6.0555200924745405,0.14249692917076115,0.3082754847412656,0.20019253647773275,316.2874049074145,7.9737837133905565,153.54898136239527,4.7712023563248716,0.2986020429452972,4.943724786828479,4.280328988665595,0.3673037974216174,0.29311176280157725
2024-01-20 21:00:00,8.211437022743258,10.010109447068992,8.540142756635392,0.35155505849517815,0.21688322551721814,0.40675181977279407,314.6105634968507,8.047451325351311,177.51676482410423,3.3769535270331916,0.3775805272192556,3.021891446432386,2.127849969319344,0.41682314796158004,0.3381775791602242
2024-01-20 22:00:00,9.453666578684787,17.925160243733064,6.295668313342147,0.18440299897977094,0.6251674469212978,0.4639693792755299,313.2218512860247,8.229552671033332,192.78666039299793,4.0687832450527175,0.42062505124558347,3.9176541025040885,2.4822910372740967,0.4761415590679991,0.38947817106284494
2024-01-20 23:00:00,17.087502062713487,7.001778987047034,6.152760634447737,0.22992900172594732,0.053148724440925374,0.3895419026389757,310.069225532698,8.009652951634946,169.27970727144535,4.406543068070367,0.2993944660978004,2.48559466164187,3.9102141292206607,0.33525611337018296,0.25866027810874637
2024-01-21 00:00:00,13.93950733884768,6.9185626350053875,8.466083413755934,0.3475457874504574,0.4807605241071726,0.4953847937132146,308.3673966018981,8.078516220533805,200.07565825020353,3.212615107298269,0.46298375511060613,2.937415915166454,0.5,0.48542440784865887,0.43106161777010327
2024-01-21 01:00:00,8.55759374895952,10.390554056434784,6.061898334387014,0.4780030956848251,0.09249280938841278,0.4324917424341987,309.7873009983625,7.823441107090245,196.7646237192912,4.241836835541042,0.43025295440854217,1.483112614934001,0.5,0.4226105108467111,0.35080050696334597
2024-01-21 02:00:00,8.062632890682922,10.694637905883125,6.99352512170659,0.13755284297168235,0.273435306787496,0.2786918247179311,310.9879138003865,7.373404423011599,168.1793986841893,3.168275912095541,0.218761791663116,0.8923398379371266,0.5,0.2809767587453128,0.2327538501956892
2024-01-21 03:00:00,8.844879751256707,7.008296938358384,4.943727344753144,0.4708288756130595,0.23135902389535395,0.34660090463052556,312.94175086892466,7.412174929773153,192.865698259632,4.774056948166201,0.39009280175579825,3.1152393763130144,1.4586558154186333,0.4051502892355862,0.3698557740861065
2024-01-21 04:00:00,11.32980712570386,7.368238876098183,8.091597243025126,0.3720691146642351,0.5013114962024755,0.3345025660740839,314.23428811610813,7.594653731479678,198.3677933041337,3.5730949467278394,0.44893018123244155,0.5,0.5,0.45854086596480703,0.3910134581554196
2024-01-21 05:00:00,9.623696328295381,10.012788947960544,10.924102556424367,0.33644013297992564,0.42438210887762445,0.3612913235588589,314.03230405060225,7.562305619266612,206.24613921852438,4.880105027012399,0.4077794721035133,4.634840786358243,0.5,0.45004229340820395,0.3579334210383629
2024-01-21 06:00:00,8.908470943869387,6.466903192550476,8.399633435735554,0.24115106080284818,0.7577938011516545,0.2880846463755104,312.5837821597255,7.701512286810263,194.87563257925018,3.004002473066736,0.42067753850127054,0.5,0.5,0.4506955691018944,0.3806523641858311
2024-01-21 07:00:00,14.988697399807956,7.368179989976871,9.733786208527542,0.3464845220996684,0.2947532098785707,0.5909627895887971,308.9809850176289,7.699368407564913,225.45948067536463,4.648846398925837,0.44830843301302165,4.182081461271486,0.7991967544315295,0.46159393420323414,0.39913533732011613
2024-01-21 08:00:00,9.566950219063573,8.58932233211776,5.964238914658765,0.14481975784907775,0.42384331455413615,0.1587696490814616,308.54748886827906,7.118201297937805,166.09353506841796,3.800234211292123,0.2769121266155017,3.2143257939675096,1.6370711877400432,0.33755655508837434,0.2692729994226598
2024-01-21 09:00:00,18.60465185903269,11.364119786491829,7.524601744332895,0.2400699303869785,0.2362844285261673,0.7066603017474543,310.142373876026,7.304406864186153,229.59462900067822,8.185390836917945,0.3844742342140705,5.28214104156492,3.8809623167130165,0.4591586381939902,0.372406795227755
2024-01-21 10:00:00,9.877866334040071,6.721548818968222,5.809762128922037,0.4587888277207614,0.7839943210016243,0.20818472145648104,312.08048525864524,6.858903080933153,187.64392511511073,3.906081021605178,0.5157985203437607,0.5,0.5,0.5175971167841216,0.40008605862355556
2024-01-21 11:00:00,15.599325935655795,4.455255377666496,6.719792593980796,0.37686483185436365,0.6115324148140798,0.4755744819797518,314.4292369375574,7.007200119240958,211.25671825732462,4.09234430368709,0.51829129566356,2.1732176802658527,1.26490991586667,0.5073928212259876,0.4447105862740648
2024-01-21 12:00:00,10.258600970641249,4.279752907491963,8.296958217689125,0.39802198208415607,0.6719475408427943,0.373490533670303,317.2289522268767,6.911435500953477,200.431245959111,3.4629186336284,0.48218531519827706,3.3649527988879973,3.1088841117775132,0.49450543081725973,0.4308033174712223
2024-01-21 13:00:00,11.918328237046472,5.193741007049992,6.949773550930699,0.7974148039132589,0.37709714836670666,0.6518661082815469,318.7382032007529,7.312550819966759,230.2718282894095,2.986445526900164,0.6801027354544811,2.545601526380908,0.5,0.6509689363663528,0.5476755870690607
2024-01-21 14:00:00,7.294169767845016,5.024271019893296,5.077750044346562,0.23151934054295992,0.4610581277044208,0.45820262450219545,318.9704367863514,7.54083754853772,206.3499618661517,2.956036906535989,0.41308018571192406,0.5,1.8761848168188149,0.45742775118367635,0.3266547980908534
2024-01-21 15:00:00,6.924436717209005,7.176946751325314,5.076879595163043,0.4145365012833981,0.713428318286044,0.4644313680342373,319.1566994218183,7.258268826538224,219.86514274554648,4.792955114988112,0.5541337443545471,3.2706711417923775,0.5,0.5840307601029835,0.4677811908128938
2024-01-21 16:00:00,9.884393972386768,5.096519648613582,4.940977164497722,0.1566884349410597,0.7989718280483767,0.3515783919821061,323.80009130437685,7.126854984626519,199.1389709937393,3.926320049539344,0.4230091808847675,3.5194656561131374,2.24509614574998,0.4797869615476997,0.3620033243470259
2024-01-21 17:00:00,11.38444461993113,5.908224252504531,7.524310769112417,0.5873714735828175,0.6175979501232727,0.2832038965450313,329.8571758552718,7.416751704656081,199.71826411366814,4.925341247435529,0.5417977956629239,4.664762464943156,0.8744969976295733,0.5714481441142234,0.4794288032414097
2024-01-21 18:00:00,8.720904511342491,5.753690869620049,10.46316535964049,0.27942640560945536,0.9172328864767918,0.5682450169484707,334.6483652573105,7.659671345538013,226.050432239496,3.0883742941477,0.5517014031836148,2.192953883998649,1.4824310566281367,0.561747663922563,0.4753200157225593
2024-01-21 19:00:00,6.045182771538412,6.405760317914119,9.07282096365785,0.31538046393941954,0.6450714160114904,0.6941671266016741,340.6688284318211,7.238902873412298,226.77275897083638,3.085857977651175,0.5426187020948973,5.5016124882591395,2.5512037861957646,0.5948845373857693,0.5001469545022952
2024-01-21 20:00:00,5.985199096729285,11.314781327432495,4.513567998937221,0.07665341165487738,0.36356459169883465,0.6174003646241358,346.88432596170514,7.498161244849922,220.77735348324825,3.8083765898690363,0.3971253933536224,8.507309345011095,5.199935207077409,0.3807265334466895,0.3508200886425893
2024-01-21 21:00:00,5.966847150289898,9.236256213579003,9.520063693816839,0.30276321118098715,0.36076324173581326,0.3398350504461746,348.9655988767367,6.85350207358653,191.63762153965655,3.0698940960168724,0.393530653618027,7.548634538704704,2.5713570894727686,0.44957982330920304,0.36943909294696947
2024-01-21 22:00:00,5.530863917929666,7.597195151699051,8.657835023712183,0.13718858656454608,0.2547645946140403,0.7553098207344356,349.7697858253408,6.817967869491166,231.49133239752834,3.5976630637043665,0.3313389992164855,8.089428561668871,2.0130702900554818,0.40175920675383753,0.3327790711434592
2024-01-21 23:00:00,9.562240858203923,6.608381018461601,4.946652702359315,0.6604872683630997,0.4308884896500923,0.5339260361503347,350.84183252547444,7.2970282912381474,227.6541963463266,4.284191455652547,0.6411753714288738,10.61144684463836,5.896823182789016,0.688429128047717,0.5857749488159836
2024-01-22 00:00:00,13.000818253767669,6.762316777332731,6.5831372133836545,0.26380149884089144,0.41405615020556297,0.3209361591247865,352.04156028035817,8.161228748404785,201.99058881057363,4.9843924280799525,0.34331876240141623,8.620707629979545,6.387563149628297,0.3851586448995789,0.3594383667054423
2024-01-22 01:00:00,9.665546130082372,8.747909936950938,9.209691703833053,0.15955449304185484,0.3489579010825856,0.5568712413381404,352.0873070454296,7.971866923523694,228.45103071807924,4.184040445230018,0.35694561128918,6.12310635875517,5.203906341571298,0.40921845021364334,0.37199093152023305
2024-01-22 02:00:00,5.258737271072158,9.617521073319317,8.019676929666124,0.282041828617729,0.4662650008459516,0.7533979575818136,351.9557440527,7.712002197835429,243.7163115477774,4.3355338976184035,0.4790615530544787,6.5570743747472955,6.9856506922009824,0.4908624085016454,0.4789494905706131
2024-01-22 03:00:00,9.553408597470176,6.030367289924202,5.546642234034747,0.1998118805207983,0.4862043416088662,0.6724971181819874,350.5930578016356,7.358306356513064,233.04801348995386,3.541384083278857,0.5030331156148242,7.4995221011194815,4.278394197329515,0.49154413658144996,0.4554592107607443
2024-01-22 04:00:00,9.760550489899076,8.22063164306547,8.350976573899773,0.03171855935215319,0.4416082538442809,0.05978371455848605,350.79055678981615,7.571356939303381,166.2360161713226,3.937911577667613,0.16442551474226721,4.942343025352774,5.435319940946752,0.2670290002248342,0.2074538286696647
2024-01-22 05:00:00,18.539531134008392,4.259561185946577,4.480328253141546,0.30245294761632047,0.3022501745931701,0.07252777096477414,348.49150963597486,7.36302849418858,169.1651106980067,6.251709418221353,0.30432932788059847,8.996665486131,5.7442620822255375,0.4037396364900504,0.2895053222916847
2024-01-22 06:00:00,6.884080814430212,8.737156986218936,6.824959107652867,0.15056528145232265,0.6106305038768847,0.32587886024824647,345.59072545434174,7.161275846754713,186.6952108057532,2.736418681267686,0.3485588339256285,6.853877229738393,3.1599623339495615,0.4365849848745092,0.34705095126492563
2024-01-22 07:00:00,9.271871181017373,10.385309424139775,9.640949758290034,0.30811555594661055,0.14649375963675315,0.29320369233045523,339.80250796533096,7.183595667043746,179.05228151522365,3.0842459864235536,0.3356066459014961,7.738435969181124,3.7860701848465306,0.3805301630538835,0.2556752459641679
2024-01-22 08:00:00,16.581952593967223,7.387308550827701,7.167691358638874,0.5463090357990166,0.8266527724828918,0.7291738742228433,334.5811634362516,7.602792614953156,234.06668160976983,4.516156637648811,0.7235248012585689,3.1164277218914735,7.401755535049787,0.7259192345706866,0.5974006876152088
2024-01-22 09:00:00,11.548196520849253,14.297507937390494,6.4524788775679305,0.46224477591534713,0.4913490838208903,0.43747524560597995,331.02219512737344,7.569899371546134,207.2555543771554,5.398506707083774,0.550968332332287,5.735885953850615,4.552778795378072,0.5643691505706503,0.46815067079953737
2024-01-22 10:00:00,11.755960323250935,5.949295958010964,8.724583712306682,0.5093869353065323,0.2721044890894057,0.28462139637579514,328.96695432524945,7.211515347494258,186.49641590162253,5.365309948640672,0.4637842419435624,4.64323488985314,3.5174059128106996,0.5064861155950557,0.3910883907015541
2024-01-22 11:00:00,10.195814836785043,8.323761747523694,8.729721465190243,0.32141900068024576,0.27083413552014085,0.3910774625768148,326.70092678461197,7.181150651453805,195.02985108385118,3.8010762464272907,0.35536419576485073,3.1119154596864815,2.537201945078243,0.4317309814777016,0.2985567835621574
2024-01-22 12:00:00,10.63176701749686,7.546081047157035,9.392505159374672,0.2743585241341542,0.2841314888722642,0.5726133728053642,327.3852489947745,7.062113479166412,216.6618058612641,5.804204660762353,0.4888516792500134,4.9300423844179075,0.5,0.5008492796961393,0.4174380795401887
2024-01-22 13:00:00,11.82699996480246,7.265126060138693,8.675218242385162,0.09164651069913024,0.47962574171500033,0.3485799715547552,330.2204754469623,6.894294277915477,194.66019410475752,4.522216703206087,0.3258163484975219,4.130688452787097,2.6360316744338053,0.404684356802552,0.28986241470146296
2024-01-22 14:00:00,7.4501203967612355,7.114419299597973,8.613566930612771,0.36165261082793854,0.40040854990412994,0.5561766771294265,332.58177214361496,6.804160534122297,218.16205275541998,3.534407771376566,0.45346049674031724,6.288671148252552,3.4200471657244553,0.46381497078926553,0.4381828145163447
2024-01-22 15:00:00,11.768556575729892,7.526619891377849,8.316822128185601,0.516581992566615,0.46199783101520414,0.3399759803251629,335.07938251825374,7.369935377433253,212.7929837886849,3.823741998856571,0.5149290798134327,7.321228408894109,2.8404876271012816,0.5565273329984414,0.43031924598845583
2024-01-22 16:00:00,6.193955851266116,9.430336510102856,7.475887854387713,0.3188823484466795,0.16863582283518416,0.48646348484081253,335.90102686075323,7.1346895123361165,217.89093843236228,5.168361854316123,0.3917045452349908,9.745646241758166,3.3749768174000128,0.45681060380585836,0.31336895675847554
2024-01-22 17:00:00,9.906495546945168,11.085471207020797,6.965405890284244,0.7255479382359543,0.5506610636508019,0.4968554599310152,338.3910789516828,6.949951440238266,235.986965370043,4.38942392744944,0.6917569908320664,6.582113697995279,2.051805662492666,0.7068321856177663,0.5548812868306809
2024-01-22 18:00:00,9.4876382753969,7.102982210189837,6.393458142307247,0.2989237599673676,0.6746767342845796,0.4980910916611888,337.59744365562887,7.1816039705817465,227.37861139078154,2.855592428314216,0.5133076507920313,3.7448739875538837,1.5406510126050454,0.514573929824247,0.46701809083741924
2024-01-22 19:00:00,7.627424758681451,9.236018247422457,5.312479163843406,0.4819116872392904,0.5903233653763656,0.09974035032877528,340.52948532619604,7.3502132396796105,174.81465654496876,5.724476526997639,0.49263299170999486,5.357447876344721,3.0748750161601652,0.5351222496066835,0.4182379603314876
2024-01-22 20:00:00,9.095116251625868,5.7142121794362275,5.487151605580912,0.1937747564891954,0.682134930737641,0.5188267051317687,344.4226206887308,7.007707563483267,209.62981208140707,3.921180657160151,0.48442680188498527,5.703918815281112,5.963284647417413,0.5224096522231308,0.419478776386818
2024-01-22 21:00:00,7.800964035380306,9.223647713794458,6.505986588178482,0.20272541127790591,0.269420237270659,0.24627653925451254,344.73316908159046,7.047860422442975,167.08066551282778,4.49818371689147,0.25489919152457047,8.545800970141897,7.3058761458502515,0.3518817340230752,0.25673033501708914
2024-01-22 22:00:00,7.004624732463607,5.725948689470706,7.63118632650869,0.1687160597122592,0.2310589070311092,0.2625528481073645,343.31145955475984,7.000336372645716,175.46846595964394,4.624493949793848,0.3210346992609244,8.361796341509834,7.857792847076102,0.3874254997541184,0.30376495175725826
2024-01-22 23:00:00,8.741089221135617,10.507390600422362,10.060165739150408,0.15301600371145443,0.6729487843521809,0.3325788905965624,343.16930048273696,7.318183462862198,184.32762925700706,4.876900372779202,0.45005808455856733,8.667376515233563,3.1425814629825517,0.5154593909425913,0.39727758872491115
2024-01-23 00:00:00,7.237168415879066,15.266064715582143,7.24406973515858,0.5242317874291011,0.7090706713184106,0.33824176136999173,342.9064514802391,7.294237564587696,196.2018944790372,5.300601039506514,0.598771345779088,6.417481197737681,3.6007378224971074,0.5967855474063518,0.47549773416493857
2024-01-23 01:00:00,11.01804379212192,7.345869168231806,8.964451149434135,0.094405526573833,0.559248983651992,0.5152227806739571,342.96712754404314,7.327587963805487,204.98296288458775,4.4227008067861915,0.37694355700824667,5.6865201032423895,2.830627369158109,0.4217841529450895,0.3649977778136235
2024-01-23 02:00:00,7.434647170855291,3.839460540989049,9.416463746623554,0.15824183114934892,0.6173511522280857,0.15900505443676816,342.19388736453755,7.226959819744678,168.21182457692262,3.80201798861152,0.33454479520821795,9.438415496049839,1.8620056185255494,0.37024913288002137,0.2949172708312904
2024-01-23 03:00:00,12.726259941740292,6.574100041896496,7.125110607563906,0.6689094691540669,0.3875477579571059,0.7339441761665054,344.9725319436143,6.966868722861474,235.63295545754724,4.479593012757757,0.6524783803379214,6.021143572933161,2.7724949134577193,0.6649557268685717,0.5577881797883869
2024-01-23 04:00:00,7.582708607292643,11.720884620982126,8.43960007036948,0.4719473061361383,0.17842628161718393,0.4193574398098448,346.47316532308423,7.555043043608313,200.72198956981984,4.215171232609603,0.4266241984348475,9.683651357504928,3.5509214797420974,0.4797469886715825,0.3981014624099001
2024-01-23 05:00:00,9.080111922142875,9.4813253341588,7.156114076461122,0.2405640228689547,0.3104020538956677,0.578864518137626,351.64970773395817,7.678464096849366,206.8274107609353,4.27441945591771,0.3270401869604228,8.224344466843501,6.497948753638457,0.467015635887869,0.30968329117598214
2024-01-23 06:00:00,8.961495676392666,8.613502507996667,9.737186812638916,0.363831697926754,0.35010350629132947,0.1794786194953901,356.3460560418111,7.467610235262172,168.50718081167986,3.8667271993676287,0.4102189391334944,6.5426216684202565,4.029042029346464,0.4876482061631585,0.35291008023632076
2024-01-23 07:00:00,15.442689859841616,10.955519613803558,8.468164338606748,0.2831890809982675,0.4493034111494985,0.17122064635394724,357.21234219719145,7.7020018706064315,177.17550618174266,5.819012849625245,0.3826345019624579,7.402088063067071,8.879119820985585,0.45677285267502404,0.345765358009229
2024-01-23 08:00:00,11.612427622819476,9.204056325384473,5.75624662166225,0.5031006400016326,0.5167741330903793,0.42448408068466625,361.5874327518001,7.922607632564905,214.3438569488515,4.941349415326022,0.4865646104305517,7.150437492115479,8.42950416650549,0.5477646337580235,0.4358972044486225
2024-01-23 09:00:00,9.869404552019386,11.522852737010416,7.539916775628924,0.2124897096339829,0.2799189915654469,0.8969471260910044,366.08987130450026,7.792733105677496,230.8835738957217,5.232457234407852,0.4772016039786324,9.675486053420732,6.9885131583267635,0.505369081364422,0.44016999118272576
2024-01-23 10:00:00,11.867209774028966,10.339367217440001,10.379736150281955,0.2038947051022156,0.6653306437080002,0.6739557025339918,369.82235050158584,8.340090484365366,223.1417148658661,5.422746079432336,0.49631843512805235,7.711866185097801,9.347362712609012,0.542064278781304,0.47092962733039206
2024-01-23 11:00:00,5.622134930074086,12.348876429880077,7.161241341629011,0.27870418392719226,0.4142902301159422,0.7839359308616576,373.1807032393184,8.71601071639434,231.6002106178531,5.454790841199507,0.4832600960315262,11.961494987653579,4.641202568617942,0.5349575365546322,0.4559421792958571
2024-01-23 12:00:00,9.83077859327677,8.37320626423577,8.217377834453297,0.5649775562799353,0.300251075758437,0.4155429707292463,373.049407409516,8.58012272977736,207.212471157199,5.081638240613543,0.5239980279749262,8.036663225859535,5.572221844794692,0.5259318901529465,0.4859165698962153
2024-01-23 13:00:00,17.070133138949256,9.808904826254487,8.104257547510954,0.1433713715859997,0.2741511233473339,0.09548938503341244,368.4753877605019,8.456111792515374,166.51421536813783,5.349911000390637,0.1621024919074134,10.44712542728149,7.648909701734657,0.2858462403728878,0.21248119850022187
2024-01-23 14:00:00,9.93887932480788,6.5510734583890615,5.764402385896711,0.49435923317160785,0.16201433324483783,0.24629611253190575,364.6665455452819,7.775637104911253,194.8021550212112,4.266359212269942,0.3947590620504163,8.734859546179795,6.040077967503051,0.45638311557195166,0.331709157302402
2024-01-23 15:00:00,9.603320832737834,5.8813369944299065,8.108205193152465,0.30946984528664057,0.6188837614969113,0.2636713744011947,363.97043811494945,7.196615504239739,199.14719728934514,5.009706665805961,0.4311839650225033,11.351892904212296,8.672301282305153,0.5314748859958297,0.36503608320724046
2024-01-23 16:00:00,10.846723162692223,12.180304790152492,5.037355966111849,0.209030928805707,0.21018202666356045,0.3360788189157311,363.2135756557056,7.713559242190996,183.68663593134457,3.937530588187903,0.2934941449380261,7.076574208548935,3.8059072282335102,0.37064666886380987,0.33155356687811
2024-01-23 17:00:00,11.858923410908496,7.509170635589221,6.053017401779444,0.545178167113124,0.38768557888099087,0.5199627725201998,366.00683084165826,7.505407600793702,215.61535587681624,6.015204693614492,0.507975504610369,9.743673448154297,5.999486128515157,0.5412677735241175,0.46122325876356196
2024-01-23 18:00:00,5.260626459941622,9.044901831266309,8.759529707331932,0.15895295129599124,0.6057757532629475,0.2853735632291283,369.3314382141219,7.894550208123204,177.7887692882082,2.807542963166925,0.37469407894940754,4.1888312215854215,4.927182974548742,0.4476292233858751,0.36628282132474865
2024-01-23 19:00:00,5.7618564989495535,7.290239022389896,7.346843387214483,0.4784316476509809,0.13229119907559678,0.3415799792460015,371.4021498788639,7.948346729255179,184.50594488148403,3.9255707670956883,0.43483628795198775,8.58661642828862,5.502945575410047,0.4838308076423312,0.3946141719551565
2024-01-23 20:00:00,9.867718156711156,5.847239283832969,6.642460349328352,0.49159610786967256,0.3630768663758554,0.6196193453015587,374.7286514272032,7.813079578405801,221.4027366800737,3.85524889787219,0.5534162989355531,9.577445694854315,4.0040907562943024,0.5846429477144678,0.4860423171637457
2024-01-23 21:00:00,7.713159021204403,7.1546758027435535,7.735082750647165,0.3248335442144899,0.41129619430109604,0.6153442597005833,379.1134731877102,7.543429556779005,222.0238336755623,3.5965536959227995,0.4622864132830603,7.6503268679033365,4.955125185331031,0.49077847082280585,0.4368940901490947
2024-01-23 22:00:00,13.828951397727435,11.443566244931139,6.990528379284839,0.7742843979664411,0.3710818533421024,0.48860519583028317,380.0,8.059000703576825,211.06663436853609,4.136000707772057,0.7257950426293079,12.17481496034165,6.067105614315606,0.7237978346729181,0.5828415691890454
2024-01-23 23:00:00,8.933225585127937,8.769540795057825,7.03240350911179,0.15372158178685086,0.5919100225955068,0.6471318878008143,380.0,7.871585677455401,222.03174758550472,4.782026150517479,0.41747288945882244,9.637543427824507,9.480420785499282,0.4673257505112923,0.43135851898812405
2024-01-24 00:00:00,5.788811112944452,4.316956842433271,8.198886304292216,0.20348478699014846,0.30162777557309833,0.5512799926705567,380.0,7.6629158893413125,212.88554342379095,1.7971218355271454,0.388297004296733,5.088697796523246,3.233003987135274,0.4449645194816876,0.36215922444868437
2024-01-24 01:00:00,7.111274149977787,7.083319902744963,6.376941259596203,0.4122956176299293,0.38086016258411437,0.6857778125009567,376.84119441271343,7.2776513847168145,230.87320570975126,2.263327035401141,0.5301013784103642,7.285454493759002,6.55461151469963,0.580719983673422,0.45175924555246766
2024-01-24 02:00:00,4.778985983332176,13.627326888925063,7.233281484081044,0.5327785054737026,0.6486210144377715,0.3040192047995481,373.1528600191236,7.3799974851420185,207.62500751885494,4.781620331274571,0.6151216132136267,5.672746797287167,8.604379330368758,0.635340519335481,0.48579416844492695
2024-01-24 03:00:00,9.807720060418635,7.288116917210641,6.82231746374169,0.6467930441556271,0.5777530689115757,0.5050262559628975,371.33479650538004,7.945224163916853,224.5134412002591,5.461512625260779,0.6556503024659817,7.673601082137138,5.981297108792347,0.6774983253455482,0.5491522174125543
2024-01-24 04:00:00,10.042711334250836,4.430294276274072,5.203337397569851,0.5727973398867232,0.3743475540661316,0.5088183744021925,369.2688436657484,7.958647752520969,228.85691078934335,3.0819365179380713,0.5742444805915896,4.729712247787747,5.77149263451505,0.6140907519389265,0.5159741578374394
2024-01-24 05:00:00,9.461634046350005,14.539152355852542,6.116257203818422,0.4314549979299439,0.5339315579027922,0.40962270846331,367.9144824002953,8.01080420515407,215.36348230013596,5.569973591037902,0.5169286913286976,9.214932252083052,7.878750413257515,0.5595964972965732,0.44895211538942703
2024-01-24 06:00:00,14.438701801114906,9.895145493035779,10.64464487364498,0.5753671003107931,0.18652888200519216,0.4278279834907661,366.2790832113043,8.503564199327466,223.9450390333235,5.902144423427,0.453207819722273,9.726868003668299,8.282967970151658,0.5553272841682863,0.3751686845832144
2024-01-24 07:00:00,14.883223653950159,7.7673994948195935,8.14465540735408,0.09208884999193115,0.44183420179903693,0.6407323634894653,360.5322825194573,8.570804384455322,230.41090857511597,4.95889569538508,0.3453919675459875,10.620853593707613,6.243389326883536,0.4153316815793364,0.35879459757548604
2024-01-24 08:00:00,10.064112238396273,7.01687907088796,5.432482474638411,0.16680112496240876,0.4749150581380871,0.2813238780834732,358.79156412856014,8.375549471047535,196.93301314902155,5.039763708536905,0.31757684396613994,8.235861744794626,4.850786823330421,0.3734096867982964,0.3092478365931375
2024-01-24 09:00:00,5.735068973689105,11.0770306010878,5.196145374817328,0.11745341505724141,0.8949563236148711,0.3347441582870043,356.5215503780705,8.979642212974241,202.17350467820896,3.4671829246215027,0.4768932202529771,4.86530858520187,6.002732828116564,0.4962689873748689,0.4647000033167767
2024-01-24 10:00:00,12.194852110359182,6.511117507321342,7.312190002495835,0.3399062604469564,0.190952250054171,0.5825628394273843,353.34749353464144,8.664743009650449,241.62653473128935,4.826369603399423,0.41989925373189546,10.70741579834122,4.732517755601443,0.4476544015805613,0.40336345406892826
2024-01-24 11:00:00,11.75938738118621,11.03031109490828,10.335573619516415,0.4071768339041701,0.6821301625232692,0.4776735691039114,353.455187782569,8.971703427980785,229.8535416843178,3.9596910967600847,0.5398101236484091,2.683266955288289,5.617690880606738,0.5601771610732438,0.44824067690556
2024-01-24 12:00:00,10.750760375381445,8.950682471963594,6.965758151861709,0.16549374898271255,0.5633194827666901,0.5785299594676504,354.63706227477786,8.416218361760865,236.93946519104483,3.446104765612299,0.4660778686667103,7.197028712811683,5.058659656623553,0.5128191658062928,0.4243793517090912
2024-01-24 13:00:00,12.703293165288397,8.01540979192675,9.583190854418088,0.4249291449935125,0.15438807739983834,0.21290095531492792,355.79702463720224,8.663978090301063,188.037578187468,5.70835958857192,0.2924501643791123,9.257999490585064,7.899860985103107,0.35465749321586176,0.27602500974472644
2024-01-24 14:00:00,6.8243364403237265,7.655392266683827,7.729664095618397,0.29314340855640636,0.4466789868692047,0.1963973600264591,357.59361127332426,8.217834411517094,190.00789653969633,3.954116997633707,0.3189312309608741,7.154568306105112,8.582897855699313,0.39871371128281063,0.29292671069335163
2024-01-24 15:00:00,16.297473099361632,6.825564670614728,7.536121063434586,0.3138046896569406,0.6849849213405997,0.5098112291872204,356.8622328618078,8.388140293404755,230.289786512773,5.0145393078527825,0.4362929527681544,9.49041064941736,4.676963415107883,0.5228104825752085,0.4122449100259206
2024-01-24 16:00:00,6.996777598733338,9.995417097025452,5.123140631482406,0.3837855163691366,0.4611438057062524,0.21812932115954367,355.71178257010683,8.693619675405348,185.26713487811637,5.241122387682351,0.44802149445761263,8.252447782533899,5.946929206472814,0.4936112702843362,0.4151154049334982
2024-01-24 17:00:00,11.1796454840584,5.394069006367753,8.494095911016904,0.3235621180638337,0.6864530071254049,0.36561719254572744,357.0413482349088,8.84757486352456,189.22868780012112,5.668483835425008,0.47716201850047646,9.542068209147764,3.5929148009232637,0.544364672676665,0.4307796240153002
2024-01-24 18:00:00,5.62648488574242,4.230070937953726,6.328414553759427,0.3030170852737128,0.5120544029719023,0.5696770279831105,356.19348935729175,8.54298822748699,226.59869056506315,3.0037178021571096,0.5020685266409272,5.621625722300463,7.576752063291682,0.5046448972441072,0.4387542812298098
2024-01-24 19:00:00,6.9641357374080055,8.683117250213733,8.493456987446768,0.10448501274273016,0.42258307911017134,0.45169890599850987,353.03473415384883,8.366118055722405,207.04765100499984,2.5615896149459654,0.32122986036784373,3.4895154801094015,4.098308035819191,0.38048465155632727,0.28178054782699885
2024-01-24 20:00:00,13.909861091817488,8.798499962436745,5.765752807342636,0.13909957896124486,0.1107372164096663,0.27236466315421876,350.4085671987957,8.295148524825775,160.55592649271938,4.791131073479198,0.24601773129045343,7.793178178643471,4.83718132867104,0.31021764682964914,0.24638856647789548
2024-01-24 21:00:00,8.555060039168898,8.48118019981174,7.334139796267828,0.099259769978667,0.5822772914703264,0.4481653634695932,348.5258033954199,7.850999189372605,195.9089666538508,3.2934126247102324,0.364391894378951,4.953295008599864,4.393793136760724,0.4258484470817864,0.3683540846327652
2024-01-24 22:00:00,11.823211689708964,8.407967631915634,7.716254546266635,0.18953308473633318,0.5296384165268604,0.6638214909796988,348.3003021112817,8.06233418916137,225.37389709682262,4.651968317803658,0.4598565785881866,6.380063984425611,5.15712230798063,0.476815622948847,0.397952775242427
2024-01-24 23:00:00,10.165522937401162,6.770723712187871,6.821358968318394,0.4731713570586881,0.7804310086534569,0.4146243083029446,345.8211022979066,8.143549941990912,209.62246910220517,3.286748476783388,0.5966158512916633,8.18472805455492,2.4815202232619327,0.6613551117660468,0.5305813249652311
2024-01-25 00:00:00,9.412832645630486,9.820644447525273,7.974177748465687,0.17818280980700602,0.7332160761941914,0.05571716978564307,338.7348588465851,8.184858655804742,156.84184751032046,3.3650132008755307,0.3617549663140147,8.187107575552409,5.315672853412858,0.3913635712072146,0.3148619604397338
2024-01-25 01:00:00,14.465576241492203,7.6519058865728695,6.812164398373634,0.24032446899613713,0.35340437495169913,0.4106616742477834,334.95377832374413,8.405678262343818,193.90476543865515,3.089221881048095,0.4119097936452215,7.127553793248396,3.9167565998728553,0.47251945936413614,0.37362379907038973
2024-01-25 02:00:00,9.396790943899813,6.748989904374959,6.4140836540807875,0.36049878252836937,0.5954402502828643,0.4366303131389666,330.57890020140195,8.70078968210306,214.01026341786283,3.99030008875997,0.4411232072951612,5.452899384821061,3.4113424853008114,0.5067444095427593,0.3912968083550173
2024-01-25 03:00:00,6.183773437324119,7.235441588652319,10.289018032989055,0.29969380508156646,0.4326743548382598,0.5480599867018469,326.0434466255043,8.617345350831426,222.52048888975258,1.6287637200433145,0.44328390995741707,1.06544604561496,0.5,0.47627493394446163,0.36750139870215726
2024-01-25 04:00:00,8.213416161182197,15.425008661595186,9.237427567190794,0.23155286937781003,0.3586930669329331,0.5383039065428284,318.9469357312522,8.599861033804796,227.66190703770573,4.53788196705278,0.39623241128422076,5.091161414895568,0.5,0.43540911005705046,0.3704691641147647
2024-01-25 05:00:00,12.069826075725688,4.670714923454012,6.232950896344321,0.40985065599435977,0.4716010254662098,0.49702625336013606,316.09839470103503,8.070286027144977,234.02709186005546,4.669133834950043,0.4985619625393166,3.678703659449656,0.7592927302916478,0.5575451322752601,0.4155395246251666
2024-01-25 06:00:00,11.56464712779086,9.58087219896698,8.139186292129049,0.3909475653862571,0.4646637784180919,0.4400573482350525,314.91118530580223,8.15151783105378,222.95354026411633,4.104421266439385,0.45977045804994116,6.362983483433939,2.1273624337750725,0.5374008804968218,0.3815089311826279
2024-01-25 07:00:00,6.64755627881103,4.768200938965278,6.195170373028207,0.4976934909786814,0.33255379898909115,0.20364372186677165,314.82656124832187,7.648428204660108,183.18514857190988,2.098656789172119,0.4162792576470588,0.5,0.5,0.4473436934594525,0.3055102340941093
2024-01-25 08:00:00,8.34044535738396,7.848626421084491,5.768822831185052,0.2304242498931342,0.561374834135221,0.2359166093251914,315.634188168974,7.607983901650296,180.7766796324538,3.6909578107474736,0.4145491218267733,3.3969267136925883,0.5,0.45279932582907056,0.3894070697386862
2024-01-25 09:00:00,8.56281475935658,7.018045258253475,9.17433798668968,0.25774023672201457,0.5031538511159815,0.39280262830712875,312.90866122888724,7.514183377712131,204.6321976384155,3.2097886236952213,0.40253532964860206,0.5,1.1352888211769303,0.42768685603416057,0.360635479702143
2024-01-25 10:00:00,8.939463543801631,4.093676182056453,4.843109545448208,0.31095009324373274,0.7290412002246106,0.1312004250112344,309.676825774131,7.059899256776548,179.62507568688324,3.453649859918204,0.5012938790222935,3.131413322281851,0.5,0.49288479254591366,0.4299807350830555
2024-01-25 11:00:00,6.599990651237634,8.921177691237519,8.633083652059897,0.21263313177537702,0.4543097052916002,0.5394841899653771,306.71732997201053,7.322140972938531,223.98314650465974,2.861243100328079,0.42233469606669966,0.5,0.5,0.45197320094531696,0.38535217787291687
2024-01-25 12:00:00,7.957032188765045,6.878412060174912,6.525541475713482,0.054373198924952466,0.23420441850367849,0.2547419789851578,303.27657739106115,7.587992172852536,183.10748158333558,3.494571808549177,0.1914708204843497,0.5,0.5,0.2802482367115316,0.24392839099646402
2024-01-25 13:00:00,7.562147891504261,3.912282936746737,6.442998105015613,0.38104358867670934,0.5436979115605097,0.21977622976668998,301.30831497531125,7.586804874797358,197.05133687676047,2.790017238963819,0.44852117172998923,0.5,0.5,0.4401749365114645,0.3634321277722862
2024-01-25 14:00:00,11.260573248067686,9.887580714483168,7.713534623721442,0.5705212500873803,0.5188868635067683,0.5417834328907815,301.39273473584245,7.131360324016998,234.24043255432846,4.634000861887442,0.6036779081585081,3.935979142080285,0.5,0.6006868200478399,0.45847568025892105
2024-01-25 15:00:00,11.160389213006766,11.828541477029116,7.710605119786803,0.29461193851011314,0.3317557148581077,0.2291517861223637,303.5363625505818,7.194082486895548,188.70035511704944,6.140324674793193,0.3777996402305265,5.215454634110014,4.368943577306704,0.42411541480883447,0.3484325806496961
2024-01-25 16:00:00,8.409272942533217,11.938259853680774,5.566083656576703,0.2874437307806252,0.43198031091914696,0.4640994763983529,303.05233896215174,6.80349444092858,232.38477340004,4.422437597563674,0.38309972432419287,7.617825888948978,2.763177856989837,0.4118501930588351,0.3510840624564234
2024-01-25 17:00:00,7.765421287122479,8.273240015700997,7.913492694709047,0.20450169077028513,0.2449921670767112,0.6553284089325832,303.0931727793667,6.8720400197462475,234.6573526347254,4.206812522388458,0.32330423783155754,2.7753960453923776,4.276998757196165,0.3585196821792272,0.30073710180153485
2024-01-25 18:00:00,8.967706409950106,7.480410175602229,6.6667640031764765,0.5558215080535597,0.39431630068417106,0.23088012513056164,305.3363653463706,7.212191504133211,199.99812667854388,3.37701051600468,0.4945000906874245,3.5088737527412626,0.5425908448125668,0.5155779950492799,0.4151997858903195
2024-01-25 19:00:00,6.8675813091012,11.316219235707935,5.01657343423684,0.07960578301264622,0.3428453699268942,0.30148822869832204,305.37636178329495,6.93191317338742,200.23271943789652,4.033896586664926,0.27814686895955526,2.962156220921376,1.3007387995134836,0.36872405773122496,0.28382921390497795
2024-01-25 20:00:00,6.303635286172015,12.773366760673694,6.555330916568624,0.5088267526824881,0.3703860060417229,0.2270244533480467,306.0865146216092,6.653215742516659,195.83542620344843,3.7923425488794447,0.4619998991311278,3.8508796233122062,0.5,0.49042142559811963,0.39338576161560007
2024-01-25 21:00:00,6.758813467671081,10.83835765562124,9.23438881616126,0.505061296223428,0.5497324170531029,0.5870423351919374,308.2962639760874,7.097177961857859,241.7018664997937,4.02685179833256,0.6069104392659362,3.190035567346417,0.5,0.6107559648479262,0.4727751874479419
2024-01-25 22:00:00,7.479895158373281,5.658744285207397,10.134035617767907,0.26664622401197896,0.7544789145980868,0.3937180037700075,310.31277822465364,6.98759743360762,224.64356362665598,4.039474179801985,0.4973595489968938,4.7178281620677875,1.910332285740818,0.49686593068197843,0.445926471820751
2024-01-25 23:00:00,6.571064073240472,8.28873017995916,8.10441613952551,0.16087850837479206,0.23046735842269292,0.28468395702291094,312.93663907026917,6.90317173970818,184.92858486589722,3.1648894119205795,0.2148596639581491,0.5,2.3561794269835135,0.29144716327690867,0.23711726966176488
2024-01-26 00:00:00,9.712791333648992,9.09615349960251,5.331709423312247,0.40028181594014517,0.06297902294054092,0.5860774186875154,315.7537974112535,7.621849062337473,230.60091686843074,3.8347357697977658,0.41651199364657154,0.5,1.8527388458134608,0.4447845992263049,0.3737897242361782
2024-01-26 01:00:00,11.607587073218106,4.502217174615906,7.923441851317198,0.40547604450694175,0.22112577078349385,0.36196257435274193,317.2261726442994,7.593449249302168,197.1242255472938,2.8865253580037966,0.43722122967513793,2.456092131789471,0.5,0.4338066074809038,0.3912601526766816
2024-01-26 02:00:00,6.17495187073211,9.47811612234937,8.724092406208147,0.31415225415994574,0.2395180266254015,0.21610734229086312,316.31938190753294,7.8962838465911815,174.55929408181296,2.540252268999497,0.32608053654375824,0.5,0.5,0.38632165589222633,0.3141672451707326
2024-01-26 03:00:00,9.841053245568943,17.100676258043386,8.457542125565174,0.06317169769113891,0.5841368901302706,0.3152632215094263,316.41903176738083,8.234963764785373,182.05692355102477,4.282235802017997,0.2803011895176384,5.452151786446311,0.5,0.3561360552686384,0.28956210118331316
2024-01-26 04:00:00,9.287888320916258,10.243360402241311,8.738069490330059,0.5534797954264976,0.10053685319429927,0.3598209882782905,317.1519318354935,8.093936892103526,203.1878328333643,3.2202081677956444,0.42247693754070736,1.0827826261482312,0.5,0.4443846440911826,0.3702734816979363
2024-01-26 05:00:00,10.936524861024532,13.464192975500708,7.903496350838338,0.23501460034535723,0.36920605182021543,0.14057646079954983,316.09434343556217,8.314840942067164,169.49371104258293,5.179104282260933,0.31196880121201065,1.7056416741967912,4.544920629788934,0.3853621400855755,0.31753899988793427
2024-01-26 06:00:00,9.914993645260697,8.935722647031822,7.220400475360814,0.3833307093533678,0.09828115990114482,0.09532139069262975,316.6559277916047,8.592441644974263,161.55742537650636,5.563624368950352,0.3412015485139961,8.366671452177064,0.5,0.39141155043509035,0.3155540030902368
2024-01-26 07:00:00,6.597451141756883,8.225766129819029,6.120366763146065,0.051089421799401374,0.6252291209575077,0.10983115491507185,319.3373995086656,7.920573051493746,158.34386346462009,2.3068161333599506,0.21717420347558775,0.8903584282798778,3.550340385014209,0.29041425322879905,0.24534621228818823
2024-01-26 08:00:00,6.897758738390411,9.470650738488501,4.760906626414916,0.08343942438624553,0.3575832417985808,0.21548519986628356,320.29174668540804,7.900367981602619,163.22718726106424,3.120319318597316,0.24827638147745887,1.2090405590260285,1.1760156699709718,0.30061650972100884,0.275966190729909
2024-01-26 09:00:00,9.769154645747562,6.406147561450288,7.60013658856227,0.11261792238555103,0.453482940902116,0.456509275275092,320.1026870948492,7.873012373097142,191.39064594446845,3.994769347487196,0.31029514289439797,3.8284023299098875,0.5,0.3706082658558301,0.3030646510017775
2024-01-26 10:00:00,12.697440958673988,6.044937177876538,7.331053621318663,0.4077266347369107,0.5031243270608775,0.2816071399258767,319.1013179356324,7.6879240336587245,178.22133199080707,3.349918723338638,0.4653920942598184,3.539967411382622,0.5,0.5230476729665429,0.4276198265575562
2024-01-26 11:00:00,5.016261607677748,12.183048386583945,7.9201219660210525,0.5339243815388044,0.22732356100496892,0.25395818501842643,315.4737560943005,7.9246894616275965,176.07473233367898,2.2070673852092404,0.45157632745312276,3.131640400347805,0.5,0.49215365652933324,0.34044329994779726
2024-01-26 12:00:00,10.043516252894165,12.42789773128344,5.258284902331348,0.08730070436944604,0.25518657972598546,0.22896324191503475,316.3532201891797,7.979735590608679,162.7871027651366,5.071182279419656,0.20829710975254592,0.9558535692515377,0.5,0.28947802903794684,0.23694464227196355
2024-01-26 13:00:00,12.431370321387345,5.7509414840634845,8.04832637477504,0.3461261387685082,0.6549482288915415,0.4503111466117167,317.04784179315976,8.324067034967854,214.10322018646485,4.074075492404165,0.5217338162879364,3.5809577331713576,0.7850884648733308,0.5337439769038989,0.4388672364382617
2024-01-26 14:00:00,8.350689477798316,10.620695762007044,10.416500156908238,0.5843283276806607,0.5668366768794835,0.4916848512606227,316.5840005589061,8.602445235807814,223.33374092080618,3.730967667058387,0.6409907041579773,1.922055829962028,0.5,0.6241417040969527,0.5049104576420727
2024-01-26 15:00:00,9.973308605812598,7.490072999830468,6.862048121965126,0.07668632000356926,0.5273679429370748,0.5160863547303288,313.95210640625163,8.699216936962666,209.03447389515,4.433645765340119,0.35348969503334865,1.0282699801416713,0.5,0.38937392617782546,0.35000287482249065
2024-01-26 16:00:00,6.915048876991673,8.510208823570148,6.611325612770659,0.5913687809645143,0.6825380171256494,0.5712288775294585,312.34241881834674,8.100418394339634,219.97394949950717,3.4850791663345086,0.6191110180337316,2.116355029290426,0.5,0.6269961833981829,0.4877516102196879
2024-01-26 17:00:00,8.061188849639485,8.797080862003348,6.968130689780694,0.043245440090261274,0.3691923662222839,0.6618689462160906,309.4118478043717,7.907201992413587,217.97571573665965,3.066733035809455,0.3761027496660817,0.5,0.5,0.4209821403095532,0.39356881119275255
2024-01-26 18:00:00,5.27277851907863,10.422210606321913,10.023241532179691,0.33198200193876537,0.4180579023251067,0.19367341595792437,310.3795002060726,7.878213687730113,170.38893579464929,2.1712369519680834,0.3938687124541731,2.7891880630015184,0.5,0.4773628677921306,0.31398596137038015
2024-01-26 19:00:00,4.315525366554035,7.806422542200464,5.09594777904881,0.19509968555416324,0.8246881732717365,0.7616139323057569,309.5155281377869,7.845267585114425,227.53370380421785,1.8474416698639513,0.5814550583359677,0.5,0.5,0.5475302619011736,0.4760759458383072
2024-01-26 20:00:00,10.923029277249146,12.018122894486417,7.004823206278181,0.29834036070903186,0.4499459831616622,0.2735400417055409,306.46253075415785,7.710356852640449,181.41556185575732,4.789681567967158,0.3597608201063249,2.510529190119981,3.817524163564795,0.42652277922592285,0.3089466366067197
2024-01-26 21:00:00,6.453685434747804,8.536320767637049,5.557739356352723,0.3638447484321501,0.6463916422781945,0.5115349616432021,305.842147077871,7.429411832470725,218.79854020649694,3.2856730150586677,0.5536344394292249,1.6926781624408533,0.5,0.5661518073577371,0.4663199865627277
2024-01-26 22:00:00,7.6185007930363495,9.56325600599091,6.101189638604026,0.49126157102554885,0.33272752983372644,0.39047536773556174,305.5800253348856,7.143079465831159,205.14662446735264,2.9238256237239737,0.5371935483348876,1.4957123855076786,0.5323897268035724,0.525978865939677,0.45301113993133785
2024-01-26 23:00:00,5.991238894941436,6.087277374249718,6.664943312529329,0.6026259436252589,0.41639348705721907,0.09412689926290913,305.6664823559507,7.962804386323502,175.10706744131096,3.8446524213728956,0.4744878059801767,4.129947628906992,0.5,0.483276772973639,0.39590110212555907
2024-01-27 00:00:00,6.081393734967065,16.103341873958282,9.440402482848357,0.4678622935774291,0.3180314986485873,0.69908725292319,307.1961946289296,7.974265712045676,224.40342202695086,3.4848136789381674,0.5406126806975171,0.5628744106166366,1.0511755394832645,0.5409952086196509,0.4749429854562184
2024-01-27 01:00:00,8.780127202882621,9.523146414413048,10.191855312018745,0.2896004943131972,0.5414767538215945,0.6760762145992227,309.0651975642552,7.970215981382518,219.65826700363655,4.213759360281733,0.4691672358631587,2.3812451006028845,2.681086790711099,0.5344026911658935,0.3999674968943253
2024-01-27 02:00:00,7.661685436544184,10.437448939947629,7.817359353550066,0.162719653923099,0.33473255897220044,0.3942907550346603,310.37996032172515,7.609914810060593,191.3447100071737,3.419630906700326,0.29267734993172745,1.793301805648585,0.7093841729008182,0.36107530642203883,0.30473732031041717
2024-01-27 03:00:00,10.61949255011045,5.024637683208008,6.299022917576316,0.2539606050968412,0.5806757604941742,0.7775388552595452,309.7105352783339,7.855520446340227,227.671764562567,4.647162874774902,0.4882696554247685,1.08922239601413,3.6540300840987925,0.49182191426856764,0.43005708875355336
2024-01-27 04:00:00,10.978583305676336,6.518267118393895,12.261184043782045,0.1993743396124309,0.3708279748713618,0.3932065772144421,306.27951634182034,7.492127845288019,182.87565633459198,4.15300661850554,0.3452623267798152,3.199913093910853,0.5,0.38966537191627104,0.3271840666749354
2024-01-27 05:00:00,10.66300946884593,12.673930443105577,6.570041001001647,0.38930410428905027,0.4592290152954325,0.5109256996005183,303.23286727062316,7.187495985914911,213.08012614297854,3.8686082599872695,0.4770125947741168,1.5596429858400584,1.1847433239586365,0.471445344826183,0.4293698964411788
2024-01-27 06:00:00,10.44754501170452,9.366273743113947,6.420289904870986,0.09408123701219927,0.5179915208321123,0.4249263859883571,300.0,7.13802306265487,189.85171641285694,3.361653929758481,0.3518486728620578,0.5,0.7968287062068298,0.38806041576039596,0.29630259277815757
2024-01-27 07:00:00,15.160871865163777,4.6228660387019165,4.890542981616225,0.2474915791734263,0.29198967498667916,0.5705405544234972,300.0,7.224159507934291,209.86050149815725,3.6739377880830033,0.3626330326919614,3.396128700344055,0.5,0.4152520823890646,0.3728723422167912
2024-01-27 08:00:00,7.17289536808198,11.823936406913095,9.334142842925113,0.21108939632158555,0.5817455170904252,0.5905989806118561,300.0,7.162651465240721,218.0714311659831,2.788345652420041,0.4491728715565705,4.74996813133052,0.5,0.449022445488573,0.3918368459727348
2024-01-27 09:00:00,9.407221041054122,7.063652794528478,8.617703128207165,0.38115624276751386,0.21552529443192864,0.6618200663923641,300.0,7.604430346510129,223.05469947527934,2.121819546895455,0.4307279895584229,1.3171135589634106,0.5,0.37786890788720534,0.33415735949399145
2024-01-27 10:00:00,12.905670062579299,13.050969961444052,11.52771142641635,0.6060804448981448,0.2065854838002652,0.3814636005700553,300.0,7.945840721837243,185.86611624170115,4.537759290361887,0.4989037298746158,3.2858737151027704,0.8534001412459407,0.5055549254742469,0.3884647907323037
2024-01-27 11:00:00,13.134424369210114,7.9667283055294895,4.9593425119893375,0.33848710690106804,0.6088136451242474,0.3122968403675419,300.0,7.473058306610737,181.49926282026127,3.275049626392418,0.4029099915417946,1.8420542129809512,0.5,0.4340138357489942,0.3588213062627905
2024-01-27 12:00:00,6.061344241306429,8.617216117977076,9.502708848815095,0.27271144850131684,0.5091110765747594,0.8818044152260364,300.0,7.715693750619115,232.46016850385877,2.4378042163721467,0.540248994997984,0.5049070371672667,0.5,0.5117811253953565,0.44190993598248585
2024-01-27 13:00:00,8.093348287177625,11.589626273314314,6.944981103663085,0.6623406749785588,0.6853521794566889,0.6962647189625849,300.0,7.767756746858933,235.44570123647586,3.314972903159815,0.7182142770573898,4.3415086125366456,0.5,0.6687516346077946,0.5274696110816715
2024-01-27 14:00:00,12.659416270334225,5.876677420225702,8.115214005929166,0.278187194036601,0.7406764413723077,0.8488494868899711,300.0,7.613071139054144,223.41849871315642,3.611958208981444,0.6017407211883087,2.636483840047087,0.6148169717219507,0.5893331974032137,0.5077906950331462
2024-01-27 15:00:00,9.803231557442125,5.627171985279992,4.715777248957654,0.1892592357989461,0.63640175924707,0.09641623602414272,300.0,7.607801131463647,168.38524056378367,2.9637278809735683,0.28730518122884624,0.5,0.5,0.3506759404289206,0.26119443399457964
2024-01-27 16:00:00,8.860228573604914,7.18707604042566,9.23159134049402,0.11328620711277954,0.4256671170839942,0.39911304459952424,300.0,7.119250278554009,188.35122277737477,4.558140467511717,0.33599596618585587,5.271061941207998,3.605534872866172,0.39923116041682627,0.33202968257972243
2024-01-27 17:00:00,7.827815522300476,9.906313379762434,7.94468188277015,0.27471615292804624,0.5985017874561707,0.3589420456826251,301.9441939954001,7.372103507038443,185.80118926198665,3.752623134998897,0.4216336769089984,4.171938784851852,0.8622768525851521,0.47337383461145527,0.35062209635852737
2024-01-27 18:00:00,7.455477392838743,4.952370216072821,6.325717448630795,0.43948799385495796,0.3421840890618344,0.6892331338776158,305.9388448011776,7.124536503989213,224.25270132865518,4.237747774953815,0.5339906797768188,3.7370442470385825,0.5,0.5308363731244568,0.49170580444778605
2024-01-27 19:00:00,9.035713748154885,4.452113421615896,7.4520433616873385,0.3211720196451965,0.6648194145361475,0.5300510652988093,309.3298525837799,7.188730329541193,217.54103903494564,2.477904888781636,0.45775407571630744,0.5,0.5174975342066991,0.4757318773636938,0.41549485434573685
2024-01-27 20:00:00,7.845143053456826,9.935542045609258,5.620053563494836,0.17676760257547053,0.7354579613638116,0.4772231501342359,311.98933060718815,7.82109405978338,209.82274158312936,3.7564376917986415,0.4198083209524748,2.339622303461261,2.0229286477489996,0.4583673699317147,0.3906046914511628
2024-01-27 21:00:00,8.448033330193553,6.349986430415788,5.981086612177089,0.17265719892575138,0.3680011207491475,0.3962732123230895,314.4214621698976,7.521900992970338,189.7345203901534,2.560297317394566,0.31662929705151244,2.903916491669702,0.5,0.37090745836580363,0.3198165765999162
2024-01-27 22:00:00,8.91022051821233,6.872531925119105,5.882843299796427,0.4447038349007515,0.4745515206016183,0.35701451136268364,316.187039668024,7.734512293566408,204.2181567223817,2.5473355141821736,0.5215119699950813,2.0073378951067307,0.5,0.49875534314028186,0.39581789619874164
2024-01-27 23:00:00,7.368903770883121,4.359416726699461,4.51848927182011,0.4418062285616968,0.7542232711528046,0.2124496470514731,318.26643049598977,7.715176649971768,191.0205072374609,4.093064271098924,0.5319069470848503,2.625176416893411,4.830453956991862,0.5987585268206722,0.4334959225238068
2024-01-28 00:00:00,10.581636146318923,6.446393533208842,8.384909023617492,0.28478000343302884,0.5079165819202284,0.26065800909655645,322.4330460866693,7.850718441163118,175.10037988061475,2.715656459021841,0.3898020222864987,3.115075029288194,1.1650953472689043,0.4528584914611745,0.38698889201645803
2024-01-28 01:00:00,21.086771949498985,8.104395070306174,8.76754951697114,0.3192613740303949,0.553567786110367,0.41683288805976487,327.75672368565694,8.066248589348367,205.8685775885714,2.924515551611777,0.42607836070630295,3.128343215025518,0.5,0.46013050494649704,0.3775663960119015
2024-01-28 02:00:00,5.787992756522445,11.082309142365789,5.976137724532089,0.43318445091377844,0.5682939977098882,0.50571689574079,333.8983605138548,7.605591227606032,219.62000628726776,2.3606807710367823,0.5022265204757822,5.204345529629463,1.6645491327537323,0.49638581840897633,0.43718815218035156
2024-01-28 03:00:00,10.609128846359518,6.498224332481469,7.82334000342064,0.24109087556080785,0.47406046037534905,0.33006799708422724,335.68571767898965,8.168925901981428,197.17937600335043,1.7095126920407506,0.38142854591785513,3.1605227492079804,0.8208415060128623,0.43030434529834105,0.34348650555791216
2024-01-28 04:00:00,7.939198433324784,14.247068044347927,6.793461935284523,0.34181862981464056,0.1349792795753078,0.7581660796116895,334.9065254414879,8.19666207313939,239.21047238722053,2.846708853529417,0.46411198626494543,4.075809090575603,1.9233351627389488,0.46971522927300263,0.4282555364570523
2024-01-28 05:00:00,11.65067250253243,6.76419577800031,7.57795567518666,0.2971821159649405,0.18104053375265006,0.4629543148811979,334.54524264559177,8.055752582703214,225.18573421160613,2.7996759381337126,0.36565452252860237,5.474559139535284,0.5,0.41367016515210664,0.3317374719555065
2024-01-28 06:00:00,10.081550483788108,6.772937778055204,6.384994945258596,0.5647685872214909,0.6152859806466661,0.1399978232001732,336.1863551777766,7.576854171441557,197.23943948358166,3.2265652417233213,0.5725090803482911,4.00407071897715,2.6401171309630294,0.5538086179092644,0.4399629327837223
2024-01-28 07:00:00,12.302530795278324,13.74253846917467,5.853824044397915,0.5943964231853229,0.6412628178284225,0.6481311907701784,336.65203087261875,7.673532924765964,241.90404281197468,2.4586445179924508,0.6490865393289313,2.3719572488820697,0.6945033141571348,0.642050635439382,0.5901304857685258
2024-01-28 08:00:00,13.727966251898314,8.930902072631595,9.207528088725015,0.05038971112812034,0.6053461230490367,0.5683766229089402,335.17578602577254,7.880957024805905,229.02830969936298,4.966861874078686,0.38930070277407314,5.85648247146559,2.8334626684835165,0.4214899833308911,0.3503996244615832
2024-01-28 09:00:00,10.31299361613204,6.9248245248709015,6.931385578067742,0.2156182277231214,0.7326477185161373,0.5325058799941261,336.6050768879274,8.088639126701077,225.8832381508347,1.7706139272501673,0.4362286632321484,4.498317966352616,2.2571186435176083,0.4749343304417146,0.40321805647967324
2024-01-28 10:00:00,13.221750692791906,7.761282275183921,11.081267772135595,0.181397433948706,0.6747894697182815,0.4370232896700821,338.8563739474898,8.165847261603453,216.3141717215048,3.815602765717999,0.43652309093998126,7.496837021682614,2.6421670605558782,0.47462752412253373,0.3858262282114291
2024-01-28 11:00:00,4.908336781712681,12.386794627743447,7.030890491536341,0.4903036474855698,0.7056754177998922,0.4123361517200606,342.6960643159583,7.56221928179022,203.16545692790422,2.7054903673870276,0.6199759640974452,7.609881428891814,2.886911659135974,0.6345528362395162,0.5022220493914235
2024-01-28 12:00:00,14.489057043692098,12.63399716293824,5.582062141861293,0.37535937808928177,0.43628629804164193,0.3645500330186989,344.46038047842865,7.924572775796842,189.94953393290822,4.919929585709002,0.4066734827887908,7.631121917858682,6.586456316053348,0.4982432539702686,0.35453102414543847
2024-01-28 13:00:00,10.10940162924395,5.9840201746881165,9.20965608791436,0.35620591120446055,0.5718463252087258,0.6740668791057347,344.72475381815246,8.099602497364936,221.1228119759534,3.525614939838971,0.5660896863697031,6.061635599976142,2.2962824685892658,0.5749567295788992,0.4812946749517245
2024-01-28 14:00:00,12.082554086362506,7.545227342817669,7.678345760238886,0.4164886843387222,0.32537166023374453,0.2820605107924029,346.3103344012285,8.08893728925029,179.34049165219267,4.572931573395424,0.45323403513381844,6.377805642884214,3.6607776829248033,0.4796529474076596,0.41711684860813664
2024-01-28 15:00:00,6.2497663688067515,7.761686760997352,7.7349118408764905,0.733261596469339,0.5514813288854044,0.4884270770241692,347.29282360333605,8.36899445409618,211.27080385506298,2.4339701489041325,0.6551558090712859,5.940147837805584,1.2073568062978004,0.6326600623441571,0.5013562276936134
2024-01-28 16:00:00,6.8869196713674965,5.437952975150941,8.653337489292504,0.1515405423035854,0.5694363416676174,0.4819931073884661,345.9994536556073,7.867516814251327,204.12881383771264,2.2463752624056976,0.41024672534036666,2.5801464137924195,1.8971392046364879,0.446625080248258,0.4113603941668688
2024-01-28 17:00:00,8.991824099392407,7.267466120622117,5.8817008122904815,0.20114301624738792,0.14168379877846765,0.4222461267756663,342.94919896413745,8.032903310128544,188.25161482928812,3.3800669687120792,0.3389150712291497,6.09118184220829,3.976191915934778,0.36700644382011494,0.3422965262134584
2024-01-28 18:00:00,8.582116241938888,7.383533645664021,6.63581864168641,0.16412589563974553,0.2421813479115355,0.5456166928458763,339.6146349591783,7.710333805437987,207.08467137980728,3.852143873540879,0.33598950943689043,10.625303894669685,4.409445275512827,0.4148885349695149,0.33816567664047315
2024-01-28 19:00:00,9.381231620607473,10.623060786797643,6.662834506767657,0.16023010897958412,0.13730386079503107,0.7349646016699519,338.54680491424205,7.993984672889495,223.0098495151215,4.136656012227226,0.3717820146706796,3.1982105801662324,1.9760104339682203,0.41347209311893757,0.3486012184026034
2024-01-28 20:00:00,11.867768452861998,10.90568895949472,5.02208160825134,0.19901214084662588,0.23131959435172111,0.26828012417964237,334.8485665145672,8.045046350010331,174.82059724308803,4.045688219124956,0.22119200799090138,5.243360020303212,3.9047108094776575,0.33494427518741293,0.25346575776356994
2024-01-28 21:00:00,5.427915512359945,6.725904373425406,6.387332313564952,0.2312171693756589,0.5403076412107536,0.2851729807998787,333.29850404529094,8.358447850992762,192.22909231960898,2.5761634933476163,0.3933088718476623,3.3207857214949534,1.572159086306471,0.47525107844349646,0.3899557049218043
2024-01-28 22:00:00,11.916780810070884,7.057936308961924,9.020311332754945,0.19738412654022378,0.5942091006661578,0.3170458316425314,330.9089557500019,8.49906367276538,195.46994472379356,3.579999702836546,0.3986818381524186,4.188412799326061,0.5,0.4306424008494016,0.3326937421860522
2024-01-28 23:00:00,9.295079118999414,9.472952580985037,7.353348595008472,0.4373424940901641,0.5318448820446604,0.12099195827830722,328.9882508278257,8.203545041189575,183.86539073496428,3.712378807919846,0.39220503979485155,1.4211309382440425,1.7594768811105514,0.4496757433477334,0.36317790164073305
2024-01-29 00:00:00,8.961530963788961,6.441359989682574,5.3832072058676435,0.27361127761582693,0.28642232960774655,0.43105693506312814,327.16709332968543,7.883098815939739,209.4382160099421,4.56443616378548,0.33724587562812297,4.360888377756384,3.8684370259964838,0.4278420449853866,0.31030007837718915
2024-01-29 01:00:00,6.426382429317356,9.509590214393606,5.109519137920722,0.09244162735030853,0.47802656150021805,0.3929315390520333,325.2514057815747,7.7830440645576875,196.63088416193685,2.6304182068988506,0.3382584266251251,0.6090942467688228,0.5,0.3932434706319444,0.3447963408801298
2024-01-29 02:00:00,11.400539679606657,7.7564314780781025,10.422275667121681,0.11346142098925074,0.1251461128652069,0.568917335905147,323.2880652303923,7.696637917270114,213.31520517501258,3.3611633488514068,0.2711654282225325,0.5,4.410434931086223,0.3456216341754614,0.2628978448318478
2024-01-29 03:00:00,5.126180000987393,5.912318031287398,7.062533906442604,0.12809719013779483,0.47975941913219805,0.6152066203813543,321.31914708039034,8.007692670951815,219.78657182668874,1.918227976141153,0.42599079435366455,2.3541679211584863,0.5,0.47045968026997687,0.4013623887849066
2024-01-29 04:00:00,12.249472118464576,5.982182443087192,6.491859888674952,0.8496746781397507,0.47103157148192165,0.3217883599210705,319.93798132333313,8.208225171045894,211.98660872178803,3.769634831279224,0.6764736043603542,3.5279008675532832,0.5,0.6848554741550675,0.5000024944682508
2024-01-29 05:00:00,6.788540611211825,12.966163955213855,6.9088389896273315,0.1940836013906134,0.6503499488113851,0.3937792836855444,320.7952094474772,7.816949433039518,201.84895665708183,1.6243552332810547,0.4192771281330859,0.5,0.5,0.4601902865572717,0.3433707205084586
2024-01-29 06:00:00,10.508436900888372,7.766204509135661,5.1988069466342175,0.27867553579283805,0.17060663626997108,0.4372556529251168,321.5590086984237,7.705126736039645,196.37001314552646,3.204175282583207,0.3360246721586013,0.9241359478490097,1.7684223695435484,0.41578749612950117,0.3112120429669799
2024-01-29 07:00:00,10.004226631868747,13.755211972008002,9.977455297583544,0.05083820822632841,0.5270648364537099,0.6288548611461948,322.20583758532376,7.981944150439182,216.3983678122157,4.660972999184619,0.383757571402173,2.4801463020309225,1.146092318521978,0.41607150812758675,0.39686421483957324
2024-01-29 08:00:00,14.269820341915157,6.855298276242593,6.552063107880333,0.21516319518154714,0.3929855004158821,0.25686388811499444,321.6077363378153,7.527824857513086,164.54574914147966,3.399870899802012,0.34484554963233394,0.5,1.0146098363852005,0.41003977335860514,0.33192575805677543
2024-01-29 09:00:00,9.684356933814593,8.775662609574669,9.681982026659693,0.5642594457102285,0.6217110729730363,0.45328628286245903,321.3003193547563,7.769831947221958,205.1010596753341,3.6200223177157254,0.6169197337845124,3.8283138505007246,4.409384269723674,0.6158224334892467,0.5149837578036824
2024-01-29 10:00:00,8.26701843174237,16.961155190932196,7.117005904758472,0.2016823499804997,0.37934115820949976,0.15514664943104592,319.63104638169847,8.264020353602856,155.90758093236707,5.585198252779085,0.2724845971244585,5.273847124643924,2.366516187407488,0.3727359331698866,0.29159600596876606
2024-01-29 11:00:00,8.568090783468762,5.535431904142006,9.813836964010445,0.557746462049095,0.581798231570129,0.1569143444523589,320.397691227347,8.09704496046949,185.64078994518314,3.242431721966561,0.550736340044336,1.2314965584402116,5.618202398363661,0.5553136790692477,0.43650979170484083
2024-01-29 12:00:00,13.844241808296696,4.1586547345760145,7.594659655791804,0.16095020829783616,0.16226025730725338,0.16401334407441048,319.00205879221113,8.469581129346379,171.8452437916717,1.7755702937372073,0.23177433197796932,0.5585528435262445,1.5725879804744018,0.2755153767398645,0.2528913876653393
2024-01-29 13:00:00,11.05427834073199,11.323607935042018,8.431062884904815,0.28401575065830253,0.5418357525694052,0.4485661475702856,314.6457848450354,8.333700518480274,208.83528518766124,2.713786134404555,0.4532309696295266,1.9570120064081302,0.5,0.49133861164846654,0.3844939362970275
2024-01-29 14:00:00,8.38890473085667,5.663985474663703,8.153109496697912,0.2998438719732344,0.4194225810993963,0.24124164572768195,311.6881194217837,7.988590803103909,181.02811000767286,2.684452597391669,0.3680617920214398,1.7714226618125088,0.5,0.39634793383884437,0.325006803354976
2024-01-29 15:00:00,8.613837124226485,7.224994041615649,8.181732946593872,0.1762487320488357,0.47265937748806663,0.21265041500890108,309.1922833037797,7.827765723387698,174.9579481114377,2.446219280584411,0.3274982818410442,0.5,0.5,0.3585649001952394,0.30190924537116437
2024-01-29 16:00:00,5.866189138569612,5.960123222707194,7.565886747532231,0.28365382072640494,0.8555537844624117,0.2933962703669243,307.0990385657048,7.836467032883987,194.17816720165922,2.5245081608959263,0.44051956783232127,2.0342820820611327,0.5,0.5021934867851359,0.37614705870238624
2024-01-29 17:00:00,10.074630192391824,7.772344411953349,6.554677844801387,0.42634949192512833,0.48365325700135053,0.47937827918306164,307.6795875398256,7.907352896208934,212.859342685682,3.0702512877088584,0.5111968663999278,0.5,0.6464448043948079,0.5416836643995875,0.42740605363910383
2024-01-29 18:00:00,5.513468126581325,5.243888049682861,10.348674815369478,0.45327849996902403,0.4887302322129466,0.6733729578881401,303.7975871500366,7.947900687291568,225.65273444680034,3.3653946880236925,0.6163764643590043,3.167186885528417,0.5,0.5901076613484556,0.4949940324592245
2024-01-29 19:00:00,11.187704337158277,6.716914490934692,5.782070566595573,0.5632069736513077,0.6362393631317321,0.49865537054063136,304.4441426779457,8.30628042007202,229.15324371272425,2.4673123942617297,0.6219782694077926,0.5,0.5,0.5484612639310321,0.48529288112866154
2024-01-29 20:00:00,9.488718027286309,8.260315340999515,6.824968364468255,0.22827421562341327,0.48968464434333037,0.24273872405291907,306.8164913506414,8.379378579382506,181.77470497390166,3.1069953399058106,0.3518946012446559,0.5,2.0030683753849017,0.41323736395066,0.32006142281836786
2024-01-29 21:00:00,18.11798455835923,5.227880832489179,6.928504396719903,0.42323165125597917,0.2862168151546052,0.14237131166319208,308.07290071607844,8.013973091812067,174.60700472201304,4.354244326403445,0.35055336725679453,2.896618751286366,2.3749506792073194,0.41834315359395935,0.31530468180609594
2024-01-29 22:00:00,6.94907824004785,5.840513048786558,7.8835165613425024,0.16671900862804326,0.28789395653315797,0.05910707284571452,308.2000718470569,7.526893387486855,144.30270416284074,2.9125131327681286,0.23512337022821705,1.3234535215071577,0.5,0.3253698322568968,0.216425147433146
2024-01-29 23:00:00,9.377390714622042,6.63199185683515,6.485683947882295,0.5911788559689014,0.8260013931523984,0.5159448540074698,310.69843403307397,7.700733256670615,219.95654589757157,3.1932243248366534,0.6768103864255868,2.1006441618527356,0.5,0.6747228341584081,0.5542522232818178
2024-01-30 00:00:00,16.31145140417528,4.763612708989214,7.821393138063248,0.12238885702169969,0.360695077057563,0.2119081620759817,312.9062342670141,8.180407497765408,171.58380405257918,2.0307470910041903,0.2952785272917807,0.5,1.1521268533861455,0.34843661230524015,0.27397070336901896
2024-01-30 01:00:00,14.051653602412335,6.672439044752507,7.044123857239053,0.37569004875145534,0.3381232633662244,0.575458278727728,314.25032578199676,7.983496841428457,215.81468851464155,3.863119262085453,0.4403247662003708,2.9804245612276814,2.112307480065976,0.4619422899533853,0.3914037153439824
2024-01-30 02:00:00,8.442138789157461,8.04427519421278,5.232807137627241,0.18970490755702366,0.6492071725889852,0.744540457406839,312.6645283789091,7.485591599011006,223.5786991183086,2.8940650496988973,0.48939913252424627,2.2270417111429457,0.5,0.47818277864367054,0.42180790888786995
2024-01-30 03:00:00,11.100885547004724,6.894095842251512,7.332275904815287,0.14074378433523665,0.8040943592400533,0.7499668219187857,315.787177324405,8.095727339041712,227.78663850722623,4.101589324156002,0.5137738652391388,4.788781866326519,2.3743158094298904,0.5074968109643466,0.48173610813621565
2024-01-30 04:00:00,10.56180752420624,7.245146092717806,5.760887890534937,0.08353981320722213,0.3190292799038707,0.3747416258659219,319.642469020132,8.07007742649213,184.728724078957,3.8756585607077723,0.3218494556088523,2.645445172896994,0.6391990453325443,0.3797993972474037,0.33040062381060853
2024-01-30 05:00:00,11.514380564067826,7.8929582651800985,5.0574026346974685,0.42482705515843805,0.5875084252195925,0.6349629878696396,323.6931186902179,7.983709262469533,227.6325448204258,3.6677882426790585,0.5628891550731416,1.565853215820496,1.5315054709785159,0.5824106556727898,0.4592212193082299
2024-01-30 06:00:00,8.777534621940575,6.448456317351434,7.5692966372596775,0.09196968111098779,0.6556542822105172,0.16568474142933476,326.68627858986235,7.773419094774452,165.9754101252548,3.2600413619744506,0.30073988497190035,0.5,0.5,0.3844878025243651,0.30894673988158744
2024-01-30 07:00:00,10.392505759085275,9.89678098020013,8.529951185650551,0.46192308607643856,0.2669951115663548,0.5095362556171606,330.55133441888904,7.954747865183592,224.198686598856,4.716368676843679,0.4114455528242895,1.6427076110758332,0.5,0.4323325980664353,0.401177907836678
2024-01-30 08:00:00,6.7675560288262595,12.480060256753667,8.276920436179319,0.4175183404174701,0.4039889022322504,0.3802605936261555,334.81515240547117,7.907535182759838,203.90732332150674,4.25378370824407,0.4274800545032073,5.517140295519606,1.3363732461086795,0.44508298821774994,0.36543979821908396
2024-01-30 09:00:00,10.876011169818021,6.726523701552804,8.444514557649542,0.27453601659395166,0.31995060125832553,0.12131442024021767,333.8672383683225,7.9697704004800745,182.2252303772692,3.6294723817202215,0.3134332598143637,5.438911011522644,3.0736536058355117,0.37846971005021934,0.2808066506646973
2024-01-30 10:00:00,11.706490840605095,8.998037762839166,4.902362397839319,0.5817817857932659,0.24631053335612588,0.32207406259150956,333.01991869941213,7.706784262193425,217.49358899514718,5.316982775553281,0.49443616485706604,3.7452996480397216,2.6645340951202616,0.5038659948959532,0.43308022111175287
2024-01-30 11:00:00,9.51669756584295,7.028290098338738,5.507105336873286,0.43321843140962835,0.7433550331226465,0.5531975594529545,331.6624517885552,7.569082109318426,245.7545629752492,2.5978909898437794,0.5746590160494636,3.3731539899543574,2.3210440432740556,0.5966315617757194,0.46539235368655685
2024-01-30 12:00:00,6.330513107989486,8.391154211563919,11.126162555475288,0.056182471137823514,0.03519672928991499,0.2119045343523882,329.31901034333566,7.449265480560321,173.35795461543685,2.021443683341193,0.12199564307162811,1.8595728549168102,2.5287265082394255,0.2042890634067466,0.15911464347097942
2024-01-30 13:00:00,12.868922395845571,12.117577329389484,5.681027751010891,0.3185383091291576,0.7024190653817954,0.44463433107399514,329.9071033484237,8.142715585526982,224.5682772329121,4.035798655144417,0.5579354151407361,5.722109329776451,1.6587487817241129,0.5967337987760085,0.4554234302083366
2024-01-30 14:00:00,10.606470709599487,8.505224656601865,8.358288352766115,0.40864594755824063,0.6208714258362227,0.4346794039557339,327.2177633321284,8.334549025005169,225.28931189898347,3.234110751976288,0.6002909476346326,4.1428940526749365,0.5,0.5862718032779057,0.5111370613919087
2024-01-30 15:00:00,7.6891407711958335,4.042078029004809,6.115466234355444,0.22366147356983726,0.1814655202517229,0.17843560567694014,322.1702198436469,7.832027691526788,163.82919451592525,1.0,0.28628920711515604,0.5,0.5,0.38222018773321503,0.2608957135872887
2024-01-30 16:00:00,8.600488038412163,8.15746323777331,7.253573366103109,0.293008235201271,0.41691741882548744,0.13514921644118608,317.6054077528283,7.508996018462811,157.46786076267392,2.6243903570708422,0.3815467512924356,3.230730594960905,0.5,0.4371020995884225,0.3281177272552503
2024-01-30 17:00:00,6.062508835990105,10.396361887512068,6.208097742180747,0.37906520870846283,0.2708234403154263,0.4694464232347786,314.86605508939334,7.586129917888853,202.1554638862472,3.1890185435584084,0.47757684681469925,2.348526970084344,0.5,0.46957264965839907,0.387084311686804
2024-01-30 18:00:00,6.906244185074288,6.512534534988777,8.009248406806519,0.29032947539422016,0.5286857542787572,0.27605865617507463,314.61489852761736,7.503549492677602,179.1961875515005,2.6722763242548453,0.464443267248659,0.5,0.6803954913728356,0.5283769117031455,0.41739162322922685
2024-01-30 19:00:00,7.938497054887942,9.636352508521204,7.0450460063428135,0.20638563531379184,0.8023359507339631,0.4167665728549499,317.80594936593644,7.508139893323001,197.19856114220283,2.5612442358785206,0.466947274382761,0.5874053201154023,0.5,0.49627253708767693,0.39538318296322117
2024-01-30 20:00:00,13.122717687161431,5.656569809014723,6.3621314435643095,0.13028044286947676,0.30822104459467403,0.47117075638596356,319.60798978994245,7.170958745968351,201.64066933391,3.590712763519152,0.2843551459410487,2.4458963582618076,0.5,0.35453249615465565,0.2632385800899513
2024-01-30 21:00:00,7.8776711584200845,4.432124520010115,5.4537956109329455,0.6081811748496179,0.5978045264595434,0.4645955346322391,323.4091978228994,6.886548631421344,212.5937108175876,2.6289900653831633,0.6746951472437132,0.5964436330634184,0.5,0.6604504083138957,0.5112419845794899
2024-01-30 22:00:00,11.457643629226679,7.5616065362467575,7.596307937960183,0.2577828282086283,0.4217118532430054,0.18504398385957427,327.2027587164987,7.122053633262579,163.3584014201703,4.1138850923604755,0.30221471392026167,1.3649317481228378,0.5,0.3881235541153784,0.3096970715917417
2024-01-30 23:00:00,8.392159102770147,4.185118712476062,5.635579246277306,0.4028764678288867,0.3212622432745947,0.1831132860594415,331.0830349959372,7.049851550058457,163.55387966067906,2.091840590681849,0.34660251463558184,0.7990976431538888,2.445625749142051,0.4215663913927562,0.3340519781747677
2024-01-31 00:00:00,10.665570668103276,6.91363401634873,7.9537040784324535,0.24169799176165438,0.3340816599943491,0.5060326997138666,333.9994685504946,7.919002208737867,204.26742252403463,4.076199891682944,0.35081225868088434,2.7959543328235363,2.69725087313253,0.39468038041501996,0.36393545300279756
2024-01-31 01:00:00,9.748706301859654,11.454818380844614,12.966559693221607,0.4745448616052843,0.5782775772636155,0.6842956183401362,336.37538917719513,8.18051917902961,221.24301148285676,3.934642876043047,0.5991201495587631,7.847224209328353,5.079414800975137,0.6028509381444591,0.4814211036421716
2024-01-31 02:00:00,13.178589697748343,4.181286454001256,9.643776997133767,0.26977880829504347,0.7432283865907395,0.50679094785659,336.10219124736466,7.665575640735653,207.11136761002106,4.041586320988728,0.44828911889247475,5.134061820173193,0.5,0.4963059643131537,0.4083679586852442
2024-01-31 03:00:00,9.015792957359508,5.182156194135056,8.937950314417536,0.523874971311707,0.21836230387509198,0.5524111079465552,333.9535032917986,7.160102713835323,202.79220897165612,5.079233913958477,0.4583287119465781,9.620450629987644,4.152121119263305,0.5032528167599587,0.44752933373499093
2024-01-31 04:00:00,6.816095336906256,5.665351118102632,7.154533201014775,0.3478206107970396,0.6078219838898563,0.6486151320337855,332.95369278289246,7.318949989674902,212.86853513799386,2.3835998990004033,0.5214644512897517,3.457359480601875,0.5,0.553047623287017,0.4489184160816374
2024-01-31 05:00:00,7.236581528179508,7.77417368971022,4.756879542124684,0.08134479560103251,0.24363418286637095,0.24927513953232772,331.50802154198465,7.34033255938815,163.51824050279828,2.922297307004307,0.17856884839434192,4.124802563857585,0.9730939176245564,0.28037885702821147,0.20891595718082231
2024-01-31 06:00:00,9.197212023647916,7.0755792154886565,5.52134749527069,0.1874979195074175,0.45076828056808843,0.6868747686920947,330.1016910179366,7.8214214300206795,226.76716686572408,2.812146518951363,0.46222249440604657,0.9328602663786134,3.5781094594337213,0.4717158512408125,0.41254051066326813
2024-01-31 07:00:00,7.500069621285532,12.429381926764908,9.669010176158391,0.3211446014023068,0.34871678989830884,0.360207519145605,330.4003638025784,7.912879409383967,190.64577071881618,3.705379633332779,0.3880056154234013,3.121063881968597,0.9796826855323534,0.42422860708786647,0.36271682192736304
2024-01-31 08:00:00,11.840714516231976,10.724852193670538,6.24894356511752,0.29139595085015396,0.7801710529105229,0.4362028793633639,330.7588860934534,7.406480413456227,211.63481921735104,4.883917710098991,0.5283794538021764,4.837941684494385,3.3541820557342907,0.5278333451825875,0.4689579414603094
2024-01-31 09:00:00,9.151327200838072,9.17982713934681,6.3561562490522,0.4907818384810966,0.31258020351157073,0.3174203019946725,329.39958077669104,6.981778863603319,194.4104383080859,4.682875703331776,0.46619888806773724,3.381897925249513,0.5,0.5100342425319533,0.38573263032117067
2024-01-31 10:00:00,19.94672353457447,8.113647255392522,7.001053048611342,0.4662656894594181,0.6231472475398248,0.44208954779707216,328.40267557042444,7.319392809444736,223.19360792657565,5.694469342213379,0.5437341735293127,4.493112114260677,3.206482000608564,0.5563157279466555,0.45172693991203594
2024-01-31 11:00:00,6.187869832738459,8.662804453900398,5.601010771067685,0.3322505389718049,0.8124006682529514,0.49257553612264104,329.11966517045903,7.1872608586748985,225.4996781264449,3.1342730690859515,0.5828077408472228,3.5295626610127053,0.5,0.5862522763006119,0.4871096600823812
2024-01-31 12:00:00,10.437072539726882,5.710993137755037,5.364027934494325,0.21503400314036472,0.7699820362977156,0.6269839927493936,327.83162363771066,6.991124563022805,214.8697166559552,2.889219720649213,0.5356164662294858,2.9837785275769844,0.5132022632926525,0.5479221151257966,0.4525136001846888
2024-01-31 13:00:00,7.0372684303032695,9.751050373886882,6.988403627693838,0.06945120560180082,0.6784737292766361,0.261842377208235,327.0685333344695,7.172839492063104,176.1249551736951,3.223069152340531,0.3292010458654365,0.5,1.4801974078367097,0.38226891333186286,0.29586168335216106
2024-01-31 14:00:00,8.235833749944913,5.119165164217053,5.635753884331846,0.13928001649947877,0.6352666399746678,0.5906768252395739,326.6414156563929,7.008236754028363,216.54318389896775,2.11518465680621,0.3872971178361493,2.200257958894932,2.2506582153623818,0.4277835904648638,0.4053684284311415
2024-01-31 15:00:00,9.661568596378745,9.430842951630394,5.999648971347072,0.16402167446868957,0.5829888717524648,0.5487237835320626,325.2913320940867,7.016480526990961,212.50550933840276,4.8208857986457145,0.43821980101184405,4.463343634116382,0.5,0.4511440914251091,0.39194429665377817
2024-01-31 16:00:00,4.773049868173113,10.455074512841026,5.732001259747907,0.19828183396698276,0.5197853357530051,0.8171035782099593,323.9833805235404,7.20672358233079,232.6626127387872,3.988280296181645,0.4493272188697135,1.5110546271627334,0.5,0.4821949203131577,0.40573870491264385
2024-01-31 17:00:00,9.685439259730536,7.611698930909808,7.642462776120062,0.22935182146295072,0.5717022282002147,0.45562444079458053,320.3810131523717,7.662409232601716,199.6390101236995,4.067902762921576,0.43742276640190003,1.4165268707397645,0.5,0.4629108313686794,0.38517949306314764
2024-01-31 18:00:00,15.375207919398028,6.718377116425771,6.4950107788711415,0.1299223019888713,0.3104565531649519,0.7842403658424816,318.09299182659316,7.734200658732769,225.51690689365975,5.301676253383162,0.39174771998630126,4.655712611467537,1.0683844692550577,0.4225161622843841,0.3629790079833196
2024-01-31 19:00:00,7.958853062966453,8.108062408757895,6.58408856379467,0.30746786126806,0.1287099893041212,0.16236041072914809,314.064637701219,7.402478524693824,165.69288233063958,4.459168679371091,0.2349658659216372,0.5,0.5,0.33866454841017785,0.2501211345000574
2024-01-31 20:00:00,9.784123280281918,2.8774345178021594,7.637504616814453,0.08323886229011089,0.7011682041041603,0.17640274872313216,313.3962073224468,7.786165842754624,172.80052852020964,3.5809387381434536,0.33834349831061095,2.014099775582377,0.5,0.3959984818647831,0.3073856708162534
2024-01-31 21:00:00,12.262587370186125,8.011636727603445,6.571883536719681,0.14570511209981674,0.4939330458680298,0.7079166015396839,313.4220735777093,7.789500674838447,227.5230682241304,5.685804743509242,0.433771676561974,7.011897641425321,0.5,0.44728056491257606,0.41969124354245446
2024-01-31 22:00:00,8.92609832913725,7.1166237909941366,6.721450694372304,0.26867158466308905,0.6316689905649184,0.27508978367319337,312.7372596941376,7.924535308577254,193.3358688404423,3.01686326763792,0.42214320650871073,0.5,0.5,0.45369001044538865,0.381540709512687
2024-01-31 23:00:00,8.08479816855558,7.381522410183948,7.589568479357533,0.16055551465498452,0.5896450760056731,0.5172325946151852,314.6813185883195,7.811874974642372,213.1655944638452,3.466803932423396,0.419550122594061,3.594890768563043,0.5,0.4795861688899379,0.37740503935708447
2024-02-01 00:00:00,5.125643222491366,9.569516530961215,8.25175555540945,0.10758932349381432,0.3758574374981356,0.5472259644700934,314.4338933741067,7.668294056472929,209.55599055868035,3.075444314920145,0.31730260077877914,2.803366438375887,0.9029423808371794,0.361531708653843,0.29903083027210353
2024-02-01 01:00:00,11.815013875495922,7.580713298791302,6.952610384284093,0.608575388510048,0.4583992326069645,0.6041415680755085,314.1291328642953,7.502556649628578,225.19881745715904,4.979381252974468,0.6372353025037112,0.9559333729971522,2.615877476405694,0.624959011975751,0.5359307051262434
2024-02-01 02:00:00,9.727389421759906,5.476153810934664,7.302081979665732,0.3478613064256175,0.19500341145696087,0.6196896672580795,310.4028317968048,7.753938774661048,223.11472044875103,2.6720814714121346,0.4065151891261208,2.6325230462305345,0.5,0.44265916745674344,0.35030885190321115
2024-02-01 03:00:00,7.667448232456859,7.64114727307615,6.1187548301720485,0.20949901769575355,0.6864698968651946,0.7650496746879192,310.80184937492874,7.748717799378276,231.4865226983369,4.767302971469715,0.4960106437125934,4.908562807320881,0.5,0.5141794630909808,0.4182606582561404
2024-02-01 04:00:00,10.656001335538729,8.256519928718763,6.171298455876354,0.44594880803657044,0.5989627585886842,0.3292077655135821,315.0817605796623,7.626537002540006,207.4691108584664,4.7388019765111515,0.5257164796681775,1.105044862787563,1.696677660327384,0.5369608366520104,0.4592917189527737
2024-02-01 05:00:00,8.784110298419476,8.442541141929812,8.88918321685924,0.45782903305344635,0.49608170867623547,0.5259612185161114,315.7879687634522,7.498162678356601,228.6069582244132,5.495549211674186,0.562525612104519,2.6726861400995183,1.4643571137850737,0.5546343583958238,0.4547662026219679
2024-02-01 06:00:00,8.928522401533415,8.599040572756142,7.996651235603904,0.30414023672675555,0.42324170912424597,0.26678687233312925,314.8231511154648,7.63817262459968,191.2576718001194,4.062724680293185,0.39298347201308664,2.7084683599906225,0.5,0.4349991168201213,0.3658244808981416
2024-02-01 07:00:00,12.21649568795184,11.380285352864112,8.026292971744585,0.500606153850994,0.448144718125582,0.3649529414053088,314.9579783712717,7.5312998279885335,212.0113364213183,4.544080602928581,0.4973424790975631,5.170368361745146,3.3036946656272663,0.5314996606188991,0.36658560746300145
2024-02-01 08:00:00,7.022964661740619,5.739902072067203,7.6490625088957485,0.16905644055800192,0.25176718620031296,0.47394915207073973,313.9831899138601,6.974775545219925,215.66899644359407,3.8194298163059206,0.25784796095961243,1.4359370998045404,1.1888178126507625,0.35780842995299084,0.26350216357141437
2024-02-01 09:00:00,13.511743835193982,8.528979069068969,7.316328787931316,0.295418942823853,0.7019886525165805,0.3562270863605652,314.1744224896315,7.30926619188879,211.92823448864232,5.695825846392815,0.5138051583165333,4.163810105067419,1.8694257889952908,0.5019471304860638,0.460238879117846
2024-02-01 10:00:00,6.695629109393882,12.054402511589833,8.466729153760156,0.47411643186585595,0.9169272708017037,0.3048228579062387,314.754504522369,7.399452208207324,204.06237904510965,3.542479824702476,0.5426626861449282,1.2222431844144503,0.5493587022259534,0.6002488977460756,0.4519640454285719
2024-02-01 11:00:00,8.058824023008958,4.521574428506391,8.590817311860748,0.23220257740581204,0.5102476114123591,0.5398631355755087,315.7496197526673,7.288516882538602,223.4650060428324,1.8116640934172052,0.4487617873796441,0.8983844634942721,0.7227549801879419,0.45999754756820366,0.40442668991861014
2024-02-01 12:00:00,16.2553963112041,8.227538965649584,8.501668030451775,0.590457508508466,0.44727246239538637,0.28720701631132,315.5832019769209,7.785781161471273,203.87751445515096,3.843948130862657,0.5917767466227308,4.730684448523884,0.5,0.6034341164076488,0.45040136119301155
2024-02-01 13:00:00,12.715548444494816,6.350578962147269,6.971171674854222,0.23422235825167403,0.5591456031797677,0.6047940945259009,316.0304306061731,7.688823997905867,233.47564905468005,4.693139325660314,0.4664940907337152,3.4829082403670775,0.5,0.4746924804004113,0.4219942313590382
2024-02-01 14:00:00,9.324145600412088,6.712627031449055,9.071938712541467,0.2324868372334883,0.6727002700301977,0.5374615622863486,314.85350188277,7.707170401465252,225.03295519576022,5.2273523993563895,0.486210556137532,2.9947752694146623,0.843443792700667,0.47498494435892286,0.4292372070427739
2024-02-01 15:00:00,6.837816152090511,5.5944498172622295,7.14026636306984,0.1894055146277902,0.14945906165052678,0.5156328388522895,313.006653636467,7.3561492391415015,203.1179207766776,2.1601319062631825,0.32234688346249757,0.9335882146723368,0.5,0.3385459492492459,0.3038774325052956
2024-02-01 16:00:00,7.553157600755669,7.019221664489623,7.8604089956603005,0.2300378757145698,0.4316013460381761,0.33682400447251026,309.1261949706108,7.168114300001349,173.14068295851177,3.3836223269204946,0.36409557719274727,0.5735624194835449,0.5,0.3998564724573495,0.37200908806584976
2024-02-01 17:00:00,8.846031502699788,13.294653305897736,6.998122402763083,0.13546389174200202,0.6152763455154964,0.16623869157653529,305.9877854250523,7.556017437280124,151.1156862227882,4.304759460681485,0.3944048795430757,1.0549382209983926,0.6222036037626275,0.4324872402479724,0.3686840320756414
2024-02-01 18:00:00,8.714232821201566,4.918144409737763,6.882681100699975,0.3461267824821093,0.267073599642295,0.41211588859591247,303.3146244108893,7.468642656469341,190.04166550033048,5.043218309894651,0.3675005983841671,5.397226142911052,0.5844648967645676,0.411233728129618,0.34735468828671195
2024-02-01 19:00:00,8.414943794392464,5.088340305428247,5.577134652941226,0.4178236450340719,0.34891471844339567,0.4776354436031692,303.8053416712763,7.2548958856851815,212.23558059583974,5.1933715362592165,0.43644426457667684,6.320271522254636,0.5,0.4613998691815603,0.3958291858247937
2024-02-01 20:00:00,8.615874515252127,4.915436068479482,8.041845573124274,0.21799960106475302,0.3598798721370235,0.2920618408849589,304.2730437976262,7.135655339036333,184.71732534343573,3.8931350593705867,0.31252912571490177,0.5,2.995526290354107,0.39154311074171866,0.2785804799225507
2024-02-01 21:00:00,8.281998134674508,13.106697296182368,12.269752217616734,0.6069658408976476,0.36435194250632935,0.5023978143214681,306.0990688029681,7.6517053878251575,216.00585038348603,5.431681847476929,0.6206549473877863,5.239058668572271,3.170138708324197,0.6004348542017124,0.4819816159913497
2024-02-01 22:00:00,5.966809816963738,6.596540446358227,6.154710397230201,0.3737820626099392,0.2820749346110954,0.6299482366019175,307.59201402506534,7.287594346454866,217.91974248581084,3.7831260945458727,0.44748905438009035,3.808292522922007,0.5,0.47169094102320896,0.3551643154098707
2024-02-01 23:00:00,7.876041539234363,7.708024508458376,6.78347674599124,0.0502054933033748,0.2549049811438388,0.6061337912887935,304.9025175303916,7.549533624147278,220.1889131354857,2.6770342705698833,0.30434322419888477,0.5,0.5,0.40750773973352505,0.27074135966551877
2024-02-02 00:00:00,11.99106476557816,6.947041770865445,6.141649887584018,0.2761110175872633,0.44350517777363,0.8665552166566547,300.4716452329341,7.880093537555896,230.42446408663426,4.940912563837819,0.5482994441070423,2.541118712039201,2.9891692048264105,0.53609383117007,0.44357315625040583
2024-02-02 01:00:00,6.450805136436378,5.9383545895275995,6.335360307380449,0.5931144591856156,0.5606253653455758,0.36151452354100294,300.0,7.591845815183756,218.04414367238067,2.2971404572134406,0.600457145644305,0.5,0.5,0.5698662402242087,0.4703290940874513
2024-02-02 02:00:00,9.132258809982801,7.565072700093839,9.768308842545661,0.1874222114560673,0.5939369120994311,0.4581756961714443,300.0,7.936409518210171,227.34247823936283,3.964260177177626,0.44437004123997004,6.09735523151213,0.5,0.46949717894010307,0.3636844514324318
2024-02-02 03:00:00,7.7678669531818025,18.145064212327345,6.161612393351476,0.08587799904248095,0.2566220330184387,0.39085149150296955,300.0,8.074535855838333,219.1181864262342,5.793804242426515,0.29798111351861983,7.290442481542443,1.7268404082678133,0.36382901899305203,0.2889673646032102
2024-02-02 04:00:00,10.19065743900514,13.03076176358954,6.479771844621431,0.5686570084152229,0.4665182213297269,0.22750857524016527,300.0,8.021107464872538,216.0263772891583,4.82355584848262,0.5169424139299735,1.7901460214155942,1.3032241166032297,0.5346584083902509,0.4138147391867208
2024-02-02 05:00:00,8.914403768527261,6.395544024699245,5.1660560174856975,0.31135044759209024,0.39709124140834734,0.37374081309431306,300.0,7.276312267768115,217.08472445344313,4.531464285066301,0.38475483649510095,0.5,1.138320716093527,0.4279851943345727,0.3217260713478659
2024-02-02 06:00:00,15.04944633749245,10.368247625061132,5.895746634865597,0.36905418366731435,0.5709780158137152,0.08434249799202184,300.0,7.311625640868576,188.42442376037002,6.26522951310513,0.4038043526689999,6.074219142048017,3.043005486272529,0.47842462475404113,0.3732361940578856
2024-02-02 07:00:00,11.42192170371625,6.453444473838317,5.022970238110445,0.09221232746912988,0.4035679555916771,0.6477031775189728,300.0,7.064678898677032,244.07863912176444,2.751273154099927,0.35223725894261826,2.7274635828877045,0.5,0.4089552104964765,0.30470479666059175
2024-02-02 08:00:00,6.802979347578755,4.748140802216449,8.250338380071776,0.3824255536859863,0.505482740133031,0.30077704796570837,300.0,7.0700864329818485,206.10860858843554,1.3959635028235697,0.5186668692466202,2.6956571434739174,0.5,0.5065978947687855,0.4352984597141914
2024-02-02 09:00:00,11.692354642891873,11.525547657132574,12.839632071049365,0.2313214753254565,0.400410098683228,0.4737160934593743,300.9398970127288,7.598214425364005,212.8750353473409,6.048457917696474,0.36882899114045575,2.8777798515365918,0.8493902288228601,0.397896789084907,0.29493733675552736
2024-02-02 10:00:00,7.663273915561701,11.927645564512614,6.5770132062362165,0.28781536080316494,0.6452247211018607,0.2666725892005991,303.40931292261854,7.227969699939118,190.4646173987058,5.1471431835491614,0.4414326922794731,4.90596150698498,1.8190912722718233,0.4797603264039557,0.37773360058012395
2024-02-02 11:00:00,7.933532815607301,11.353939441384835,4.913343742931131,0.6465480087218197,0.6529410053292807,0.4277265393499524,306.8388541565427,7.366302304678331,216.67319292055447,4.284029654593302,0.5984149573922563,1.5819587648554643,0.5,0.5885184500472247,0.46090890061273393
2024-02-02 12:00:00,9.954185944351726,6.892523911625271,8.243389194122722,0.24020818604219218,0.9631750975434874,0.4160946189322056,310.4883702879323,7.228812992006949,217.1652354156245,4.410737582667297,0.54645846924618,4.184920022692864,0.5,0.5689248481626413,0.45051003264545264
2024-02-02 13:00:00,7.763549997678784,7.4868591006544065,5.9286354810471,0.3826420428313354,0.3419089088619961,0.45333648349260913,316.46354090398137,7.651333348443533,211.28441793154386,4.310990100646972,0.4315102665079309,2.6450829095880137,1.0310117250147655,0.47345599642402286,0.41479464641591535
2024-02-02 14:00:00,11.191907601358926,9.904308729845864,8.911111067964558,0.36678851491642744,0.7159416483704387,0.20547893707497894,321.53170428920345,8.072794246585216,188.0219513697408,5.40324006815554,0.4887706988863297,7.839854792076345,1.1473925970634467,0.5757507072836405,0.4076201204485313
2024-02-02 15:00:00,6.882575094855147,8.72929375481797,6.289987377394474,0.5187316954524451,0.7169085344238658,0.18299665504793397,327.77685027750306,7.779962375191266,197.68137128061784,3.355147376692514,0.5563711843953899,3.249729457436717,0.5,0.6089771124545055,0.432284830594393
2024-02-02 16:00:00,7.07986147101758,6.72992329583737,5.912848292221983,0.13960173815039087,0.41421079550146817,0.5855481257648087,330.05003216891765,7.527726913294735,234.12771974099695,4.105734302186531,0.41471476055216405,2.876685654484113,1.8757204766519715,0.4274505756614648,0.3919118219611591
2024-02-02 17:00:00,6.935823076844278,4.522418871064718,6.26592600427396,0.26627736257073104,0.18096526943012448,0.2578376795042937,330.49526068086686,7.329251045611739,191.0410612742606,2.73405117574836,0.33288466279423845,2.742969717142636,0.5,0.3767949299624155,0.30088922416919595
2024-02-02 18:00:00,7.085386279633143,7.863148324781858,7.892752023256061,0.09081898637775944,0.42174152064110365,0.4256569244944065,327.11614331322556,7.440947922934063,212.30509493182097,3.812426308564565,0.3093827106336049,3.164108874495542,4.432006065042045,0.33112631914545765,0.3140248586696404
2024-02-02 19:00:00,11.318163589981905,10.737690811156755,6.175497202290728,0.25071102106652243,0.4165550893654555,0.6119637972967056,325.34067528236056,7.415793464730873,229.19136204522914,4.849798573437725,0.4047362134459727,1.6217861890102827,1.7641289239165716,0.40515168315046124,0.35693977804388577
2024-02-02 20:00:00,10.003768540536448,5.21706853461429,6.012880353714192,0.2929828991387971,0.5741722764613378,0.6452965119142033,325.43132040091086,6.916637752024679,239.13508581722556,3.082731714408051,0.47917738202051174,6.025022888407703,1.799693302179485,0.5063850079737373,0.40840983468239067
2024-02-02 21:00:00,13.725209340129602,9.485088984265898,6.385419351974104,0.3515215238244194,0.6184948287986026,0.4570654724808346,321.26298868880485,6.9689289548694875,230.51797805307893,4.368352442021817,0.5060107012013068,6.199476975592116,1.089886711046148,0.5039149637138866,0.41969503173184725
2024-02-02 22:00:00,16.33104304234922,8.708352571049707,4.968586562697946,0.27171881235833545,0.2743386313766775,0.283777368047503,318.66650604398416,7.453398383610164,185.3770738962138,7.009577847451684,0.33012199183426627,5.472691778920693,1.973870886547383,0.4239906843230827,0.3277556337459202
2024-02-02 23:00:00,6.618715248680739,10.103606004757332,7.330548097297182,0.29958576789997715,0.20155689725988502,0.6564909560627096,317.88949102407923,7.757035296542042,239.41030193238691,3.0738539054951692,0.4219189434159586,3.1904929460657634,0.5,0.46710064785872,0.36372570311618685
2024-02-03 00:00:00,9.204962814297884,10.668421292189704,4.555038133131254,0.46226880551060057,0.6016907375750663,0.334705665917616,319.1156723048061,7.888099833465245,209.5423651550289,4.518427817770444,0.49953065198509955,6.664517874769542,2.9368009708299336,0.524214425565143,0.404106442643085
2024-02-03 01:00:00,6.631488990100944,6.561061783321967,6.094242174537524,0.19724932686361885,0.5241471451370232,0.06430758248988205,317.6933914879482,7.8526571818660065,172.40217609947564,3.692333498680015,0.34283426914853143,4.224175697255283,1.8122865554184218,0.392909805143811,0.31108167257428593
2024-02-03 02:00:00,7.559340455261482,4.952111315468623,7.994368482400561,0.08758657264950062,0.5492408500212546,0.476068155748978,318.3113674327817,7.5161765819812185,215.9281204948973,3.279425426692362,0.31573250849312784,1.358574430288229,0.5,0.40109727286809554,0.3198675215416853
2024-02-03 03:00:00,8.00796162474433,7.086889727438965,7.432694119028797,0.17500936643914564,0.12081942667936979,0.513128001929642,318.9921777470353,7.712515259196036,215.24155734386406,4.219534410160813,0.2782564666147629,2.5436024133569086,0.5,0.37570226583867206,0.2885294903263897
2024-02-03 04:00:00,7.1938916262750565,11.272813592983995,7.809194104675668,0.32943657420681555,0.34501317433933976,0.7186954418937749,321.262074711545,7.222764906655069,236.09363024220687,4.342264423786648,0.4483327316215916,0.5,0.5,0.4574653414893466,0.38898409321041955
2024-02-03 05:00:00,7.2602506690845505,7.170555544918841,6.848542187200267,0.19557458310988032,0.24248043384047183,0.24917115939553816,322.52396628707726,6.890106179683108,173.75818118099636,2.8032173049769593,0.2644447059496349,2.9460342051026114,1.985893091552379,0.3156655473505219,0.26519978803090705
2024-02-03 06:00:00,9.385436470999538,6.842932146513718,9.306518143075103,0.3207126007519249,0.30673039371635086,0.3994285157209735,324.7222474751417,7.0667566098302546,202.799418428975,4.465508678297222,0.42429265565773433,5.578076665606918,0.5,0.4524236285369776,0.3816109424017396
2024-02-03 07:00:00,6.932785184085744,4.761640602161985,8.797457356068845,0.26765335733738504,0.26067286026575126,0.7471603449649663,328.46447051019493,7.237717322579006,232.2433438045706,2.7684127279015787,0.42715231753329097,4.5046331656599286,2.116925051836824,0.4634492302234435,0.36154243623218385
2024-02-03 08:00:00,12.243940897547654,14.86070418419834,7.90170160528885,0.5295173715290777,0.49549315901290325,0.18099983855308865,331.6991609726717,8.170487758531104,177.7178037108024,6.704406731604835,0.48692101320133385,7.615616645174344,4.980051768306563,0.5179465776860693,0.42981536626634376
2024-02-03 09:00:00,7.388231247607382,10.948485906744702,8.51219955170311,0.34014004810744053,0.1200678439686992,0.3566190784160369,334.11356230586307,7.8165796258668445,180.54741099165253,4.4581452303862115,0.35785002666922666,5.440065788291517,2.963517977466164,0.4150395424532364,0.32523961572624943
2024-02-03 10:00:00,20.639215195459894,10.629229817726783,8.402361579758493,0.4456357199035631,0.5626060020304374,0.5138985069945655,338.79502164766535,7.7863203569526105,204.757859527623,5.450971879328963,0.5320933121324901,5.565380061222642,4.367759726535101,0.5999985825171958,0.438544063980958
2024-02-03 11:00:00,8.123635739219647,11.168010076196001,6.294162431745793,0.6105257588904281,0.3727794599864981,0.6404071820141668,342.10183502992254,7.487741840368363,214.88873883703468,4.4406102064094055,0.6183950665480119,7.983808661445981,6.620052283744898,0.5944651885924851,0.490021021475012
2024-02-03 12:00:00,9.209083731317461,9.706566473706879,4.962770561343719,0.17072457006721503,0.33687306721729177,0.43229470441444506,341.79062337119956,7.415222074804496,191.58162732813932,3.3865118880698484,0.33576258941448955,4.957566102047313,3.7943063389037417,0.38786749141592697,0.3252131772966185
2024-02-03 13:00:00,6.146031058893631,7.349701590064401,7.2481489041608995,0.32104807578849676,0.7138335660017492,0.4285372444461877,343.11087793368756,7.249538626731557,200.13394870109164,3.5087987731576287,0.4686763758203389,7.58512546574862,1.4653402679385108,0.4870715985474714,0.41222157908089613
2024-02-03 14:00:00,13.954933377721726,7.431923996719263,7.62755571599416,0.3664622789036783,0.2982129579191,0.4922758095366515,346.46870912995894,7.485647553205795,210.7168272310336,4.662799040978603,0.4168817959116815,6.224967190733155,2.6322463241158487,0.4500067165859245,0.3952138736023275
2024-02-03 15:00:00,11.6337472862116,6.742949133444748,8.263263893571917,0.36566534459012157,0.35499324439642677,0.7631940784716132,351.1880955711139,7.16942020177288,231.22437512624282,3.736218243454224,0.5230169093692049,9.141968520871565,2.1866120868631826,0.54038520127501,0.45213467656011175
2024-02-03 16:00:00,9.1160387090597,17.783675942586815,5.364679051549207,0.35999750967021493,0.33403510828714233,0.43435390373794336,355.6842639934359,7.5281462948948175,203.6518165522807,4.352507760805605,0.460559437810078,10.560201984196304,7.779333118080762,0.4881448045045648,0.4155826000802656
2024-02-03 17:00:00,5.706069788107319,9.082675639428297,5.535835392901616,0.14426282770947313,0.8301147160340707,0.7313744190965996,354.7412646081793,7.459962610900675,230.66168108960807,5.294845049780447,0.5755727000724525,9.867369406137232,8.890967895146261,0.5995530422405725,0.4994008672452952
2024-02-03 18:00:00,8.805706416306267,6.536036049756331,7.039840273787096,0.2256932254799159,0.30494829591227235,0.3858545060383992,352.11619866158117,7.807421318144596,202.8894610174615,3.827349931256121,0.3984776411011873,7.645428577688206,6.6715740825274255,0.45204330184715463,0.36665863407206933
2024-02-03 19:00:00,6.08899405642658,8.811951713895647,6.28099663369499,0.4192582183829728,0.4881305745480616,0.43943635190664143,349.1359570827491,7.942601132197953,209.82813016491104,3.09263237393756,0.5061277859825273,7.796953433675184,3.739626783036696,0.5476684231461798,0.46776194567596224
2024-02-03 20:00:00,12.679909981991765,5.523709709253428,4.489544451052157,0.15045529226510002,0.2534404078501721,0.20519272681018125,346.2505357324611,8.088296114447585,178.2082422773584,3.7734406232752145,0.22762969732375338,9.727962552196118,1.6719533859788154,0.3147720795038265,0.24886385072613068
2024-02-03 21:00:00,10.723420820220117,12.464042337806081,7.26020769580067,0.45630238584872806,0.27501749880211995,0.43479147151324055,347.4954133459725,7.940284633954978,221.99557259240626,5.20168086716217,0.45293015434306216,8.44526100432689,3.730944220432872,0.4921450399893768,0.3897392821620354
2024-02-03 22:00:00,8.95233402996945,6.3060078115164035,4.366693573774672,0.4282215318523612,0.16347427570197032,0.6580352726998169,346.1013822916235,7.678527728260564,238.87479134146122,3.091134242723382,0.46385021278200855,7.055791981139385,2.071796699162447,0.4849475596763302,0.38643572525829506
2024-02-03 23:00:00,4.503900482928308,9.270756069914551,5.643488815682141,0.2447251890088068,0.2584743520329916,0.38585935901340973,348.6269861420495,8.023557427826695,211.75724305689033,2.235212907684399,0.3212099623154323,8.09882148268073,3.3847395136352407,0.3851392537552774,0.3144012617317287
2024-02-04 00:00:00,6.922433439854147,11.267326243183167,9.451767732493867,0.3225121548322135,0.14774405311323377,0.7344760929302443,349.8211082017351,7.638545169557952,242.62823498268716,4.090486574602902,0.44262117213456786,8.70618132409818,7.246614158632925,0.4835911910388378,0.4210460256000667
2024-02-04 01:00:00,11.304835305679397,9.188511786189695,10.393486508238512,0.28888228386068443,0.33427162004477606,0.5111342705212225,349.1599328816986,7.684422980628976,225.53628610084328,4.6879464642680855,0.4186896966068824,4.397539738737799,7.700803013452612,0.4291097164393722,0.3575388129162494
2024-02-04 02:00:00,13.369142460777274,8.481264454591187,5.407803528088675,0.36653357734840475,0.1021580256241608,0.33816449886586963,349.8149571204269,7.922691589148864,196.2636716931554,4.428640770734035,0.30591843216746284,6.64376300467948,4.298218090452555,0.38225460854246396,0.29617059049274336
2024-02-04 03:00:00,13.217726995668075,8.34597411193876,6.493994522655432,0.17082128364588547,0.4346218696546992,0.5814690186632984,351.7514160002987,7.895416342477021,231.40307285819236,4.05878173250332,0.4242812599349469,9.036272181582063,0.9570688165070314,0.4509686557946035,0.3616154435680999
2024-02-04 04:00:00,6.289627835827398,8.232828397060013,7.001842025053926,0.3678732495926522,0.6739908103832959,0.4947845385494682,354.41568611975026,7.63026982328694,224.32129963049874,3.134410865293789,0.47435318272714205,5.8738095999852975,2.304637173858218,0.5198661746210549,0.4248841934455065
2024-02-04 05:00:00,10.784671582833809,7.001733673363796,10.659130309226502,0.4565782059663854,0.4551946395226176,0.13822028530494568,354.6443572550677,7.606112800619407,180.9658532066053,4.020636865578993,0.41996837524923997,10.175910311596327,7.242603448351178,0.45233592419754476,0.3782804584039676
2024-02-04 06:00:00,13.223760333242842,7.298651553613504,6.3614059765034,0.35767730385070196,0.18545849869482917,0.1933047275217723,355.1237379327449,7.5792342703933,181.35763611617432,4.167586740188624,0.357358702884389,11.185946059801603,5.703251598133762,0.41303694043126354,0.2983455332001278
2024-02-04 07:00:00,6.247314565115308,13.490834419741947,6.523842255511417,0.30106748810634654,0.3785768182742556,0.23647351087924923,353.3623982528756,7.838479644235958,193.24138562521784,4.326052869817148,0.372579565096439,6.632910641589615,4.520375327973864,0.44445456890051066,0.33919633376356
2024-02-04 08:00:00,9.855995780486799,8.061651486048937,10.260272439155184,0.3451253167016549,0.2206007227115268,0.11758998504576128,350.3779062220157,8.112754203335927,172.4159583653434,6.109453087923717,0.2961498949654413,7.17065160694123,5.436979208603443,0.3886373594754117,0.29619981035727727
2024-02-04 09:00:00,10.550809373780442,6.4257015755926306,6.362732199098879,0.306776747088736,0.20053843217158068,0.39220174681952846,347.6575671920655,7.958218133366383,207.0829101190027,5.124402645789058,0.4104810833783126,7.27004552575622,3.8852473686728715,0.4325757742786787,0.37232254400752424
2024-02-04 10:00:00,8.852275359444384,6.914183857280746,8.327791681736027,0.535603077091266,0.5274124641939328,0.3219123614834634,344.48095539564395,8.114085552093202,204.84270123431278,5.441578880795593,0.5169304666401131,6.901965072408373,2.837964771402692,0.5674206617274113,0.45231954251908296
2024-02-04 11:00:00,5.63351304467599,11.424566909347089,4.97836715555994,0.3136142994175046,0.2479841619138822,0.2839537026372652,343.24092894712453,8.158628729371845,173.33043473119974,3.1712323179991855,0.279695652781626,8.216133698188075,7.144867344123512,0.38560308540466937,0.2650610766140172
2024-02-04 12:00:00,8.472889228211486,9.809983466965328,6.830597907705054,0.31683576220563675,0.3324358116304504,0.41033494159850475,341.4198698612924,8.265022439614825,189.99126164848764,5.439328242169205,0.4076932660569782,5.464204726918934,7.807905434002652,0.4490566792749019,0.3786090235931283
2024-02-04 13:00:00,8.304544725610924,9.297743780751894,4.699213685179713,0.43690221181959776,0.7432826569476059,0.618508771992926,339.9889780543506,7.823192641594353,225.6190763396366,4.06728193114545,0.5588782189793027,7.400421179555471,2.164698172340417,0.5882098039114496,0.4773575150108335
2024-02-04 14:00:00,8.572043808648393,7.043373592904814,5.435650285385529,0.17897730756012323,0.13294478848031982,0.5897436695565202,336.6062173994206,8.179149244375829,214.5342411266679,4.474225937447777,0.2952043507026214,8.753820094921782,0.6433361564837026,0.32014276946138154,0.3097478582227817
2024-02-04 15:00:00,7.510764750086641,9.059604650423374,8.157114559727102,0.21879481991693778,0.6353919072297041,0.47245610023543116,336.2481180642904,8.3690720695182,206.88614415728884,4.251293664951882,0.462592258496734,6.5197239399705635,3.253700581658353,0.47998293203116943,0.37133969169082676
2024-02-04 16:00:00,7.676748434855011,6.068187580645733,6.608217150507991,0.24479485687118957,0.523951940727205,0.7493762903023677,334.76698885102684,7.291107747693987,229.4729358654803,3.1533046774498215,0.47948318741696283,5.605395328406145,2.2995926513752663,0.5107564835238179,0.42621700344740127
2024-02-04 17:00:00,8.536364799239673,6.80835421053616,6.314729558202345,0.5665020527871664,0.6600367401880649,0.5724050648326541,336.3072240685819,8.023772372639955,226.50667000339405,4.273013399841935,0.6588873649799389,4.7973504740685815,4.124538483281303,0.6817105777139955,0.5477511734386852
2024-02-04 18:00:00,9.76044925643259,10.053154425226444,5.759958487661868,0.32790433783557144,0.4332263132807313,0.050063764544411866,338.86841787585973,7.789362980014251,167.1366840063277,4.7094719140412,0.3001847667265454,9.53574123137659,5.344447042195068,0.3743146645987013,0.3141665616712495
2024-02-04 19:00:00,7.958275725506105,9.756453933919989,6.425293101607048,0.2602429723286389,0.7368706912569997,0.3544194627503813,340.00856839711196,7.890981758629038,193.49932662070145,2.5575817449786094,0.48929853176529065,4.109645906654372,0.5,0.5737073613493128,0.4306110969686663
2024-02-04 20:00:00,7.810431773540222,5.412425973081753,7.328226486009429,0.2265586802333699,0.24835872428838215,0.21626523576567383,340.48116716303224,7.397113557175719,166.89762043857726,3.311008084978355,0.2287083157154165,7.568094549422173,5.847460162313215,0.3294020305963685,0.25449974678704557
2024-02-04 21:00:00,9.131007104489155,5.6833732489378255,8.69440082314769,0.23693304615088925,0.5771358196305721,0.15078786774536837,340.17956097828664,7.660626526506604,168.76943945389993,4.506858325612124,0.39443752149549505,5.771287195136381,3.1215629310178343,0.42566066761377813,0.3639617041066125
2024-02-04 22:00:00,5.298489392038859,7.825615536924911,3.838644541586626,0.16381348499152149,0.4131255427613937,0.4686006137781502,340.66545183976905,7.442652175702184,196.16625909580313,3.1923082571535137,0.3399570798834572,1.6763741557888836,4.224155648980034,0.42786889277852796,0.3597861684693576
2024-02-04 23:00:00,10.598749621963012,13.3061916489705,5.791239267691632,0.3412657218971528,0.041644658926235055,0.6282349534268584,340.75094610941244,7.514766708939442,207.10649765469418,5.208289414733466,0.4309009164611653,6.910169101833053,4.0989176360793955,0.42838085186638314,0.36188856663528773
2024-02-05 00:00:00,9.48624004958909,4.208133277611002,7.0661303843910765,0.31066424861305253,0.23368093942999668,0.319718191074108,339.80620798531,7.202078000029554,173.4116242698983,2.9908266774121985,0.31840627811191285,4.731478858308497,4.579685860214659,0.39275709515171814,0.27878065863049395
2024-02-05 01:00:00,9.810352687913008,8.610672978102519,7.079937619051314,0.11424930595644243,0.4667387277519037,0.5505604829638535,338.70351895336086,7.249008720717317,198.48786210920557,3.5929066596100716,0.4240654293176354,5.469754143570248,0.5,0.43962871840714496,0.35985221724204974
2024-02-05 02:00:00,12.95928699479824,5.136226044552202,7.861315828170374,0.5820899649821484,0.6336573358325018,0.23847623730236123,335.5269260966785,7.113152593798804,181.86043753992467,3.4837942225777816,0.530366748579629,3.388867035646535,3.7278618179312453,0.54060826798214,0.4588608388471741
2024-02-05 03:00:00,5.8329483473871635,6.58147973203878,7.648229021866557,0.26506150292097114,0.8247258745589143,0.2635729243673873,332.6898857643719,7.475810545812722,175.23727784325362,2.3648034676040512,0.41638666270028346,3.8287508361986005,0.5,0.4902809899978253,0.3841474317910442
2024-02-05 04:00:00,5.878249638011889,7.23084651329939,6.663458595291282,0.457051931686522,0.5688284739573839,0.6488987718227455,331.93688605571026,7.59153218639716,213.61714511576562,2.018816379581377,0.584433431814809,4.6626550182465945,1.5988352061543403,0.5868977798069153,0.48827948120919473
2024-02-05 05:00:00,11.130517910205826,7.1329274988323625,6.689020060393398,0.24668304994861234,0.44074199445302115,0.37764661504118247,331.37154021446423,7.664637315963257,180.90753605130266,4.1619669928277405,0.41587741582652066,3.4127843127524162,4.278838809141691,0.494164969813511,0.365053936565809
2024-02-05 06:00:00,10.331706975063993,6.8827737876603114,6.926047150334048,0.3897592718872048,0.17049980467793216,0.257000505459592,332.58846188920046,7.808260617473944,169.01336471074063,3.569597462884639,0.374173224026718,3.2132741931921096,0.5011173638309627,0.4025136195863868,0.33863822035853713
2024-02-05 07:00:00,10.84847465628751,8.156464100702292,9.573279934507573,0.07565022860686683,0.09929058871851104,0.1196504577437718,332.3488099579896,8.017968588552703,154.67007611629276,3.7968341540793626,0.17745127399460692,2.395670956562233,0.5982304462109116,0.24154719646914227,0.21409056211484562
2024-02-05 08:00:00,9.036578147181299,6.808035776949884,6.112042839737316,0.40478364214962437,0.46743670526877534,0.276601823459774,332.05956871989247,7.363635893547749,173.92902804650188,4.680329846780545,0.4627496463706733,5.300896398619967,2.064789183961723,0.4948681024092109,0.412340544798679
2024-02-05 09:00:00,12.262604816784679,5.006866398502069,7.3963034510819945,0.42863155877309017,0.3921032064801311,0.4212072127054298,329.8295198156134,7.9723475776841495,197.89810342724954,3.8047209321938595,0.4430288626212519,5.832192543704968,0.7832776783498375,0.5435266954391802,0.3703989921582059
2024-02-05 10:00:00,13.036740830954106,10.123176169489353,7.398992742109358,0.1811542758997505,0.3968674325605852,0.8685906228398267,327.441759883636,8.29333880252379,226.0120875892012,4.944350538473476,0.481179843814037,6.596954691616247,0.5,0.5163966642839312,0.3962421472011476
2024-02-05 11:00:00,11.30684987747724,9.879406571654526,9.946181227703443,0.14610137913255566,0.54036171396863,0.37479951872639905,329.1225013410269,8.466480090909547,190.25488348150697,4.047513560372231,0.36117354066788715,2.3932083497360983,1.986602220139652,0.4265078785862036,0.3275399434842703
2024-02-05 12:00:00,9.010857585988704,9.997230054139116,6.808521534882761,0.260344495413941,0.588965459730024,0.524707348025574,331.0942992085959,8.481654236807277,220.21697825838672,3.1064652442844602,0.4413343564551932,6.61024657601752,1.6191136114351887,0.49397798678143995,0.3761322164034782
2024-02-05 13:00:00,5.272482705765082,4.582047100100275,8.92672499432945,0.3209017596670678,0.09417109700198485,0.15007413236754147,331.0705781575609,8.138286704887356,162.5350758637899,1.40016085760372,0.27545674646787854,1.2881008904713296,1.5320152022181803,0.3344991298352013,0.23830922336984325
2024-02-05 14:00:00,11.591504979101327,8.120246529100537,9.012395297748922,0.2078034744298193,0.4555870461490614,0.06443970939346484,329.44578471914843,7.5781702434891365,164.15217424805843,3.8723705115250873,0.2840658184771031,1.6705150004810188,0.5,0.4194138637531991,0.30815757056513876
2024-02-05 15:00:00,12.957294382172227,9.029397829710831,6.832978032376558,0.05163102207286889,0.5743511658254656,0.505261806885527,325.27677177932145,7.27667140204524,203.71647019297507,1.731628169335624,0.40146917863291437,0.5,0.5,0.4329773012880818,0.32553843419534717
2024-02-05 16:00:00,10.897039577464366,5.168592053003025,6.683578918443054,0.20068534489053377,0.16880163144786844,0.3477469890872115,320.7194261551614,7.414755029989454,181.6671848290237,3.414476418393748,0.2640291912054969,0.5,0.5,0.3435195865496206,0.2778820272348085
2024-02-05 17:00:00,7.063549913822547,7.1541685049057175,6.547046359638872,0.24339257052766228,0.0506359887278553,0.19769004988168223,318.7405856794611,7.389855507347372,161.39605446847185,3.009816701726745,0.21602789468331046,2.180677854950296,0.5,0.31577080214352093,0.24636908502749383
2024-02-05 18:00:00,10.898276719462464,6.848498815298672,6.455356755692318,0.2772385775878265,0.5437134208380245,0.270244624111267,317.1056462859724,7.390445903150264,180.85653281372964,3.1800210741023442,0.3734154943344942,1.460175373558723,0.5,0.40137538312380794,0.3617902927288183
2024-02-05 19:00:00,11.533555497549768,12.828867881923774,8.328645683599962,0.3394138879530513,0.6152778615719259,0.2979502379387923,314.639417122834,6.91320340943625,182.63271106513918,3.965335299000565,0.5074151127117732,1.8403298176030816,0.5,0.5057088805750446,0.4301699014492653
2024-02-05 20:00:00,14.161939090228872,13.241562948698073,7.395582641893642,0.42545809557432873,0.34765573426111257,0.43965595363036974,311.54061326547884,7.144334389825595,202.40840039049087,3.342963461033225,0.44021418545017377,1.120579257933739,1.1073615727058153,0.46209391755999585,0.4053153753749325
2024-02-05 21:00:00,7.266304092106653,4.237912440885848,7.451686818371263,0.622121641174607,0.3077974788430918,0.4243194572684643,311.02339086235935,6.727053713269193,215.76694741700535,3.6124832518715695,0.5794188243559872,0.5,0.5,0.5925580536369224,0.49983528635893615
2024-02-05 22:00:00,8.87501206520364,16.230662093538932,5.59165608776133,0.3007497330441515,0.5096032699612341,0.39195489830000596,310.6649886748094,6.8455061376926905,198.42261066733022,3.6131768964578783,0.3959582868385658,1.0884166357787903,0.5,0.4129674271545711,0.35187769942721325
2024-02-05 23:00:00,11.896962420100122,5.530042306989218,5.775643850754767,0.4405942216753405,0.3254317939538504,0.5859339060221427,309.71799695708563,7.142503827624596,221.33003309234758,2.574021298089566,0.5131378371552273,3.391180737712321,0.5,0.5139087983871997,0.4345876832903304
2024-02-06 00:00:00,10.018382595618984,10.298958215389966,11.254109915174023,0.14965664547824317,0.3875307454841427,0.7015021225575208,308.71324804290896,7.2259149832869545,230.69530983092625,4.1743899438723036,0.4066076300531431,6.479224242510936,0.5638470837961319,0.42870572474151053,0.3971109375355025
2024-02-06 01:00:00,7.361761623502534,10.420388662910067,7.1616247358141205,0.1285064026910689,0.10096902719944206,0.44905806777420776,311.98780225266,6.782493120059486,197.11219878306008,3.2763426322892966,0.28875824797243005,5.525654695492239,2.07265975422803,0.30982835954929144,0.26012734842063145
2024-02-06 02:00:00,11.52210796719928,5.631213254568549,6.328483343921412,0.5227688182536989,0.21289819516678724,0.2582063203480006,317.4281194529403,6.956968471528995,193.6868195905185,3.0413137633627665,0.45837223260716775,3.1251561484929473,0.5,0.4686618078340863,0.3758229257189846
2024-02-06 03:00:00,12.259967280079515,9.173938804396531,10.328056078085119,0.17866126996882054,0.5339280019066206,0.24234030633033474,324.2513595984964,7.53968605143059,181.29462441003037,3.5385949666884695,0.34083052429647365,1.8529536987560158,0.5,0.4109841766680505,0.3107054008009702
2024-02-06 04:00:00,10.819112238691817,7.635141104487827,7.7411639176439255,0.41762657850463775,0.3578634523257911,0.20322948737734023,326.50167474568804,7.336513185910837,179.947287799294,3.469491162473992,0.38294594775270735,1.9210029614723743,0.5,0.40850838128062267,0.3516522839131379
2024-02-06 05:00:00,11.3150406848754,9.485128389108013,8.351358668623957,0.05103590062798197,0.5840738868460154,0.1541197272324575,327.81227186967294,7.861884127685466,159.8559156219137,4.814532595349217,0.3227200889636475,5.1018621611025825,0.5,0.40638477903352577,0.2726300856996049
2024-02-06 06:00:00,9.928291839344931,8.56337010271119,7.3818042987929715,0.5326114045961076,0.34971984035193177,0.2184178246243661,328.08434465154505,7.450780274079387,180.34652244878097,3.789165780627747,0.43845742684235933,2.748444207465714,0.5,0.4918927757072056,0.4064895773963482
2024-02-06 07:00:00,16.11922664511792,11.633608167708687,6.7862734621575544,0.08343219589745397,0.1825652275647177,0.16539292725985003,328.7374837996697,7.220181339941908,157.6600797885436,4.401292577849536,0.11080180838850343,4.738101245064991,5.43863722508425,0.23919652732156646,0.18677609041276502
2024-02-06 08:00:00,8.226830912418052,8.07479147354202,7.40182614175684,0.47239502737351186,0.3590344138588937,0.5815332594737742,331.8365349934381,6.908390360386235,223.9045707353242,3.7788821302539617,0.4653921465556221,7.309732922687701,2.809824407913511,0.5029885626203773,0.42307427230837663
2024-02-06 09:00:00,8.884206712259497,7.396008744347974,5.4382423787724115,0.2701337378335318,0.48657823042104337,0.37921686296820384,334.517905830139,6.624606172668731,194.1523776267639,3.0684479461600014,0.35432160878212327,4.193342532385786,3.079367762384584,0.3982340679703981,0.2936739654428856
2024-02-06 10:00:00,10.352350712513964,10.940632905242847,7.324675892041206,0.4153679851326728,0.45340367568683404,0.38817456655483085,335.1544920863376,6.8021479818827,195.75281239583757,4.016490465756338,0.4859567394403033,9.1152014530825,2.1646113605040442,0.5070547993827165,0.4005474412336613
2024-02-06 11:00:00,12.972509409140121,9.137142003424355,7.978034459507845,0.2974315414015766,0.804039919260785,0.25274800299825856,334.48674652398404,6.914916496400444,185.27923339609893,4.037930507206419,0.5416531559998602,2.833058906869488,3.386772178927925,0.5711071257259088,0.4873025546588918
2024-02-06 12:00:00,6.542576540501032,9.434775807055408,10.800451247587475,0.33571457861799153,0.7766172045428761,0.18077187571884992,335.08987077658145,6.682656820807096,186.54041886448084,3.587943703804326,0.40472987442789776,6.1107832791325105,2.0272640246491753,0.4569350944672582,0.36375446600589717
2024-02-06 13:00:00,6.7608138623253575,5.935432423095579,7.2207013885249385,0.2239112126578627,0.6792713186344527,0.11114772404100051,336.50578759927504,6.942461459730654,175.7305199050245,2.244473166016331,0.3455458434273996,4.041891475526103,3.227290335169966,0.41990034085299116,0.2882773120511603
2024-02-06 14:00:00,5.413161301986792,5.172858806519902,4.274225192359808,0.39763106576110185,0.6881499553441185,0.30655424572629736,337.99273881318464,7.09109644655041,213.61119014410824,1.191766678966798,0.5030432809480269,1.3518176723244215,1.9958797466459237,0.5208513703208293,0.43787161554224446
2024-02-06 15:00:00,9.50908763420947,5.945178113583864,6.92886991756555,0.5978222752606405,0.7095325754937247,0.5190922763465243,339.7729756535717,7.443676879913089,240.6602122714106,3.789624140944894,0.7026147956612868,7.064063913082105,3.194894175449996,0.7111838997490192,0.589243148031667
2024-02-06 16:00:00,6.802304464427163,5.783400303067537,12.71126100462124,0.4259885264751245,0.660183670277072,0.5635976007402591,340.93921445278437,7.704331659533846,239.66400654948117,4.059721198632335,0.5468760807837527,9.492089717714421,4.034386348634297,0.5892689479202716,0.48936121057258497
2024-02-06 17:00:00,8.286578151492572,9.01169604819302,8.482394479212944,0.1978526098543925,0.3099061687632953,0.23430816892850842,341.4503718443176,7.478066863118767,189.40353201188293,2.3777285285328857,0.30288778304748115,9.416244794700198,5.649639964843573,0.34227164664837506,0.29527362742961843
2024-02-06 18:00:00,11.075402802347876,9.553947123232371,5.973551276810844,0.42590977330528357,0.3224289555807113,0.3345757076947026,343.33625073940476,7.543295448339892,215.5043790598802,3.764455763431598,0.41955811639330937,7.956907620334404,4.606873156121561,0.47344652717721897,0.3997155066254888
2024-02-06 19:00:00,7.711241387798957,6.667852445729374,7.920103318510896,0.1546046537682208,0.4686236292456077,0.4244336669208525,345.4113133137126,7.707823558239481,223.8602679729786,2.5257107139632007,0.43234841180402084,2.3845479714022075,1.6057746852954584,0.4397329772835793,0.37964922134874335
2024-02-06 20:00:00,9.925885500473019,11.151217969580992,5.833737666510618,0.1510642698273483,0.5076649233522442,0.5803360090895904,346.9462221636857,7.593681576069774,230.92331465165148,4.301735909701542,0.40689462375888485,8.343575464251929,5.275757623341313,0.41964230117126444,0.3994256188403132
2024-02-06 21:00:00,8.664885051120505,11.047031858293611,5.187715151991725,0.26687758824415625,0.6614825097460915,0.5322252135544527,347.93706040773935,7.556901846568056,232.53025470182473,3.568501349759463,0.4990988212388722,8.659493430989768,5.403345824100636,0.5241359872485003,0.45210159044047676
2024-02-06 22:00:00,11.560443837603428,7.8130642748242565,6.531283036140553,0.2571840709954614,0.46683821402938985,0.8355935893255196,348.46881260557745,7.284694940261249,246.3334648196018,6.213280242723739,0.5078757324046869,9.064574223677091,5.918760822330615,0.5963124322111268,0.4587772659058739
2024-02-06 23:00:00,11.145794205362018,5.644052034966118,7.147033533310347,0.28694568848231444,0.36064911148828843,0.37448931686732917,346.7707068705863,7.310334516659721,203.84726967116816,3.0633724129712196,0.3648697772112091,6.71411389559912,3.7513948283064833,0.44463975204698286,0.33917484302500284
2024-02-07 00:00:00,8.19770393406476,12.358482363134751,4.6950979662789285,0.3065536083256186,0.26446791411340065,0.19212438610123073,343.8263703104135,7.411642404411327,166.9424194219008,4.635412844044544,0.34591108058008807,6.232048701370244,2.572236093104954,0.44034003949477774,0.3171426024500343
2024-02-07 01:00:00,9.674589788208914,7.44167073203747,5.736071720454935,0.4394797205698372,0.4694679045923834,0.38726039791082906,342.7628415788316,7.719552084303842,191.0497972315538,4.498994905422485,0.44915469989454443,6.610897821483323,4.491474527118573,0.5147719778505121,0.40468900834512306
2024-02-07 02:00:00,13.823718151107968,8.021423950042026,7.316381076957514,0.29426743781150744,0.30010057072043256,0.44281724970149694,340.2460616415002,8.316975394029338,190.5015650453761,4.336263366787409,0.32280432846078894,7.958202924549093,1.6030280539932416,0.4004161984820583,0.3141822311786703
2024-02-07 03:00:00,11.691598546686118,7.000535106044106,6.9739857407593036,0.46506210852161584,0.30856589676575097,0.7508995698972767,339.9515464209976,8.167655277387052,212.22679761563822,3.5405653196009896,0.5423998092057674,7.908725652110096,2.6980920389455156,0.5758897946527413,0.4785046777753702
2024-02-07 04:00:00,7.159536974257864,5.929182154237118,8.020835661041634,0.62905460697059,0.3632011229495002,0.3094502001283817,339.6037931797317,7.9511952422337195,180.66748002274102,2.785266290952183,0.5549059386924763,2.2336238314619417,1.4373331899827504,0.5617659377513671,0.4475348481842024
2024-02-07 05:00:00,12.802848896332652,4.958508113744989,5.5982446040680305,0.4804723702202633,0.24611451024597267,0.8072337275678524,340.67055385677213,7.917795405052132,222.76981785424684,3.4358765027374907,0.5345722045481298,4.512719431431767,4.946782580633974,0.5590562762206381,0.48803670691609796
2024-02-07 06:00:00,7.878481019320666,9.739565852902302,8.909151392923736,0.3723866870922041,0.3325821267202578,0.35474893543980407,342.3482002901988,7.493068576004438,182.58844625479415,4.1836707981762515,0.4136124378159902,3.972178844808104,6.9503423705438525,0.4890590154063948,0.362533495473693
2024-02-07 07:00:00,15.802256633131943,6.18205784445186,5.902070525236818,0.30138760227263656,0.42373652801056505,0.4846414813948927,344.9085923897945,7.540890806267779,200.9847311020067,3.2665301900119585,0.3914058999123036,9.886082400215964,1.8768856002886394,0.46423103775764446,0.3875047831606075
2024-02-07 08:00:00,14.061383567464619,21.035725597387273,10.557687337286499,0.5739544167134126,0.3157312695685487,0.5385064006155991,346.151862202434,7.827868956010678,206.31528626421334,4.7467372670780525,0.5803418404998987,9.933693465936738,6.395221751467531,0.6177842747550131,0.5036065569516814
2024-02-07 09:00:00,11.307677699756931,5.534368597570785,4.9867842923743915,0.3166570246050193,0.7196390255860945,0.33420881659122215,347.4059807454802,7.327536183980864,187.61645076915465,3.0001528765878906,0.4982780726860233,2.474214822419539,3.248829446033489,0.5426479306155593,0.4423660137586077
2024-02-07 10:00:00,10.720955221400454,5.178851935728611,5.665625019218619,0.4092011533902353,0.5565601777652692,0.10131364273817113,349.29708734046966,7.56314523388876,166.043900004115,1.744181936022213,0.42007320885016003,5.622272085571419,4.401454734777882,0.5156037799903268,0.3705561481623675
2024-02-07 11:00:00,9.493638588127189,8.993025841607828,7.98089584957037,0.4920078189635381,0.5025239091138014,0.19381336569418067,347.8765575858448,7.9524700692973935,169.4892698444846,4.100782999212336,0.4751502768537435,6.724278776518543,4.872033010267414,0.5218227833629233,0.3969167618771423
2024-02-07 12:00:00,11.921381486187036,12.275526994093227,10.354473205760957,0.23860487386581386,0.4394740048347871,0.12472028718577265,349.33028994393266,8.327781065541485,149.88605514821376,4.9639478151342,0.2695588999642212,6.505018151322543,4.9971640217631705,0.4069721041557912,0.26880433115398894
2024-02-07 13:00:00,8.699182423625441,7.5665437178580355,7.51635254729163,0.10081619308036674,0.1709083301270134,0.1776399767948357,353.676728542194,8.151417194423956,141.66996221793937,2.617587338132785,0.14712392964991333,7.828711612734771,4.248985373225573,0.27282168497785875,0.2049604291762433
2024-02-07 14:00:00,10.100718321629444,8.77549438334919,7.75353933464386,0.3182612838155493,0.451853544567925,0.18322954429815488,358.7649174469161,7.666231424145839,160.3791779340374,4.298303471349266,0.3645507430742834,9.707525206793921,5.153536397970443,0.4327479909087576,0.3435809400228342
2024-02-07 15:00:00,11.854412791253926,4.001741620291878,6.998184759903863,0.4042439509718341,0.6203705473845444,0.48758713411490245,363.7400799035563,7.72845431014819,206.14612589439966,1.9783709365805389,0.5457759691440377,6.722171777037772,7.239160919568116,0.5588398064758562,0.5024331942166594
2024-02-07 16:00:00,7.82077487653655,5.758736912064458,5.680511075808013,0.3199305264709866,0.2367681667777464,0.6723908742737147,367.71211766191493,7.4276454853117775,217.05892245552977,2.7131876026472033,0.4541105362692437,5.405382339642733,3.510742901411282,0.48128012899318406,0.402705457261561
2024-02-07 17:00:00,7.62763907323196,5.046286825501446,6.246532687524542,0.7129335063854042,0.19661732684296454,0.19983707088113412,369.7528917983572,7.828499260088026,176.43665046461473,2.504471183740016,0.4818088454680166,4.956739816061711,5.296825243433121,0.5083978427264766,0.4054559020620592
2024-02-07 18:00:00,6.459293282230079,3.876063713022567,5.267652915682383,0.3650209811079377,0.35335661060750073,0.6112700893783839,370.25575751068595,7.4190626206440715,218.2397286533625,2.2671501800370693,0.4960283046818309,5.994266413131123,5.687177525499854,0.5352817843270876,0.4108569165634111
2024-02-07 19:00:00,6.707291756941638,7.405281263915221,5.073373225562962,0.4822103783736728,0.23827729554406424,0.2655292216843333,371.67418066590017,7.588793608121775,182.74045827588594,2.7180793964757997,0.45791331576804944,5.677400881671267,5.922514248482815,0.48234247357778104,0.4162018301112576
2024-02-07 20:00:00,5.45244488801715,3.5074179649155504,7.42994782926458,0.39103908094357,0.5124608667545086,0.1908330001469508,370.30953680161724,7.71855557300001,173.54340598531525,2.0086975113279837,0.418916172426194,6.244599523399736,4.449386880372336,0.5151690024921016,0.3938410508927719
2024-02-07 21:00:00,11.290107916471404,4.7639146545678965,5.355429843723129,0.12451282063124167,0.3738530604308982,0.5159886788045404,366.42277321153455,7.433082592714563,200.59644288981704,2.8510818764439785,0.3458868467594432,7.731264319021849,7.402805620469566,0.41527132343519113,0.36622328413321553
2024-02-07 22:00:00,15.508409636272281,6.213999257783102,7.622105595050793,0.11046169616602294,0.5843828078971265,0.7267669569608662,362.42244946353395,7.853725232752493,221.44459649651762,3.9022059820505604,0.437234545555389,5.205174698407221,1.823822087155805,0.48325433279342,0.4411024297637833
2024-02-07 23:00:00,14.1787800745151,5.749825086770651,5.417359847145515,0.5820180111460481,0.08739453163092292,0.22711690666847922,360.22800556939677,7.484392232893211,173.1548369300138,4.784226703807273,0.4042373800589799,6.712469395976388,3.777471614907273,0.4316399016464021,0.3744125489336482
2024-02-08 00:00:00,6.148195106968089,8.665442605373736,7.783059510599962,0.3602411023202653,0.6991295461951745,0.4136106170041677,356.61871099481834,7.463752502036744,214.6077976327825,2.363359925956622,0.5177777540947516,6.276238796898324,5.371695456311956,0.5440441345962497,0.4746409698414291
2024-02-08 01:00:00,12.095735973846116,8.561873339474175,6.640934879325322,0.30307216395597925,0.4404968217569649,0.1600210084426559,353.01998220912736,7.523525066050654,173.00230295914628,5.503416485520438,0.40309936714754524,11.465755431415408,4.3192466900863336,0.4214546412210744,0.37841241027830924
2024-02-08 02:00:00,14.951662399172275,10.499050117282843,10.160189961989351,0.31210253569842905,0.430563317466544,0.5481457872072099,349.77024343777515,8.079711168685089,220.7910477178873,3.816339565767842,0.4784036166385296,8.991362634662483,3.445694070155531,0.5481648603654315,0.4431256416978485
2024-02-08 03:00:00,8.95873065704914,10.171191969532812,8.048748776944063,0.2525723822768078,0.5503183390808197,0.20629947345997937,345.1119411844302,7.6257655003933,181.01800210381012,3.6404666281400635,0.39327907549029373,6.49030498113556,3.1638717608344997,0.4252365450802796,0.324481919130939
2024-02-08 04:00:00,10.581227503599305,11.639977628000267,9.378413346060189,0.536904737858141,0.2126929880082679,0.5181762657346026,337.28017165012045,7.247701400809889,228.86143603862288,4.316656879453826,0.48366660738991035,6.842007080318392,2.1116894530491526,0.4847115854101081,0.3929740011494648
2024-02-08 05:00:00,5.895355792385792,8.132680766211575,6.093014451298888,0.5128002346414234,0.5288088488919785,0.428582867282961,329.5797708711308,7.200301362702289,216.22847544381978,2.4055863853663597,0.5188033386923969,2.611546592428531,2.1944038972030135,0.574716906640875,0.4167999596052483
2024-02-08 06:00:00,11.155095180499563,8.997491771679115,7.360804518918425,0.26497415344911135,0.4076703000991541,0.13573613083260716,324.0603038225048,7.235266265028969,177.77907737152017,4.739279860141665,0.3303999428816764,5.233672812684565,3.005101212590862,0.40560386662123105,0.3345559732932936
2024-02-08 07:00:00,7.654003896512797,9.611581653474127,5.933382817988048,0.4057838988951014,0.47960721760857916,0.49304745421435403,321.2102261459267,7.237971334864391,222.70570801341364,3.533780555109199,0.5334211569372681,3.0821970689522353,0.6224172344975658,0.5490439424408415,0.43460952376452266
2024-02-08 08:00:00,10.803069703617277,8.502016321899594,6.507108058941215,0.5580681128904683,0.2701923960034336,0.6888589768705744,320.2954925637196,7.2803682488555985,250.49055095408895,3.33959439618434,0.6176899914084948,4.639248449711042,2.2190326505936255,0.6061910118036712,0.48437626622406976
2024-02-08 09:00:00,6.5089237677089855,7.100344770531153,6.986819602752252,0.37327331639408257,0.28594853812344756,0.23528062116144996,320.6456101693274,7.52529909927958,196.93850959524357,3.774001111688008,0.2932771150485963,0.5,0.5,0.3904513077693672,0.28822919557071225
2024-02-08 10:00:00,11.528328686494536,7.172618802330652,6.167479822689314,0.14986070974483784,0.17378093444996473,0.3212787080061531,319.5916321060847,7.576314551940413,186.9756551541296,2.6598120201825037,0.3220887374759487,0.5,0.5,0.37201749463667627,0.2752802807737534
2024-02-08 11:00:00,12.92531235043111,6.063682262596538,5.455024851495418,0.3635888273781259,0.3616113558666522,0.10167362646562869,317.81834835443703,7.600287831344458,170.13845357215945,3.0946529657089203,0.3601252666885446,2.85723189538958,2.826347655341757,0.3843836883816941,0.32638785764855244
2024-02-08 12:00:00,7.619491526907175,8.88991408785813,5.046729944656298,0.23852991950313654,0.14280563938917673,0.3431053847990834,317.21464231364695,7.298521443670935,196.047729174149,3.426702185781574,0.31789536498121057,2.950146172460334,2.0071062136579325,0.3857009968078573,0.2550135313370863
2024-02-08 13:00:00,6.745177975175753,7.431905222554936,4.091040024450416,0.5577410225690934,0.9474209830494795,0.5458734815554597,317.68144793262746,7.375505771467519,236.19542079430695,3.257865811126118,0.656346842013919,6.171538066211956,2.8017027486137005,0.6689539782879746,0.5201516951271211
2024-02-08 14:00:00,4.960922775590296,6.112904980557567,5.336227546693889,0.5653656566310953,0.6850621788252033,0.33579904212566614,319.74259990747555,7.220430040451676,212.55055939742545,2.4476170363240226,0.5810144920329303,0.5,0.5,0.6182747964885532,0.48047498932608373
2024-02-08 15:00:00,8.258319161188403,6.045988903785662,7.978816749767141,0.4839620644439348,0.32608688029880356,0.5091473434233807,321.9740995544584,7.17037828407598,225.42300554105114,2.8128618552963127,0.5249704744185568,1.6515561863352781,1.702816319181696,0.5095588846618196,0.41260986878122635
2024-02-08 16:00:00,7.443310022248731,5.030809844425985,4.775379990131525,0.35202058228396615,0.30830449481854794,0.4332740345700682,325.940859620213,6.77021137299156,208.75420107184965,2.298621722778733,0.3761513852637051,1.0824117317095832,0.5,0.41223790269935895,0.37125255398276763
2024-02-08 17:00:00,5.613455127086002,10.08843158640637,5.041988318093692,0.29070208693707095,0.46980014817951454,0.3287725966152892,328.2748895965733,7.045006951144893,193.4139421793565,3.6685866059899457,0.3090734876280724,3.2859632936453314,2.291405248489731,0.3966422741515221,0.310968146604029
2024-02-08 18:00:00,9.78936303996495,7.558756380295178,9.81472778010006,0.642235617336925,0.31124934151877337,0.4679953240075377,332.39514826923954,7.422216545506533,211.6100189419286,3.591934021494327,0.5718792400464893,8.162953463858614,4.889252700035735,0.5615137481974007,0.4928100593012987
2024-02-08 19:00:00,7.609985768578597,5.613255769465803,5.781732457898129,0.0926762611358135,0.7333887944961265,0.384349040901496,338.67052134325866,7.360771528936789,203.09288186353464,1.9499143095197664,0.39550715595854985,5.768738790472362,0.8348980618536377,0.39175248752640146,0.38152089190755084
2024-02-08 20:00:00,6.430378563683123,9.657499984544263,7.17388711668819,0.2179430538768262,0.4241392042265903,0.4753058263986256,343.33048595881036,7.4022258656645015,204.78190019170006,2.2134589280929893,0.42816740894096356,2.3943253871679597,0.5,0.4721350040566744,0.38922937356025905
2024-02-08 21:00:00,7.529502849842993,6.302874963357695,7.907796143856108,0.3144180494742388,0.5856194677012011,0.33057357126569964,347.81520917034493,7.632924470296489,193.3097696012237,4.024627788187622,0.4338396385682843,9.610549086200177,7.79499852341964,0.5088829073381063,0.3770164014290671
2024-02-08 22:00:00,12.060452754660798,4.8764321805649296,8.008594049926339,0.40209628431555616,0.4077784340955084,0.5554166117270254,349.22246513710445,7.445250363637141,221.44368830785396,2.8350148860240276,0.4892453642808174,9.14967594771468,4.814642918891005,0.5235455338164612,0.4514527517558065
2024-02-08 23:00:00,10.775454186417528,10.775311682500591,4.82948607505263,0.28876910539323575,0.5611912067401831,0.663178594961586,351.680175779147,7.786504377574794,228.04199430981092,3.863883960299544,0.5238172342489743,8.112482466005842,4.724747975460187,0.5653100405221052,0.47679598271786927
2024-02-09 00:00:00,8.950055534407232,6.654780236431102,6.768045789703678,0.3602253939345012,0.5162226931154157,0.31669190325384133,355.21176345686695,7.57980684259823,185.78436044588923,4.122325702500564,0.4698341605932756,4.605087278105845,4.874068573473658,0.5282530223538902,0.46068133438371067
2024-02-09 01:00:00,11.253598665266813,7.048393384242717,4.793660267235718,0.11259842865450088,0.39846404669333885,0.1500499485678968,356.1063686710796,7.3786673226140405,150.94650418761674,3.7985807307569868,0.22492034339255057,6.878268407099154,1.1920113325013793,0.32449041523958094,0.27075945860392225
2024-02-09 02:00:00,6.95759079796812,8.264487911573418,12.387238005668523,0.3119171420683542,0.3159996311037139,0.281493385812742,357.51859500262634,7.529609249145727,175.72911226417636,2.528510645504511,0.3836667971225849,7.574750536446559,4.851871963269544,0.4472449967323359,0.34703841403254027
2024-02-09 03:00:00,9.861027100040378,11.910128552384794,4.8895832095000324,0.6571508844330145,0.30928131451393254,0.33522502920852365,359.07506776828046,7.007073608726007,190.9262600423563,2.809154202880638,0.5193458700688969,8.97098626605951,3.8096748503938676,0.5834052286481618,0.4482552089389066
2024-02-09 04:00:00,10.293817738983671,8.400255231412157,5.600370007621584,0.6206187750731321,0.23999950113759871,0.4524533336876498,360.6134756355055,7.242906269651132,191.32556134591303,4.878665849946348,0.5279466125560219,5.206142291061929,6.0171075435880494,0.5416992871124698,0.46052809903206443
2024-02-09 05:00:00,8.7140044451909,5.724894509944836,5.825541703950165,0.3908695818005691,0.7547777131355505,0.29583030806747346,362.62482101970215,7.147690217430252,181.44891761670047,2.023675952617218,0.5335143244316097,4.461377017753508,4.239803631412192,0.5925690036008073,0.48759702982170605
2024-02-09 06:00:00,11.241354116268347,10.029843024476959,5.065174747159315,0.16067052366150994,0.3761406376119001,0.680458149875984,364.1884451726244,7.655875303100244,207.7480452356221,3.2105522881580297,0.4210807218470489,9.45686741247956,0.5,0.44549315904141773,0.4248528388501633
2024-02-09 07:00:00,7.965899072372347,7.210256964727572,9.595172712726304,0.24242977017524187,0.20955856804516948,0.6592600797700849,364.5146129852133,6.8663933768646075,213.04883975180843,3.3622771260955715,0.39796426669216584,10.036769817585851,6.0145752634294265,0.43494544887645326,0.3702353031764086
2024-02-09 08:00:00,11.329561142443756,15.337893207146315,12.110356769074777,0.19632140952146812,0.17786383867487945,0.50273022151263,365.5975932874625,7.979904517424489,196.23182724846174,4.153200387213019,0.28589172203195246,9.29684648940476,7.10700563389958,0.39132771051350335,0.2738134161157704
2024-02-09 09:00:00,11.30801528653506,8.314195059439276,6.277544530877119,0.34196818673312784,0.5274746954178138,0.6373240342965536,368.2512343011419,7.071022840907588,216.23480188568362,4.013279343947094,0.45688291185806623,10.241012818860586,6.457209315530198,0.4914457240430524,0.39186045139013104
2024-02-09 10:00:00,4.206105035391571,4.024568870399717,5.312429030608942,0.22427354539353642,0.29339321160788423,0.6066522375393816,368.1387597163693,6.806814545440236,211.84811473786237,1.0,0.3815531508445829,5.752668295955664,3.6413221276598993,0.4370811234116119,0.3442285828172786
2024-02-09 11:00:00,13.012924000288278,9.108288669939828,4.33305838718602,0.13636902696217224,0.6704207647683159,0.32378040508640693,367.57666710244774,7.057169757405153,175.17118309039694,3.6219844925507534,0.40984124383724535,9.251216439421196,5.561391243039608,0.5150984281168252,0.37721576444624433
2024-02-09 12:00:00,3.883693821857128,14.925415624179825,6.651134023389963,0.337173772670573,0.20607955363661734,0.29254550333543294,363.26225777419717,7.403869686965589,166.61521726092948,3.611268588823862,0.356441717462799,7.463708517574386,5.481651808094519,0.4446840501161659,0.36695723234450633
2024-02-09 13:00:00,7.497992018896987,13.076439390080294,6.2689734907279115,0.5978754218658375,0.5645708384840865,0.4517577361975528,361.19845240324173,7.3197713547859165,202.13098670763102,3.9829541172274605,0.6102759280455482,8.71823846037556,5.930713704167457,0.6243507808981695,0.547706033125271
2024-02-09 14:00:00,11.614900533663942,13.998501426560056,5.828403188504674,0.14226779737309625,0.5073853421684497,0.25620564156087605,360.7012158693015,7.916355419659854,158.11350393735478,3.606872262316866,0.3171721447111476,5.177855718891765,6.212844429210901,0.38397660734507355,0.33978765799992056
2024-02-09 15:00:00,7.822587663747315,5.557133827294346,6.877883703051501,0.47425837744472776,0.7321044626057069,0.4023128028323489,359.8820916412815,7.36744012934864,199.97888661985647,1.915351703333769,0.5820727497915291,7.61116245188844,4.837318364235392,0.6120413828102359,0.5241289712694438
2024-02-09 16:00:00,5.584680929054316,10.22071459710216,7.092021006239563,0.34061936708657087,0.2530681771964433,0.3926654773310262,358.61358678676925,7.516091703424896,185.95787180578557,3.04186823525151,0.35183196604717804,5.31979526786181,8.476980921765763,0.44827206616083737,0.32404654646075465
2024-02-09 17:00:00,6.136393575960436,6.026170467001039,6.911341472737035,0.6066810312099759,0.3034159764080886,0.31731423786179813,357.04892296063235,7.252885511469321,179.3733300636803,1.432824961848555,0.528686615430621,6.5454976261867275,2.2708196863804657,0.5382388368627433,0.4150783260929264
2024-02-09 18:00:00,11.066769185179636,8.14593982515606,6.2784927384152045,0.1385393242941195,0.16339458373447407,0.1640625776059455,354.2446656017275,7.241691442313536,143.4476419264592,4.531145078177706,0.22652519157041962,7.053678171329105,4.705154681726114,0.2977053233776118,0.22834296939737753
2024-02-09 19:00:00,4.857937321975434,5.058814644817141,5.271070553865406,0.30849317099091034,0.4459117185621962,0.3454002573475274,352.42861351476444,6.713170152351304,179.25261940941195,2.1612749139951903,0.39175246924334217,6.601185421167208,7.111226553210493,0.46880688597419223,0.32578214968396046
2024-02-09 20:00:00,11.50770052459812,6.227270211448532,7.755308815172305,0.5520828279329547,0.1685310692298544,0.2914831118946237,349.4210511381902,7.170736645954664,174.84348848812198,2.8911793021898795,0.448062114293679,4.683737893180683,3.7052434718439438,0.4523124760740839,0.3639800930849046
2024-02-09 21:00:00,8.37307620863156,6.227151714843663,6.6561845614544985,0.4438208927949067,0.3038833388539664,0.3177887087318055,346.387514319353,6.9639019504107225,182.27631150983606,2.050737769049699,0.37547769327464536,5.043539555502558,5.224010065348479,0.4205271233636534,0.33682946186671087
2024-02-09 22:00:00,6.198186244840949,10.440860244235637,8.125308185017504,0.37934816227671997,0.5220355414008621,0.48703949113062783,342.4045348435246,7.6211715992502524,209.81063282015438,2.54120011502635,0.49771940424526306,6.184240689956155,3.35465223980525,0.5297188058742275,0.44019441817317334
2024-02-09 23:00:00,7.502451461100108,10.268439500261064,8.048412687041312,0.2563073976662456,0.2879328894926321,0.351199591815055,339.9381662474046,7.237702748468609,199.9371755606131,1.9906273390471974,0.33394727205001346,5.796952547597417,1.8296842332487806,0.39628644600433177,0.3224078870572253
2024-02-10 00:00:00,6.788313995814995,8.818380622074102,5.001410334540004,0.6487298109507409,0.17400273976965006,0.49577851094531,338.87859734105376,7.208544001549714,231.55906372492697,3.2237710270401543,0.5690912897536566,7.029316811872874,4.638573125714577,0.5448630394033457,0.45123180964828574
2024-02-10 01:00:00,11.748299510530378,5.3187933871944395,5.008956979330992,0.40580068524759383,0.32739677291439395,0.1815133665905067,337.391024824559,7.359591279071345,182.36991829303724,3.4510169677140987,0.3741049589402135,2.6262690493601717,3.584918151412289,0.4406698320077756,0.3491891827316054
2024-02-10 02:00:00,11.537393759639079,7.519626003964215,5.764547469267332,0.504262304989652,0.5660104665110639,0.5213286786684721,336.83954777971366,7.630234628365743,226.09190982008317,4.679875855907994,0.6000570752721854,2.969942113764792,0.5153358532143386,0.6241263387377167,0.4901040221791325
2024-02-10 03:00:00,5.903197984121707,6.620795530818237,5.437813815680234,0.5687196204486513,0.28498823251053595,0.29187979379101275,335.7939776881759,7.76605769835723,195.92795627749038,3.4695764736768364,0.4641431773070115,2.3933057505843913,2.7719351786595774,0.4873120156597124,0.3968808188556317
2024-02-10 04:00:00,8.638507736994844,11.202863897556904,8.564643621163905,0.4133684064073294,0.3849399099081502,0.22316180836869634,337.1127280689238,8.01093013544472,187.62261516214826,5.17156125776059,0.3401235519149106,4.565303233278029,2.1612118404365406,0.4494300453342728,0.3009483288633635
2024-02-10 05:00:00,7.654171601652303,12.434110410060894,7.65095241614707,0.5341976904991699,0.3094704616141847,0.28060357250212514,337.37712131539155,8.000789336892307,191.3469081813005,4.516380928376078,0.4564510645495174,8.555350755951938,5.686149876200646,0.5036435116371866,0.4151935648591088
2024-02-10 06:00:00,14.037630175192533,11.981377475455771,9.286855357700514,0.30252384482606154,0.6678202335887352,0.24628247594263689,338.8682105926037,8.48777322367395,183.57790150262312,6.276516038017017,0.4410485627883404,10.091649646899597,8.493583045677745,0.47312859611793034,0.3954109023046007
2024-02-10 07:00:00,6.678644441247438,6.697632919540828,7.5795660610374025,0.5228902576915541,0.4773344190166806,0.29776039952944605,338.7137534643624,8.11196217028998,188.02014743941,4.469720617669667,0.5097313944973924,3.802573560186135,6.896987961862651,0.5780849585958805,0.4479076370442478
2024-02-10 08:00:00,15.156353163378977,3.5297343370186915,7.417754308577737,0.06997902971432537,0.7401021497923189,0.7145442624113212,339.83670228740255,7.821966316678838,219.65784001061175,4.843443437088284,0.4770553761589577,9.575528381740646,4.572235368831317,0.48623787912820415,0.4188229171677223
2024-02-10 09:00:00,9.464394647728405,4.77572120721364,8.97748458707062,0.5878624343229101,0.574660625005438,0.19726956012999697,342.834803813325,7.959117575066575,178.97442449300482,4.0369332908275135,0.5217198306713543,8.85004179958647,3.2786089098233635,0.5663874611999786,0.4423819182456385
2024-02-10 10:00:00,6.788106054023992,13.094098795138489,7.604258436565482,0.12373212184562365,0.2512767885337279,0.4168906352534652,346.20778942522253,7.806854295425178,185.07525029618765,3.7847640402884855,0.26946572054687623,3.820318263596085,4.817267596708164,0.33726599192498286,0.29559968727868774
2024-02-10 11:00:00,7.6257347602108085,7.206473677333911,6.801008151265236,0.2987872702505122,0.29536975887809097,0.5624772623286828,351.3844418213403,7.639244099712327,203.98935520904712,2.8048627560386103,0.3800650697677093,4.397927868214671,2.363839976201816,0.44976460690414577,0.31838139875232063
2024-02-10 12:00:00,7.210744056924723,6.347265301684945,9.23395431495466,0.7039141507493198,0.8371681277535338,0.5154960406657777,356.5571931630555,7.744006461868055,223.19871196918336,4.556903269953452,0.6805317202630045,4.868907154221638,9.654023341250518,0.6970958493555405,0.5957367081896341
2024-02-10 13:00:00,6.181796322437006,13.443507018950166,7.098746118886982,0.187918756174633,0.42387537603423575,0.15138855791996494,361.3340229783938,7.584203283853428,166.63490653769833,4.615255838094106,0.2861900594581154,7.805013172206802,7.861055637053093,0.3667761479705453,0.268198801240362
2024-02-10 14:00:00,8.8877944141289,11.740453835421002,6.186614393818672,0.5812854608710746,0.49330729216563685,0.36842140540930485,368.01930565738184,7.39131160415951,199.45434375081177,4.9409016780021116,0.5336291275446937,8.644667104852358,6.871515931602729,0.5783678868922874,0.46875592971956337
2024-02-10 15:00:00,6.029316041972219,7.792342913662773,5.550455271781219,0.2532913399073848,0.6602826861265869,0.15784262033997407,369.9671557207458,7.509444526793394,168.3710162451284,2.775983349909222,0.42068212593917687,6.854517583358093,7.072379676190225,0.4753463982579169,0.419458645287196
2024-02-10 16:00:00,4.555778264026433,6.967628507781839,7.674890362650229,0.1815216382346345,0.7201296469103742,0.8451141363508977,370.0035552417099,7.3601442151546514,221.6665223109822,4.219145689094715,0.4808648344008616,4.145044893255723,5.104836614660828,0.5485069273402222,0.4794723832314522
2024-02-10 17:00:00,7.480695621510546,7.287820900165732,8.565462001555172,0.32206933628887596,0.3397743872495358,0.5451591135141834,366.5352102545265,7.654862092823824,215.62854283193818,3.4951174832993694,0.4409993469362858,4.925928896475657,3.4421488240840383,0.46693559761728637,0.3751866556857743
2024-02-10 18:00:00,5.010889814272852,8.153433360969462,6.49739207698495,0.3458648396796052,0.3929967463919672,0.30709231335559994,365.2378137830943,7.344277263992138,198.6640571155664,2.4859950622622202,0.46161321323020443,7.063510204783812,0.841631698108265,0.5077237138113477,0.40605026662973104
2024-02-10 19:00:00,6.752268606936401,12.669089278872626,8.597032176254553,0.3264241289949746,0.5618664109128997,0.36935824251707594,361.2264587919608,7.27830842015279,208.03550059495205,3.765646156272503,0.4421313756606267,8.752669846262327,5.408013850027844,0.501604985715533,0.4302659352133092
2024-02-10 20:00:00,6.527412176989885,8.73831441885287,4.405943105631822,0.7077998806922174,0.17626441032233306,0.13236766145548254,354.786818920201,7.751646037258323,179.4091377290207,4.6824029377122685,0.467163787262879,4.162835248364261,5.16434718240722,0.5069154392389325,0.3800644306510959
2024-02-10 21:00:00,6.698711443377572,9.71562123314514,6.696183953583353,0.08695031215257912,0.4105438184250673,0.709083228021658,347.15676033287696,7.383331469106002,225.5351047465727,2.8424054049490577,0.3900430096030364,3.8442017497807,4.6527446352119775,0.4507973377951111,0.3672210767778532
2024-02-10 22:00:00,15.263449082152018,11.327250207219583,6.751406304544765,0.27989601692050287,0.43002867787624194,0.3200202195006298,338.3772703588811,7.621946128399314,186.20738950790866,4.794947816513925,0.393031312637792,8.72725415358121,4.362698212792813,0.41643383456189037,0.35290118679683724
2024-02-10 23:00:00,9.051443247377648,5.431532260670719,5.77238590656219,0.1501496742464811,0.5575723012377042,0.3606593345860064,332.3195645879695,7.882162316869356,190.29839503407098,5.917724838956854,0.34950706497551154,3.542413812297717,4.423347077224578,0.4235533099772289,0.353004298592509
2024-02-11 00:00:00,9.765226093486385,10.199615448739847,11.3551083402448,0.5006921552028064,0.4227152282790161,0.16793052199032074,326.1642639604272,7.933136446720195,186.08359804242832,5.378543156806252,0.41769602042595533,4.358285135006657,3.82427851970643,0.44521986961681387,0.33294611840035176
2024-02-11 01:00:00,5.670435358110232,7.3932398524110745,7.013946782829484,0.1895933206086004,0.5683780329874285,0.6932166821899253,318.4075490176698,8.021238575839236,240.56886885307094,2.614271788270709,0.4856732806874597,0.5,0.5,0.4852099122926289,0.43991364097826124
2024-02-11 02:00:00,7.926662991089735,3.6784029936408085,6.351832401630452,0.3765648544551465,0.495359226308855,0.5765152593708093,312.98891443967347,8.07503764460207,239.08390082781193,2.269747467051992,0.4492277978251308,2.423013112596491,0.9866190214834653,0.4500025821591102,0.38264312798316163
2024-02-11 03:00:00,10.291065298300163,4.2093504977458,6.926767347823886,0.4868611376047666,0.695487497388363,0.5206075413223934,309.69245385466667,8.053659420170057,237.50580949906964,2.4260167485308415,0.6235531403003601,0.5,0.5,0.6014470236122741,0.5027249126343754
2024-02-11 04:00:00,7.372799216562704,6.052026291062576,4.544945173280358,0.23314100685093464,0.24321847246283404,0.3773998200947779,303.75880883597245,7.914909854644419,197.8792683988848,3.319164657717542,0.30997125727667924,1.1541694509300808,0.6354006375236692,0.35187998403386544,0.28918700915476936
2024-02-11 05:00:00,12.780860498894059,9.98109432005852,6.167114797831923,0.5123068862779562,0.32845988612543126,0.38125974496696147,300.0,7.543564273018707,204.14167282376383,5.456479772324067,0.4828898572009595,5.658581982566629,2.752571744000096,0.529039365974252,0.41173014632067795
2024-02-11 06:00:00,7.105832545300346,8.74026203941004,8.977487693746205,0.18667243022618774,0.4661690409774765,0.5104117766956876,300.0,7.508471710098106,213.51254824456169,5.033235919850032,0.3743013413372927,4.578009626869326,2.4003671507319435,0.4173999316906307,0.3463150607186983
2024-02-11 07:00:00,9.173355512242598,8.91325014305934,6.341902539688479,0.11222280423078124,0.6465681524173582,0.5789129330734538,300.0,7.430618660110012,214.37016937081,2.5982653479742632,0.4693943155420536,0.7426213330683993,0.5,0.4727717338304853,0.4342558305016794
2024-02-11 08:00:00,8.382940800557085,15.582555812894483,6.065991813677759,0.12958976268613837,0.11250624212360669,0.26001665679107344,300.0,7.653826484679124,169.83166760377392,3.671132647716547,0.21539526283559146,1.2024975461238456,0.5,0.2661248943158239,0.24697210296990763
2024-02-11 09:00:00,10.232168048650932,5.504973459013664,9.32696644548745,0.18018667839857092,0.47388607504996194,0.5323977347284894,300.0,8.236708744025984,218.65994590681433,3.959225020507475,0.384980981011658,2.087652015206363,1.4895355460807338,0.43154643148171,0.33624857121853013
2024-02-11 10:00:00,8.049028431232161,8.085008067229719,9.727458113900692,0.37164387708583746,0.4005995733514902,0.4742502691011429,300.0,8.167601608150099,219.20764303641926,6.199200135399005,0.44404054493596923,1.990689217133787,0.5,0.5046918736802745,0.41376343123014
2024-02-11 11:00:00,8.771329033896837,8.855748341335959,7.817292841023041,0.5299588579083521,0.4165772059398668,0.6023555021242041,304.7889376692011,8.167869489921504,236.28701848491707,4.815248266908728,0.5650774656001553,3.075975707359627,0.5,0.5797681220423213,0.4702530416652397
2024-02-11 12:00:00,8.688068162487289,6.243863043689933,6.328596209489564,0.21644534418507871,0.27828648541569256,0.7621627475478323,306.28329429513053,8.303082137797368,228.12764207653737,3.964341797659489,0.49027452729689464,2.1831811345646797,0.5,0.4611735217874122,0.41804472047843744
2024-02-11 13:00:00,7.409921686673756,7.842290818339098,6.3242844693604505,0.5255214044166322,0.4826247378271658,0.1502912884751305,307.7647923186586,8.437227374489206,186.3265844303128,2.6297297561803092,0.4314665642777844,0.5,0.5,0.4589283404134656,0.37732438334006346
2024-02-11 14:00:00,10.234790446721119,4.5837170670982506,5.875609554595667,0.09778419033090319,0.32776888489893835,0.26275598000263767,309.11719372675935,8.151968686524473,170.89395416727257,2.048579212355208,0.2805052831578489,2.4996570814950156,0.5,0.33873193289294173,0.2537534069790275
2024-02-11 15:00:00,9.40139455858903,11.840424494116895,5.360061342507402,0.49852146937619884,0.3297805606750555,0.3871026874982058,311.17051709293287,8.107812585280628,201.02689850967164,4.491843827550053,0.49491198522720775,1.046995857277435,0.5,0.49687740719886814,0.38296761119298967
