timestamp,inlet_flow_A,inlet_flow_B,inlet_flow_C,inlet_conc_A,inlet_conc_B,inlet_conc_C,reactor_temperature,reactor_pressure,agitator_speed,reactant_feed_flow,reactant_feed_concentration,outlet_flow_1,outlet_flow_2,outlet_conc_1,outlet_conc_2
2024-01-08 13:00:00,12.654167605844949,6.676408334228042,10.674624997929667,0.0868372109133688,0.2892948545844441,0.6882312163030405,344.20271320337275,7.3628628525754545,215.06999736334456,4.093219323711823,0.3418526014016644,8.43036543873335,3.2075003546984604,0.3981508983220505,0.3446784828384394
2024-01-12 10:00:00,7.192078522497139,6.357983050879819,5.877893691559037,0.2645394095337963,0.2522830261673653,0.1944205279457819,326.43098968317685,7.514305706270065,165.65114279872304,2.6616613686383848,0.3376985243938966,2.928756321052181,0.5,0.3924246448687596,0.3104889510483579
2024-02-07 07:00:00,15.802256633131943,6.18205784445186,5.902070525236818,0.3013876022726365,0.423736528010565,0.4846414813948927,344.9085923897945,7.540890806267779,200.9847311020067,3.2665301900119585,0.3914058999123036,9.886082400215964,1.8768856002886396,0.4642310377576444,0.3875047831606075
2024-01-03 21:00:00,12.130137331466823,6.272372151067911,7.130636697267065,0.1981460562358269,0.3415670907294666,0.1524008959493656,352.4207755163061,7.682808430834116,155.20948725286854,4.737389630840659,0.2959297970608828,8.68885914083113,5.205655974651612,0.3701861516942139,0.3090753099496419
2024-01-13 03:00:00,15.54844765682453,11.894075908620252,5.631507964174732,0.1855151553074886,0.6306179577759565,0.3000953193420266,329.9965831717375,7.897939435774257,187.7102223912964,5.640627164773308,0.3484529794821494,7.938523888179335,3.8237049634632223,0.4179386725937259,0.3436553187300877
2024-01-06 11:00:00,12.107090037904328,4.594110832610533,11.009869309391698,0.1640080968134374,0.4505240897091474,0.6124791226113894,344.5243201535784,8.680050752690942,216.2959254281081,3.9696439861334767,0.3743217475845275,6.192067037951131,5.326187820158624,0.4373799262970624,0.3482888931081545
2024-01-13 12:00:00,10.863496771219824,7.535973005680521,6.878170553688642,0.4968240745043488,0.2862139245338406,0.3828546585426036,329.26106368356767,7.78923854839555,226.14433047714664,4.786743911878792,0.4633264856382386,3.134993504400305,2.9470833625643,0.4920173463159968,0.3968297252624144
2024-01-18 16:00:00,13.247808791610815,9.288888360348738,4.648684200622428,0.2218457853606931,0.8518493249924506,0.3047481176486853,333.92307855534204,7.999464027444657,200.1833256353853,4.213238197456885,0.4824213175896089,7.546203546142028,0.5,0.4990689556539924,0.4827559952813196
2024-01-14 14:00:00,4.922374581381543,6.672405556114307,7.834357588753125,0.5958205695381626,0.2444412731757349,0.4820324860236314,337.5644211556525,7.716859319902293,232.6024583410236,2.8462766036584743,0.5517476642922368,6.107870348423296,4.096123761281244,0.5889606739342114,0.4775782915798421
2024-01-07 00:00:00,8.449058436811546,9.3897999073613,8.953816261788518,0.2829494563767913,0.4138296499149804,0.4256729757265815,307.2071380029422,7.867130464646983,212.42736905360047,3.918597721387505,0.4292562610724909,1.9969054172070293,0.5,0.4955753756286611,0.3936640220395537
2024-01-18 15:00:00,7.371944404620467,3.990205812815636,5.2297414048042095,0.2959253020419181,0.6100473025872155,0.6484088411285791,330.27031189241575,7.065096665927404,233.1152027247977,2.3787446701144934,0.5028688813481212,3.886559835075798,0.8222790642651027,0.5741203358920814,0.4792347123846798
2024-01-25 04:00:00,8.213416161182197,15.425008661595186,9.237427567190794,0.23155286937781,0.3586930669329331,0.5383039065428284,318.9469357312522,8.599861033804796,227.66190703770573,4.53788196705278,0.3962324112842207,5.091161414895568,0.5,0.4354091100570504,0.3704691641147647
2024-01-06 15:00:00,10.05416629991362,6.152729125774711,7.648767218494461,0.2807724156701805,0.6177333917816188,0.2183234262947511,336.570250040444,7.493081225930102,176.1225371821594,4.3870997868287365,0.4033034435729376,3.93714787729752,3.4272853376210306,0.4611423157230324,0.340071688231175
2024-01-19 18:00:00,10.96984912953325,6.193371151968034,7.850264678121505,0.2577200452846666,0.9142416670079312,0.2574811470077712,342.8590365298272,7.37304170314933,198.5024511498346,4.344393464825487,0.4559947017822474,7.55241884953281,2.678185522801701,0.5178256908764527,0.4075754356795195
2024-01-07 20:00:00,8.137649573411737,15.65857992919459,5.847756668579563,0.6624780530815176,0.481042323954296,0.1122328041557064,364.9221992752972,7.506102678564742,184.86356045595795,4.453644545642685,0.4897216061436818,10.168823676752226,5.38433218849013,0.5174061609206804,0.3876341667879935
2024-01-02 04:00:00,11.651632005934497,8.95861570544595,6.167372739222199,0.2614062191858772,0.5919606524177939,0.4475703546846459,356.1315471333066,7.249888678632113,201.5180297823515,6.267933578116319,0.4600933658905783,8.586785996677403,8.33586628184705,0.48328934135607,0.4309730960468057
2024-02-02 05:00:00,8.914403768527261,6.395544024699245,5.1660560174856975,0.3113504475920902,0.3970912414083473,0.373740813094313,300.0,7.276312267768115,217.08472445344316,4.531464285066301,0.3847548364951009,0.5,1.138320716093527,0.4279851943345727,0.3217260713478659
2024-01-09 01:00:00,7.2193957936275055,6.4644156091703255,7.3319117279562835,0.1932993493577068,0.4025645647061845,0.2377858926712768,345.1749914218553,7.66275962386867,156.29948832668617,3.1269389119122426,0.3117786280941804,2.9876451150366687,3.607048398680444,0.3586427777099232,0.2922657641912753
2024-01-17 04:00:00,12.062777023344788,3.915557647741733,4.025667135107983,0.1502822505693831,0.8356475101726601,0.5724551753552961,310.0434574289126,7.945331100531904,222.3329504040789,4.194467701368797,0.512433220094121,3.89397706628386,2.2921121723927422,0.5315864523119282,0.462956972166844
2024-02-05 12:00:00,9.010857585988704,9.997230054139116,6.808521534882761,0.260344495413941,0.588965459730024,0.524707348025574,331.0942992085959,8.481654236807277,220.21697825838672,3.10646524428446,0.4413343564551932,6.61024657601752,1.6191136114351887,0.4939779867814399,0.3761322164034782
2024-01-08 01:00:00,9.8710016727301,8.530046291814172,9.64742417829198,0.1920838294567359,0.3240382179884077,0.3634739302012479,371.43514758781697,7.1816070511422,175.98680025662935,3.312144089525493,0.3054044011786812,4.935258439556748,5.713135202345287,0.389891090678786,0.3342741208530644
2024-01-30 09:00:00,10.87601116981802,6.726523701552804,8.444514557649542,0.2745360165939516,0.3199506012583255,0.1213144202402176,333.8672383683225,7.969770400480074,182.2252303772692,3.6294723817202215,0.3134332598143637,5.438911011522644,3.073653605835512,0.3784697100502193,0.2808066506646973
2024-01-06 20:00:00,6.74007820898804,5.459710957749083,6.791404336407917,0.3227341991449942,0.5238721652581395,0.3351218524484025,314.27784173344804,7.449645904943441,173.62197367821705,2.890871794870388,0.3743385875901853,2.222796747002078,0.5,0.4209725641753039,0.3572488885971903
2024-01-08 05:00:00,16.681298159009348,7.916075058474823,7.224348007430768,0.2449700086959883,0.4275308481047609,0.762489704817355,369.94584083261975,7.566961812202315,208.68147566007005,3.9386725875719777,0.5296191784610136,10.08547339602964,4.200142932579377,0.5311935628748891,0.4654246803745954
2024-01-01 06:00:00,12.303923672445425,14.051711126793933,6.571088657305735,0.1968122052740909,0.4783609089379578,0.3909036587310225,333.3559185353617,8.033920131747657,209.1173160509362,4.276929035993392,0.3417676678085246,3.5020717743294254,1.0186277414320757,0.3770486295673649,0.3351589964724146
2024-02-01 01:00:00,11.815013875495922,7.580713298791302,6.952610384284093,0.608575388510048,0.4583992326069645,0.6041415680755085,314.1291328642953,7.502556649628578,225.19881745715904,4.979381252974468,0.6372353025037112,0.9559333729971522,2.615877476405694,0.624959011975751,0.5359307051262434
2024-01-20 22:00:00,9.453666578684787,17.925160243733064,6.295668313342147,0.1844029989797709,0.6251674469212978,0.4639693792755299,313.2218512860247,8.229552671033332,192.78666039299796,4.0687832450527175,0.4206250512455834,3.917654102504089,2.4822910372740967,0.4761415590679991,0.3894781710628449
2024-01-04 01:00:00,7.557587116833109,10.430957467358796,9.329172303004334,0.0232151937744105,0.4227254295374466,0.3087510480712485,344.2432462707178,7.095763038915981,164.2347670189563,3.946895880263269,0.229258176948225,8.971416812962023,2.8227048969999986,0.3129135928201024,0.2379514610007555
2024-02-07 22:00:00,15.50840963627228,6.213999257783102,7.622105595050793,0.1104616961660229,0.5843828078971265,0.7267669569608662,362.422449463534,7.853725232752493,221.4445964965176,3.90220598205056,0.437234545555389,5.205174698407221,1.823822087155805,0.48325433279342,0.4411024297637833
2024-02-03 21:00:00,10.723420820220117,12.46404233780608,7.26020769580067,0.456302385848728,0.2750174988021199,0.4347914715132405,347.4954133459725,7.940284633954978,221.99557259240623,5.20168086716217,0.4529301543430621,8.44526100432689,3.730944220432872,0.4921450399893768,0.3897392821620354
2024-01-10 22:00:00,7.737718470594931,6.716152420465982,6.29782997143008,0.4792783842152646,0.2849049632568622,0.2554147891796162,371.878882198086,7.735523581781083,204.35915198147885,2.552682559868856,0.4075002115303872,6.685206042582928,5.399042791979227,0.4775238094698621,0.3779840799360341
2024-01-07 01:00:00,6.753276165213601,10.874539431809632,9.766637794688195,0.4583661530770594,0.4908850806647686,0.2876747507519666,308.97081621373064,8.146827576870637,205.74437965538877,3.935170210640401,0.4428953862419093,2.5543660403498,0.5,0.4694587693796314,0.3793775570139068
2024-02-03 00:00:00,9.204962814297884,10.668421292189704,4.555038133131254,0.4622688055106005,0.6016907375750663,0.334705665917616,319.1156723048061,7.888099833465245,209.5423651550289,4.518427817770444,0.4995306519850995,6.664517874769542,2.9368009708299336,0.524214425565143,0.404106442643085
2024-01-10 18:00:00,7.8759033621094545,6.716988147709731,9.116567550767948,0.2151186066657585,0.4321299049658124,0.6557300851910124,363.5084034099974,7.684335001020371,237.0754709369672,2.5789289541187115,0.4447610934115548,6.2758048252019485,3.47580733129901,0.489697895478174,0.4170106167750095
2024-01-10 04:00:00,11.727031181559452,6.785058857714254,6.293775145953658,0.2723551159314507,0.2312479528525242,0.4916549942715307,311.67231121830656,8.047254224815555,214.14574450058947,3.559301024496237,0.4045404013053657,2.177654980981381,0.5,0.4025877205191817,0.3495767134915354
2024-02-08 11:00:00,12.92531235043111,6.063682262596538,5.455024851495418,0.3635888273781259,0.3616113558666522,0.1016736264656286,317.81834835443703,7.600287831344458,170.13845357215945,3.0946529657089203,0.3601252666885446,2.85723189538958,2.826347655341757,0.3843836883816941,0.3263878576485524
2024-01-21 20:00:00,5.985199096729285,11.314781327432495,4.513567998937221,0.0766534116548773,0.3635645916988346,0.6174003646241358,346.88432596170514,7.498161244849922,220.77735348324825,3.808376589869036,0.3971253933536224,8.507309345011095,5.199935207077409,0.3807265334466895,0.3508200886425893
2024-01-06 12:00:00,12.778629667108012,13.225855328302648,7.808855082312074,0.2516241641423036,0.5111528561467924,0.3762309059110962,343.6465588382002,8.16558199554656,192.6504055037502,3.895148389779513,0.3777811048825829,8.272187436577992,2.500116753980627,0.4592456307699064,0.3568822360394916
2024-02-11 06:00:00,7.105832545300346,8.74026203941004,8.977487693746205,0.1866724302261877,0.4661690409774765,0.5104117766956876,300.0,7.508471710098106,213.51254824456169,5.033235919850032,0.3743013413372927,4.578009626869326,2.4003671507319435,0.4173999316906307,0.3463150607186983
2024-02-02 06:00:00,15.04944633749245,10.368247625061132,5.895746634865597,0.3690541836673143,0.5709780158137152,0.0843424979920218,300.0,7.311625640868576,188.42442376037,6.26522951310513,0.4038043526689999,6.074219142048017,3.043005486272529,0.4784246247540411,0.3732361940578856
2024-01-08 17:00:00,9.753130390893547,5.440122861029656,7.619269210474989,0.2062860154780703,0.4527410913355255,0.1584174049275456,327.1198340652889,7.249905300497715,158.15032525754174,3.0723203544953006,0.2287105658974088,4.30474300806589,0.5,0.3319455818850703,0.2881703763109424
2024-01-02 17:00:00,11.405100097611896,10.25074560789473,6.696474116063083,0.2123180444034871,0.1379499117238786,0.2032985088824184,358.00211696308963,7.867896170900181,168.74954269864546,4.575717734051831,0.2354507481144861,6.165514330871151,5.593444015181003,0.349376346187939,0.2593024047305802
2024-01-30 00:00:00,16.31145140417528,4.763612708989214,7.821393138063248,0.1223888570216996,0.360695077057563,0.2119081620759817,312.9062342670141,8.180407497765408,171.58380405257918,2.0307470910041903,0.2952785272917807,0.5,1.1521268533861455,0.3484366123052401,0.2739707033690189
2024-01-05 12:00:00,9.714541900732664,5.308092809424433,5.546528391431376,0.428560464419141,0.4857687999923654,0.4424026661338376,372.1249659032966,8.43016181454643,217.44852077176404,2.7650472609560106,0.5467959966712709,6.380487636439341,4.7476863303086,0.5474448560847551,0.4685730762557204
2024-01-25 12:00:00,7.957032188765045,6.878412060174912,6.525541475713482,0.0543731989249524,0.2342044185036784,0.2547419789851578,303.27657739106115,7.587992172852536,183.1074815833356,3.494571808549177,0.1914708204843497,0.5,0.5,0.2802482367115316,0.243928390996464
2024-01-03 08:00:00,12.543496422849408,7.727895746735368,6.288383974299775,0.536760986466365,0.2498499156951061,0.4571183554531479,367.0897675608856,7.725235159611512,215.93259621775823,3.4633377289724736,0.4626812572713801,6.57928999159571,4.901479799547064,0.4905425688409572,0.3943309711132918
2024-01-17 21:00:00,10.30814439061567,7.010741704912982,5.130029513234033,0.6411588911851037,0.480357586054614,0.3426613075516305,334.918795338892,7.687327430870992,194.43727616565323,2.7889426065075784,0.6120732120648094,5.402637403901424,0.5,0.6140909244601278,0.4587666088944046
2024-01-19 10:00:00,10.990571439918632,6.932360614635448,7.050582475309381,0.4556779623586843,0.3636966408273137,0.2227031228262653,329.29584379877264,7.650816611918686,190.87860489645507,2.4965995650137125,0.4368779454986981,2.9928074834496194,0.5,0.4654281405104881,0.3638284050057833
2024-02-01 13:00:00,12.715548444494816,6.350578962147269,6.971171674854222,0.234222358251674,0.5591456031797677,0.6047940945259009,316.0304306061731,7.688823997905867,233.47564905468005,4.693139325660314,0.4664940907337152,3.482908240367077,0.5,0.4746924804004113,0.4219942313590382
2024-02-11 13:00:00,7.409921686673756,7.842290818339098,6.3242844693604505,0.5255214044166322,0.4826247378271658,0.1502912884751305,307.7647923186586,8.437227374489206,186.3265844303128,2.629729756180309,0.4314665642777844,0.5,0.5,0.4589283404134656,0.3773243833400634
2024-01-02 00:00:00,14.917629597785236,8.95964616441125,10.46229087414298,0.5186954927500591,0.449536060422544,0.3901206536126827,356.51996162832626,7.3299458693963055,209.74561931865537,5.228646166302248,0.5237506100191538,9.690980682632226,8.984075537931947,0.5973149162519992,0.4328427845035338
2024-01-20 11:00:00,9.850390140786434,7.58174382542632,5.34064771804424,0.4079843049090125,0.2881217453797997,0.7432472736921194,359.01047074978175,7.336382512612494,233.0140421861709,2.296680532933366,0.4874013998252984,8.756698948173309,2.2937834382454945,0.490325776356228,0.4713238311028065
2024-01-23 11:00:00,5.622134930074086,12.348876429880075,7.161241341629011,0.2787041839271922,0.4142902301159422,0.7839359308616576,373.1807032393184,8.71601071639434,231.6002106178531,5.454790841199507,0.4832600960315262,11.96149498765358,4.641202568617942,0.5349575365546322,0.4559421792958571
2024-01-23 03:00:00,12.726259941740292,6.574100041896496,7.125110607563906,0.6689094691540669,0.3875477579571059,0.7339441761665054,344.9725319436143,6.966868722861474,235.63295545754724,4.479593012757757,0.6524783803379214,6.021143572933161,2.7724949134577197,0.6649557268685717,0.5577881797883869
2024-01-26 18:00:00,5.27277851907863,10.422210606321912,10.023241532179693,0.3319820019387653,0.4180579023251067,0.1936734159579243,310.3795002060726,7.878213687730113,170.38893579464929,2.1712369519680834,0.3938687124541731,2.7891880630015184,0.5,0.4773628677921306,0.3139859613703801
2024-01-29 22:00:00,6.94907824004785,5.840513048786558,7.8835165613425024,0.1667190086280432,0.2878939565331579,0.0591070728457145,308.2000718470569,7.526893387486855,144.30270416284074,2.9125131327681286,0.235123370228217,1.3234535215071577,0.5,0.3253698322568968,0.216425147433146
2024-02-08 14:00:00,4.960922775590296,6.112904980557567,5.336227546693889,0.5653656566310953,0.6850621788252033,0.3357990421256661,319.74259990747555,7.220430040451676,212.55055939742545,2.4476170363240226,0.5810144920329303,0.5,0.5,0.6182747964885532,0.4804749893260837
2024-01-15 02:00:00,4.944167923338334,6.812924382652728,7.84803036352297,0.4911756056981834,0.3769913489550683,0.177934022400713,358.2170235429423,7.357743490817559,172.49784413063978,1.6962630933659235,0.4129244369346121,2.7905628410150647,5.626876532606371,0.5015446255107289,0.3769481835361699
2024-01-03 03:00:00,9.529688551885002,9.401340999540068,7.833063411809943,0.4655042488118731,0.7065037521517736,0.0906303706976142,369.0581622817487,7.3254361298735375,172.08158836789542,3.771153827915243,0.5006792490464829,8.000098589207072,8.626426695344755,0.5729435441223685,0.4376541616796739
2024-01-22 03:00:00,9.553408597470176,6.030367289924202,5.546642234034747,0.1998118805207983,0.4862043416088662,0.6724971181819874,350.5930578016356,7.358306356513064,233.04801348995383,3.541384083278857,0.5030331156148242,7.4995221011194815,4.278394197329515,0.4915441365814499,0.4554592107607443
2024-01-22 12:00:00,10.63176701749686,7.546081047157035,9.392505159374672,0.2743585241341542,0.2841314888722642,0.5726133728053642,327.3852489947745,7.062113479166412,216.6618058612641,5.804204660762353,0.4888516792500134,4.930042384417908,0.5,0.5008492796961393,0.4174380795401887
2024-02-08 08:00:00,10.803069703617275,8.502016321899594,6.507108058941215,0.5580681128904683,0.2701923960034336,0.6888589768705744,320.2954925637196,7.2803682488555985,250.49055095408892,3.33959439618434,0.6176899914084948,4.639248449711042,2.219032650593625,0.6061910118036712,0.4843762662240697
2024-02-02 13:00:00,7.763549997678784,7.4868591006544065,5.9286354810471,0.3826420428313354,0.3419089088619961,0.4533364834926091,316.46354090398137,7.651333348443533,211.28441793154383,4.310990100646972,0.4315102665079309,2.6450829095880137,1.0310117250147657,0.4734559964240228,0.4147946464159153
2024-01-12 00:00:00,6.778066426271257,5.597873762648301,9.91465625216685,0.6011568666853608,0.2263995089355293,0.4023483170744417,350.0030933385883,7.873893448627879,208.47377011366865,3.848805065204671,0.4859536149702798,7.547170106215438,4.83381289829074,0.5123569637425986,0.4143180878482517
2024-02-04 01:00:00,11.304835305679395,9.188511786189697,10.393486508238512,0.2888822838606844,0.334271620044776,0.5111342705212225,349.1599328816986,7.684422980628976,225.53628610084328,4.6879464642680855,0.4186896966068824,4.397539738737799,7.700803013452612,0.4291097164393722,0.3575388129162494
2024-01-30 14:00:00,10.606470709599488,8.505224656601865,8.358288352766115,0.4086459475582406,0.6208714258362227,0.4346794039557339,327.2177633321284,8.334549025005169,225.28931189898347,3.234110751976288,0.6002909476346326,4.1428940526749365,0.5,0.5862718032779057,0.5111370613919087
2024-01-29 10:00:00,8.26701843174237,16.961155190932196,7.117005904758472,0.2016823499804997,0.3793411582094997,0.1551466494310459,319.63104638169847,8.264020353602856,155.90758093236707,5.585198252779085,0.2724845971244585,5.273847124643924,2.366516187407488,0.3727359331698866,0.291596005968766
2024-02-04 16:00:00,7.676748434855011,6.068187580645733,6.608217150507991,0.2447948568711895,0.523951940727205,0.7493762903023677,334.76698885102684,7.291107747693987,229.4729358654803,3.153304677449821,0.4794831874169628,5.605395328406145,2.2995926513752663,0.5107564835238179,0.4262170034474012
2024-01-22 14:00:00,7.4501203967612355,7.114419299597973,8.613566930612771,0.3616526108279385,0.4004085499041299,0.5561766771294265,332.58177214361496,6.804160534122297,218.16205275542,3.534407771376566,0.4534604967403172,6.288671148252552,3.4200471657244558,0.4638149707892655,0.4381828145163447
2024-01-19 15:00:00,12.539325832373445,10.985717519018136,5.249882744489003,0.068543970704524,0.2628535337775908,0.115675267848731,337.3597849865175,8.13521794260033,165.98078564616014,5.000196667064023,0.1484099047139326,4.895190271653861,4.871996786283416,0.2534751279176653,0.2095862228163221
2024-01-01 18:00:00,10.771427891448235,6.478406740502363,6.35718619456926,0.2911977083021033,0.7187271928696088,0.7171377472981127,345.2505969126593,7.242594075117753,244.7158141875064,4.67111614923037,0.5719298136425048,9.098443509791872,6.179277112585544,0.6019439134957463,0.5420996247088472
2024-01-30 19:00:00,7.938497054887942,9.636352508521204,7.0450460063428135,0.2063856353137918,0.8023359507339631,0.4167665728549499,317.80594936593644,7.508139893323001,197.19856114220283,2.561244235878521,0.466947274382761,0.5874053201154023,0.5,0.4962725370876769,0.3953831829632211
2024-01-21 03:00:00,8.844879751256707,7.008296938358384,4.943727344753144,0.4708288756130595,0.2313590238953539,0.3466009046305255,312.94175086892466,7.412174929773153,192.865698259632,4.774056948166201,0.3900928017557982,3.1152393763130144,1.458655815418633,0.4051502892355862,0.3698557740861065
2024-01-24 16:00:00,6.996777598733338,9.995417097025452,5.123140631482406,0.3837855163691366,0.4611438057062524,0.2181293211595436,355.71178257010683,8.693619675405348,185.2671348781164,5.241122387682351,0.4480214944576126,8.252447782533899,5.946929206472814,0.4936112702843362,0.4151154049334982
2024-01-19 01:00:00,13.176661036758452,6.965052952462873,7.80043829348733,0.3752652117866988,0.4633219174045591,0.2911626766709566,328.5500103026247,7.608295697878629,196.08644975186925,3.774603304901784,0.4357524278742535,2.309686844912392,1.3273912218032304,0.4798666234657847,0.3774894562889458
2024-01-16 07:00:00,11.958552371854182,6.778639819978994,7.664702042790727,0.1540230174234548,0.6412545502516128,0.2860627983859153,300.0,7.400016672156849,198.092676383816,2.5419383430761315,0.3735299030138974,1.2778619096266537,0.5,0.4226381892616069,0.3227821115376614
2024-01-04 11:00:00,6.852629788126686,10.067711995851056,8.673861924350684,0.1393763351415239,0.4891307870682942,0.5943906517719231,358.5784929423157,7.290615262959197,229.02837268986423,2.245706754521168,0.4187458099504119,5.1718343269349,3.0215015523009923,0.4484153959018574,0.4190767789481173
2024-01-03 13:00:00,9.63834778345385,7.915311635663632,5.9036202388096015,0.3389210307449404,0.765624878317513,0.4228031598315617,366.2536477699945,7.307820864776703,219.34326144546,4.603611742203671,0.5536821121511921,9.04604105337128,5.632435367203282,0.608814953473429,0.4917713778105007
2024-01-27 14:00:00,12.659416270334225,5.876677420225702,8.115214005929166,0.278187194036601,0.7406764413723077,0.8488494868899711,300.0,7.613071139054144,223.4184987131564,3.611958208981444,0.6017407211883087,2.636483840047087,0.6148169717219507,0.5893331974032137,0.5077906950331462
2024-01-12 08:00:00,15.168061128924316,7.603429122101344,5.385026366511737,0.0377914074896498,0.3542119972723046,0.441447921505483,335.884118074829,7.792264091520851,188.9688504126459,5.218732310513732,0.2889739736337238,5.610733939978696,6.018906186933555,0.3355676346793828,0.2738002638609138
2024-01-12 21:00:00,6.802667778561819,9.59617204797132,4.843129955002159,0.2526669395857305,0.4578797213245291,0.4349467111597665,331.2450712470556,7.761468751947088,205.255292871316,4.376834558571465,0.3824691074044728,4.924507211880997,1.2993456697256844,0.466601659442826,0.3696163710043507
2024-01-16 00:00:00,6.318333755092742,12.04448893707022,7.484538075301476,0.1530777734409732,0.4849702929041933,0.3832618460020146,310.2595807998833,8.180147764036429,201.81698622625345,3.22775574159478,0.383554195196593,1.6108770854771908,1.0415875506391867,0.3945398379752191,0.3594111723796116
2024-01-15 18:00:00,7.713184068936953,10.630466408172708,6.407939925606228,0.4856144489557342,0.3817834413164202,0.338923765857611,309.2779989723033,7.75089530227897,194.5833190913472,4.415488809200608,0.4999112642099376,3.9932418690011566,2.6865143896758577,0.5318544631666023,0.3705329987119549
2024-01-20 00:00:00,13.361234630563947,7.02041482816445,5.660168054812987,0.6249911120947598,0.3117499799256206,0.450818106242457,375.4229484746039,7.790432872847747,223.52755975676456,4.080175084639073,0.5769971881908003,6.65569498704648,3.8972779225205954,0.6068007508018074,0.5125582527429032
2024-01-12 14:00:00,8.883784141368341,6.3883687359897445,7.393197125868314,0.0670729434749548,0.1310944622576655,0.2875956432187775,319.81150672083646,8.432739084143554,158.08465321761508,3.6262671302297886,0.2194658572717504,3.2069637229286028,0.5,0.3252463949676546,0.2250141840464269
2024-01-01 12:00:00,10.976205304296371,8.925088188311184,11.910894506204468,0.2175917832442991,0.3991425182415176,0.5998754730332759,331.14510429071595,7.870879217479643,229.66701474458787,4.601165659262758,0.3919183239464281,5.85046359219708,4.475736745780938,0.4772173583737305,0.3210509583691214
2024-01-08 14:00:00,12.470190984260716,7.686478127726476,7.379686534818995,0.2624571216625566,0.8338823798309045,0.5248753051726717,338.29433547131543,7.055278275007791,205.28687068573225,3.1594405580604232,0.4902894521045248,6.919579116896429,6.778667822738062,0.518505589759049,0.4456849225238404
2024-01-16 08:00:00,17.818784908884936,8.098758684383606,6.950090002952807,0.1843192601813462,0.4251195753079674,0.5474635347506547,300.0,7.589228325184536,223.6281178868337,3.5409265642951966,0.4334614868285588,1.9952433228145527,0.5,0.4442908310661618,0.3829049583887511
2024-02-06 17:00:00,8.286578151492572,9.01169604819302,8.482394479212944,0.1978526098543925,0.3099061687632953,0.2343081689285084,341.4503718443176,7.478066863118767,189.40353201188293,2.3777285285328857,0.3028877830474811,9.416244794700198,5.649639964843573,0.342271646648375,0.2952736274296184
2024-01-26 15:00:00,9.973308605812598,7.490072999830468,6.862048121965126,0.0766863200035692,0.5273679429370748,0.5160863547303288,313.95210640625163,8.699216936962666,209.03447389515,4.433645765340119,0.3534896950333486,1.0282699801416713,0.5,0.3893739261778254,0.3500028748224906
2024-01-10 07:00:00,16.33887413212767,10.021081395053692,5.625132486044163,0.1960543131134856,0.050818745982755,0.3573143468665484,314.5871391838365,7.972974302895497,171.60292153265402,4.687662331587206,0.2657716221087934,3.527059720969522,3.0279601233124,0.3174295185766824,0.2697970268576152
2024-01-24 20:00:00,13.909861091817488,8.798499962436745,5.765752807342636,0.1390995789612448,0.1107372164096663,0.2723646631542187,350.4085671987957,8.295148524825775,160.55592649271938,4.791131073479198,0.2460177312904534,7.793178178643471,4.83718132867104,0.3102176468296491,0.2463885664778954
2024-02-10 10:00:00,6.788106054023992,13.094098795138487,7.604258436565482,0.1237321218456236,0.2512767885337279,0.4168906352534652,346.20778942522253,7.806854295425178,185.07525029618765,3.7847640402884855,0.2694657205468762,3.820318263596085,4.817267596708164,0.3372659919249828,0.2955996872786877
2024-01-28 05:00:00,11.65067250253243,6.76419577800031,7.57795567518666,0.2971821159649405,0.18104053375265,0.4629543148811979,334.54524264559177,8.055752582703214,225.18573421160613,2.7996759381337126,0.3656545225286023,5.474559139535284,0.5,0.4136701651521066,0.3317374719555065
2024-01-23 17:00:00,11.858923410908496,7.509170635589221,6.053017401779444,0.545178167113124,0.3876855788809908,0.5199627725201998,366.0068308416583,7.505407600793702,215.61535587681624,6.015204693614492,0.507975504610369,9.743673448154295,5.999486128515157,0.5412677735241175,0.4612232587635619
2024-01-25 06:00:00,11.56464712779086,9.58087219896698,8.139186292129049,0.3909475653862571,0.4646637784180919,0.4400573482350525,314.91118530580223,8.15151783105378,222.95354026411636,4.104421266439385,0.4597704580499411,6.362983483433939,2.1273624337750725,0.5374008804968218,0.3815089311826279
2024-01-27 09:00:00,9.407221041054122,7.063652794528478,8.617703128207165,0.3811562427675138,0.2155252944319286,0.6618200663923641,300.0,7.604430346510129,223.0546994752793,2.121819546895455,0.4307279895584229,1.3171135589634106,0.5,0.3778689078872053,0.3341573594939914
2024-01-08 08:00:00,8.83382698234768,9.166371133786638,7.727655814218346,0.2070087518839862,0.3908662527483137,0.3718055989278767,365.8721448211093,7.1115754485679705,165.17026531031365,2.312086958781848,0.3757737060469474,4.399023649582233,3.743565581727219,0.4145040677752287,0.3674506943605897
2024-01-28 17:00:00,8.991824099392407,7.267466120622117,5.8817008122904815,0.2011430162473879,0.1416837987784676,0.4222461267756663,342.94919896413745,8.032903310128544,188.2516148292881,3.3800669687120792,0.3389150712291497,6.09118184220829,3.976191915934778,0.3670064438201149,0.3422965262134584
2024-01-29 01:00:00,6.426382429317356,9.509590214393606,5.109519137920722,0.0924416273503085,0.478026561500218,0.3929315390520333,325.2514057815747,7.783044064557687,196.63088416193685,2.63041820689885,0.3382584266251251,0.6090942467688228,0.5,0.3932434706319444,0.3447963408801298
2024-01-25 09:00:00,8.56281475935658,7.018045258253475,9.17433798668968,0.2577402367220145,0.5031538511159815,0.3928026283071287,312.90866122888724,7.514183377712131,204.6321976384155,3.2097886236952213,0.402535329648602,0.5,1.1352888211769303,0.4276868560341605,0.360635479702143
2024-02-06 09:00:00,8.884206712259497,7.396008744347974,5.438242378772412,0.2701337378335318,0.4865782304210433,0.3792168629682038,334.517905830139,6.624606172668731,194.1523776267639,3.0684479461600014,0.3543216087821232,4.193342532385786,3.079367762384584,0.3982340679703981,0.2936739654428856
2024-01-17 09:00:00,9.379516117140172,12.94773082310099,7.397117520571588,0.2406888901142325,0.0647662422855743,0.5713193946877592,327.4326611410543,7.53310501300871,209.7045753845196,2.131288752269798,0.2815521509155252,6.217784491714202,1.105896866498871,0.3553736391299127,0.2951048375032692
2024-01-07 19:00:00,6.746836943125587,7.610438282774557,7.566136362849729,0.5468681720280402,0.7627517276452247,0.0776438533267516,364.56525371192566,7.408086738260653,172.4629327755125,4.249245384409738,0.5756772110084588,4.781519561040045,6.387830527811738,0.5884431967094721,0.5019121310403526
2024-01-11 08:00:00,6.945471906707038,8.161440077800181,8.031581926381161,0.4889031561441063,0.4654353367317131,0.0760671638267328,354.90218802438943,8.35284819612696,178.95852954700467,3.781632257010711,0.4274649435310862,10.105465735269473,2.647838038168043,0.4891168871765948,0.4044526219983645
2024-01-27 10:00:00,12.9056700625793,13.050969961444052,11.52771142641635,0.6060804448981448,0.2065854838002652,0.3814636005700553,300.0,7.945840721837243,185.86611624170115,4.537759290361887,0.4989037298746158,3.2858737151027704,0.8534001412459407,0.5055549254742469,0.3884647907323037
2024-02-06 21:00:00,8.664885051120505,11.047031858293613,5.187715151991725,0.2668775882441562,0.6614825097460915,0.5322252135544527,347.9370604077393,7.556901846568056,232.53025470182476,3.568501349759463,0.4990988212388722,8.659493430989768,5.403345824100636,0.5241359872485003,0.4521015904404767
2024-01-28 21:00:00,5.427915512359945,6.725904373425406,6.387332313564952,0.2312171693756589,0.5403076412107536,0.2851729807998787,333.29850404529094,8.358447850992762,192.22909231960895,2.5761634933476163,0.3933088718476623,3.320785721494953,1.572159086306471,0.4752510784434964,0.3899557049218043
2024-01-16 15:00:00,10.654802820873853,3.6940667716277087,9.988436787853246,0.1408980827601519,0.6185121944243339,0.4232249666055858,311.8274683080268,7.880892290109565,180.64493427187844,2.361559241749397,0.3663821073522694,2.173921905787409,0.5,0.3856977517944984,0.3274172892625473
2024-01-18 04:00:00,15.537980011230388,7.858847156189901,6.729515092919683,0.198568508578103,0.3269122693932323,0.3058040488258772,334.3114045824244,7.81517713140273,177.2530632455654,4.890687561975347,0.3060955641292965,4.4201796621544425,3.0006542550764146,0.3761344532237151,0.3143094824487188
2024-01-04 02:00:00,13.1882076287136,9.74233855343489,6.871930146687883,0.3769462094129222,0.3599103207918944,0.3272186063807294,346.6421229879305,7.536956317076334,188.9316415064673,4.880398019648792,0.3936262041463714,4.5291428135836815,2.678092444138822,0.4591572596457726,0.352831039919686
2024-01-05 17:00:00,8.923910754524817,8.649265703763039,5.958089437279096,0.4457412140684277,0.6623508313307254,0.3084706582736893,380.0,7.698621584013571,205.94057567168565,4.768568192589299,0.507364094535681,7.2634234644460705,3.725213187563266,0.5713400441001896,0.4528604042787699
2024-01-25 22:00:00,7.479895158373281,5.658744285207397,10.134035617767909,0.2666462240119789,0.7544789145980868,0.3937180037700075,310.31277822465364,6.98759743360762,224.643563626656,4.039474179801985,0.4973595489968938,4.717828162067788,1.910332285740818,0.4968659306819784,0.445926471820751
2024-02-10 01:00:00,11.748299510530378,5.31879338719444,5.008956979330992,0.4058006852475938,0.3273967729143939,0.1815133665905067,337.391024824559,7.359591279071345,182.36991829303724,3.4510169677140987,0.3741049589402135,2.626269049360172,3.584918151412289,0.4406698320077756,0.3491891827316054
2024-01-17 06:00:00,9.261227664265776,8.822943650024126,6.737559269021607,0.5895453109720808,0.2950975967800124,0.4761649763765455,311.510468595055,7.358129116433863,214.76848730251703,3.022605603131788,0.5491276617706565,1.460571041443791,0.5,0.5611240982902961,0.4668369443554483
2024-01-05 08:00:00,7.189148902509194,5.344020342347691,7.586932186737348,0.5306369145555704,0.6154965209878488,0.3259482403422383,365.1790651895492,7.409097666980651,216.65281866708472,3.0436660069014554,0.548008225350789,6.888513142975152,4.439772251142785,0.6248545767372266,0.4477239567845474
2024-01-05 18:00:00,7.957094342557276,8.581474979434281,5.038447287487625,0.6592551617374992,0.4200568441712324,0.3429469043490621,380.0,7.552469251102101,209.99820002406076,3.0671078354547183,0.5826352830910544,10.476383427068182,7.607718871732563,0.6435189389312177,0.4963233034270561
2024-01-18 09:00:00,6.170151183050351,10.035588782972594,7.253305339644455,0.1176722386286957,0.4773305071489176,0.271222359594678,334.25057891993333,7.565120322842657,181.7717527749447,3.1397056897161115,0.2958166206084534,4.101818522398793,2.424961646762661,0.3957300752666153,0.3571451375062074
2024-01-22 21:00:00,7.800964035380306,9.223647713794458,6.505986588178482,0.2027254112779059,0.269420237270659,0.2462765392545125,344.73316908159046,7.047860422442975,167.08066551282778,4.49818371689147,0.2548991915245704,8.545800970141897,7.3058761458502515,0.3518817340230752,0.2567303350170891
2024-01-20 01:00:00,9.698133384168466,8.462808545033814,12.773586908752373,0.5269236081755138,0.3869509745853037,0.6754550630558814,376.2985761143662,7.670996674143482,241.20244609321895,4.001216456533677,0.6024331908329008,8.873538378658264,9.750055396468834,0.6356616120818476,0.5411669848768903
2024-01-18 01:00:00,11.537409551496902,9.124431901152285,8.492273124298244,0.2240271479720123,0.6263281949857601,0.668801561482369,330.5276398098446,7.398151754168348,218.02796696668128,3.7306042169233136,0.5241000444621837,3.0029520500407654,1.2510629265733113,0.5275687218496331,0.4575111189684643
2024-01-04 20:00:00,9.843024075865106,5.25548901418964,6.251572554476316,0.4779510637083224,0.3746653151187558,0.5602878562165186,367.7011063217532,6.789241582184451,219.9410870159811,3.7107094743571656,0.5126504758699714,9.782774486666014,5.60282734433195,0.5266744070432238,0.431420173251427
2024-02-08 18:00:00,9.78936303996495,7.558756380295178,9.81472778010006,0.642235617336925,0.3112493415187733,0.4679953240075377,332.39514826923954,7.422216545506533,211.6100189419286,3.591934021494327,0.5718792400464893,8.162953463858614,4.889252700035735,0.5615137481974007,0.4928100593012987
2024-01-04 17:00:00,9.037727214861018,6.299340999439765,6.096219656091837,0.3632874841964315,0.3014025595912636,0.2361823570627497,364.4903373797156,7.317364211969363,173.50981275743635,3.661871553461159,0.3746368837436218,8.728094971677596,6.6967785680838965,0.4766861926318544,0.3323099581455764
2024-01-15 00:00:00,11.717452764119097,6.759143415946191,8.500487884669095,0.1525892839544706,0.4585328022222879,0.3858833017829353,358.60479951707106,6.846453744132018,189.56166225078184,4.925760912940209,0.342672342167324,11.337777822241044,3.6277776557438175,0.3954209576418445,0.3285972767404617
2024-02-11 04:00:00,7.372799216562704,6.052026291062576,4.544945173280358,0.2331410068509346,0.243218472462834,0.3773998200947779,303.75880883597245,7.914909854644419,197.8792683988848,3.319164657717542,0.3099712572766792,1.1541694509300808,0.6354006375236692,0.3518799840338654,0.2891870091547693
2024-02-08 09:00:00,6.5089237677089855,7.100344770531153,6.986819602752252,0.3732733163940825,0.2859485381234475,0.2352806211614499,320.6456101693274,7.52529909927958,196.9385095952436,3.774001111688008,0.2932771150485963,0.5,0.5,0.3904513077693672,0.2882291955707122
2024-02-08 21:00:00,7.529502849842993,6.302874963357695,7.907796143856108,0.3144180494742388,0.5856194677012011,0.3305735712656996,347.81520917034493,7.632924470296489,193.3097696012237,4.024627788187622,0.4338396385682843,9.610549086200177,7.79499852341964,0.5088829073381063,0.3770164014290671
2024-01-26 05:00:00,10.936524861024532,13.464192975500708,7.903496350838338,0.2350146003453572,0.3692060518202154,0.1405764607995498,316.09434343556217,8.314840942067164,169.49371104258293,5.179104282260933,0.3119688012120106,1.7056416741967912,4.544920629788934,0.3853621400855755,0.3175389998879342
2024-01-25 17:00:00,7.765421287122479,8.273240015700997,7.913492694709047,0.2045016907702851,0.2449921670767112,0.6553284089325832,303.0931727793667,6.872040019746248,234.6573526347254,4.206812522388458,0.3233042378315575,2.7753960453923776,4.276998757196165,0.3585196821792272,0.3007371018015348
2024-01-26 11:00:00,5.016261607677748,12.183048386583945,7.9201219660210525,0.5339243815388044,0.2273235610049689,0.2539581850184264,315.4737560943005,7.9246894616275965,176.07473233367898,2.2070673852092404,0.4515763274531227,3.131640400347805,0.5,0.4921536565293332,0.3404432999477972
2024-01-04 22:00:00,13.42475663317585,13.271902731564804,7.031513572189436,0.0836246965738878,0.4376655234880864,0.4070055039196874,367.2687889493616,7.712382905920361,185.817670713936,6.0104169883043,0.2544677804796407,9.624771203638865,9.319294773182872,0.3560720074420039,0.2827668276957107
2024-01-01 11:00:00,6.6404378174465775,12.852776495693645,6.444101656685206,0.2174493082350571,0.2305591691552032,0.2454050054900651,329.89813336348726,7.95588119317994,186.58388082232085,4.13325047175198,0.307058038764133,6.230309137356788,0.7859399066835231,0.3958290493753686,0.2917679073974413
2024-01-17 12:00:00,12.549826730368109,8.775241290620995,5.979210992984701,0.490450546483039,0.7984123358621767,0.482338956588031,344.8899710835033,7.866973288727473,218.26308249870405,3.657185148356339,0.6041013114149968,4.439936955474936,3.209470383477285,0.6228758678504861,0.4794306863125218
2024-01-23 05:00:00,9.080111922142876,9.4813253341588,7.156114076461122,0.2405640228689547,0.3104020538956677,0.578864518137626,351.64970773395817,7.678464096849366,206.8274107609353,4.27441945591771,0.3270401869604228,8.224344466843501,6.497948753638457,0.467015635887869,0.3096832911759821
2024-01-02 19:00:00,6.531022279033384,4.675266147916858,11.578295441430331,0.3007745900424755,0.247673129974094,0.3252405803418999,358.4311983991595,7.456773068897442,195.9412093047245,3.362356945710172,0.3531278464274864,8.597729533482038,3.052273201023233,0.4033392157170312,0.3258468627345748
2024-01-02 18:00:00,10.232989044341412,8.54080842998621,8.286376804806403,0.352701862959742,0.3714186795176653,0.263103549013151,358.93854152174964,8.190580427424214,189.77829746032236,4.260899190765645,0.3953358468299529,11.583589166093326,8.024565779218127,0.4613443938157675,0.3663701885663078
2024-01-14 17:00:00,5.5526739087165655,16.851378918118236,7.293503743200659,0.3342672824688266,0.3133645859310054,0.7700097953342292,339.1781913240448,7.4389285732087025,229.39257121880985,4.462784406353843,0.5187499041306963,8.230959790182364,4.523401838597032,0.5387612214999842,0.4504958439676723
2024-01-07 23:00:00,8.855011954247958,5.931334715339233,6.302546911267157,0.3971711388921921,0.3788762324568362,0.5653551615033803,372.5899386045318,7.13740609741278,212.02583423136196,3.4393138364581044,0.489513697733147,3.546333363471431,6.286358937426038,0.5529709334199606,0.4234994022469486
2024-01-21 17:00:00,11.38444461993113,5.908224252504531,7.524310769112417,0.5873714735828175,0.6175979501232727,0.2832038965450313,329.8571758552718,7.416751704656081,199.7182641136681,4.925341247435529,0.5417977956629239,4.664762464943156,0.8744969976295733,0.5714481441142234,0.4794288032414097
2024-02-06 12:00:00,6.542576540501032,9.434775807055408,10.800451247587477,0.3357145786179915,0.7766172045428761,0.1807718757188499,335.08987077658145,6.682656820807096,186.54041886448084,3.587943703804326,0.4047298744278977,6.110783279132511,2.0272640246491758,0.4569350944672582,0.3637544660058971
2024-01-25 21:00:00,6.758813467671081,10.83835765562124,9.23438881616126,0.505061296223428,0.5497324170531029,0.5870423351919374,308.2962639760874,7.097177961857859,241.7018664997937,4.02685179833256,0.6069104392659362,3.190035567346417,0.5,0.6107559648479262,0.4727751874479419
2024-02-01 12:00:00,16.2553963112041,8.227538965649584,8.501668030451775,0.590457508508466,0.4472724623953863,0.28720701631132,315.5832019769209,7.785781161471273,203.87751445515096,3.843948130862657,0.5917767466227308,4.730684448523884,0.5,0.6034341164076488,0.4504013611930115
2024-01-05 04:00:00,11.220022267033707,8.2606417566119,8.065219424425594,0.044326243703575,0.4813030335236199,0.1241144038406267,361.8798020280505,7.344671835059447,167.48935618011453,4.787742121165242,0.2339487067338644,9.72619512522358,5.928160071145783,0.3162844274291071,0.2149723664541599
2024-01-18 18:00:00,9.814595723969743,8.1365380701346,5.238465366172102,0.4703295463909567,0.5184225051258368,0.0931949880478099,336.787175934988,7.588158766019301,166.67496663261355,1.8845895845235625,0.4611748199916929,3.9355448309760543,1.4383762093601644,0.4952023442703902,0.3941509884976257
2024-01-08 10:00:00,12.180812306381773,6.316118041069985,8.04966923289852,0.5283301360950822,0.4260332564328158,0.552486189650482,362.01065709925257,6.9030197596634375,204.31780294665936,3.1941075452952976,0.5545841750872087,8.144680214103998,4.436425102503661,0.6106665906327852,0.4672708703220543
2024-01-19 12:00:00,17.021014889391438,13.263435549035009,4.338277212289475,0.073706300018827,0.2741812079538627,0.5861321391819301,332.3388098876751,7.846580187578615,224.84977903621945,5.433352636579716,0.2866494634881033,6.709303259182485,3.554122879497655,0.3257124279529214,0.2556132783156322
2024-01-18 08:00:00,9.755490286502578,6.88626366750661,6.169114585437728,0.4031683292919115,0.5415582777011786,0.6451629313147346,335.1462919133813,7.606334027838884,224.3808238168608,3.83246895577493,0.6171776368236614,2.9635948244584838,3.0581713000278468,0.6223253451055285,0.5148001959966566
2024-02-06 06:00:00,9.928291839344933,8.56337010271119,7.3818042987929715,0.5326114045961076,0.3497198403519317,0.2184178246243661,328.08434465154505,7.450780274079387,180.34652244878097,3.789165780627747,0.4384574268423593,2.748444207465714,0.5,0.4918927757072056,0.4064895773963482
2024-02-06 18:00:00,11.075402802347876,9.553947123232373,5.973551276810844,0.4259097733052835,0.3224289555807113,0.3345757076947026,343.3362507394048,7.543295448339892,215.5043790598802,3.764455763431598,0.4195581163933093,7.956907620334404,4.606873156121561,0.4734465271772189,0.3997155066254888
2024-01-29 08:00:00,14.269820341915157,6.855298276242593,6.552063107880333,0.2151631951815471,0.3929855004158821,0.2568638881149944,321.6077363378153,7.527824857513086,164.54574914147966,3.399870899802012,0.3448455496323339,0.5,1.0146098363852003,0.4100397733586051,0.3319257580567754
2024-01-08 09:00:00,10.22262244076434,6.350683967290897,6.883207700298081,0.1560247026500603,0.356566763309271,0.6234551930069387,365.2474729527004,7.293817365272175,195.2663312609789,3.659643957872028,0.3849161288285511,7.8738940099746495,6.78583034878909,0.4173701918463789,0.3904175637726004
2024-01-17 11:00:00,6.195680990060868,6.824234477237208,7.603253831724134,0.2297642891406968,0.4214662508808902,0.3355850473746456,340.2355575926585,7.543961627932068,179.54251932398628,3.4735020543078634,0.3432307668254329,5.731673070141727,3.190560948978257,0.40141673473605,0.3080878240127123
2024-02-07 23:00:00,14.1787800745151,5.749825086770651,5.417359847145515,0.5820180111460481,0.0873945316309229,0.2271169066684792,360.2280055693968,7.484392232893211,173.1548369300138,4.784226703807273,0.4042373800589799,6.712469395976388,3.777471614907273,0.4316399016464021,0.3744125489336482
2024-02-03 01:00:00,6.631488990100944,6.561061783321967,6.094242174537524,0.1972493268636188,0.5241471451370232,0.064307582489882,317.6933914879482,7.8526571818660065,172.40217609947564,3.692333498680015,0.3428342691485314,4.224175697255283,1.8122865554184215,0.392909805143811,0.3110816725742859
2024-02-10 00:00:00,6.788313995814995,8.818380622074102,5.001410334540004,0.6487298109507409,0.17400273976965,0.49577851094531,338.87859734105376,7.208544001549714,231.55906372492697,3.2237710270401543,0.5690912897536566,7.029316811872874,4.638573125714577,0.5448630394033457,0.4512318096482857
2024-01-29 12:00:00,13.844241808296696,4.158654734576015,7.594659655791804,0.1609502082978361,0.1622602573072533,0.1640133440744104,319.0020587922112,8.469581129346379,171.8452437916717,1.775570293737207,0.2317743319779693,0.5585528435262445,1.5725879804744018,0.2755153767398645,0.2528913876653393
2024-01-16 23:00:00,9.090405908642786,9.043991539806264,7.257188893979492,0.2440288015464125,0.4121987964422634,0.2887311589214093,303.47700179588685,9.335094017422112,175.39164158016732,3.3772591900446054,0.3952183368886178,0.5,0.5,0.4386399848647555,0.3188890607904824
2024-02-09 20:00:00,11.50770052459812,6.227270211448532,7.755308815172305,0.5520828279329547,0.1685310692298544,0.2914831118946237,349.4210511381902,7.170736645954664,174.84348848812198,2.8911793021898795,0.448062114293679,4.683737893180683,3.705243471843944,0.4523124760740839,0.3639800930849046
2024-02-01 07:00:00,12.21649568795184,11.380285352864112,8.026292971744585,0.500606153850994,0.448144718125582,0.3649529414053088,314.9579783712717,7.531299827988533,212.0113364213183,4.544080602928581,0.4973424790975631,5.170368361745146,3.3036946656272663,0.5314996606188991,0.3665856074630014
2024-01-11 17:00:00,6.73421127022961,5.187591272179497,6.937407442136707,0.1275695475399671,0.5956337153977155,0.386785644525636,334.03822055490923,7.176056605900184,185.9126715746739,3.930824371616624,0.381532052460124,3.750104587036645,2.429421553047415,0.4292127688925295,0.3358119742933629
2024-01-23 10:00:00,11.867209774028966,10.33936721744,10.379736150281955,0.2038947051022156,0.6653306437080002,0.6739557025339918,369.8223505015858,8.340090484365366,223.1417148658661,5.422746079432336,0.4963184351280523,7.711866185097801,9.347362712609012,0.542064278781304,0.470929627330392
2024-01-14 23:00:00,11.013941959063468,3.1639173978976785,8.601795821077571,0.3393005271968691,0.2951058682700604,0.4923839082135441,356.88157643521566,6.87891352839458,209.0942327481564,5.387675829899996,0.4574485039515168,8.798369080821766,2.1659363012606176,0.4994960597416757,0.3963189299850328
2024-01-01 15:00:00,9.814194500124769,7.345644481164198,6.540817404124673,0.3677034847729044,0.2598252222154418,0.7036974768885472,341.1184161929315,7.768266182034447,245.12171247803028,3.529628952006804,0.4454912508055619,5.58109582333986,0.5,0.4409547614461325,0.3622550327812918
2024-01-14 12:00:00,8.208185923081391,11.38709061358752,7.527866675154772,0.3892996854701936,0.18861434739291,0.6885598036992333,346.60215536934936,7.928966945391128,240.7684548061231,5.1879474024030126,0.4903260010565998,10.742483320031194,3.985045235166239,0.5018933171358119,0.4672913206267501
2024-02-01 14:00:00,9.324145600412088,6.712627031449055,9.071938712541469,0.2324868372334883,0.6727002700301977,0.5374615622863486,314.85350188277,7.707170401465252,225.03295519576025,5.2273523993563895,0.486210556137532,2.9947752694146623,0.843443792700667,0.4749849443589228,0.4292372070427739
2024-01-10 06:00:00,10.260991620464976,9.481601145436011,5.612248531821083,0.5131977303282481,0.4321348157575713,0.167208648345833,312.70602204866816,7.9994370902282625,164.7216528656632,4.031354283032162,0.45581199208225,1.8921959392886825,0.5368773441296797,0.5126644404406355,0.3620271848214841
2024-01-08 11:00:00,11.27240945669912,5.742391609264592,8.764811748968201,0.232947517240673,0.6079498059145291,0.2984992463116739,354.55850608762864,6.805235687286252,166.6340145580042,3.756267230608948,0.4046421217986826,4.556144197763847,5.123676522668188,0.4397590805109918,0.3818387701915982
2024-02-10 23:00:00,9.051443247377648,5.431532260670719,5.77238590656219,0.1501496742464811,0.5575723012377042,0.3606593345860064,332.3195645879695,7.882162316869356,190.29839503407095,5.917724838956854,0.3495070649755115,3.542413812297717,4.423347077224578,0.4235533099772289,0.353004298592509
2024-01-01 22:00:00,8.260339877220208,4.728308999811354,9.818403057507377,0.3879969516585888,0.4826687635797779,0.4645302277818452,357.1346840818351,6.728293772151426,215.0467325992388,4.07731518077967,0.4870320854567047,8.342641145001577,7.921793864184154,0.5208832590363485,0.4668115624319985
2024-01-15 20:00:00,5.909030974160193,7.179797022779957,8.353793388370338,0.1404703768238614,0.6343210663223263,0.165370838055836,307.5587640488868,7.908327872467456,168.40811591205352,3.2065520462250525,0.3305597506722229,1.9797786160910635,0.5,0.3894383790154091,0.3060281997594833
2024-01-28 18:00:00,8.582116241938888,7.383533645664021,6.63581864168641,0.1641258956397455,0.2421813479115355,0.5456166928458763,339.6146349591783,7.710333805437987,207.08467137980728,3.852143873540879,0.3359895094368904,10.625303894669685,4.409445275512827,0.4148885349695149,0.3381656766404731
2024-02-05 21:00:00,7.266304092106653,4.237912440885848,7.451686818371263,0.622121641174607,0.3077974788430918,0.4243194572684643,311.0233908623593,6.727053713269193,215.76694741700533,3.6124832518715695,0.5794188243559872,0.5,0.5,0.5925580536369224,0.4998352863589361
2024-01-15 04:00:00,14.427629191496257,8.160075869049885,8.34159485020202,0.3635738566456802,0.2036739442632614,0.5377093030702066,356.4962061797171,6.874546910350379,211.57746266930295,4.781041302876285,0.4074385693050907,11.030426973731506,4.797653031490901,0.4580855458398481,0.3664824565602254
2024-01-18 23:00:00,10.693129853876531,6.323796813148065,4.640296273231564,0.4741408141636628,0.2768442184226277,0.7423072464866236,338.0675170765857,7.155802987335135,234.88772584556796,4.041566448084848,0.5841603717640221,6.118462669517553,1.3686720156208387,0.5823157219390963,0.4821751588860089
2024-01-23 23:00:00,8.933225585127937,8.769540795057825,7.03240350911179,0.1537215817868508,0.5919100225955068,0.6471318878008143,380.0,7.871585677455401,222.03174758550472,4.782026150517479,0.4174728894588224,9.637543427824507,9.480420785499282,0.4673257505112923,0.431358518988124
2024-02-04 17:00:00,8.536364799239673,6.80835421053616,6.314729558202345,0.5665020527871664,0.6600367401880649,0.5724050648326541,336.3072240685819,8.023772372639955,226.50667000339405,4.273013399841935,0.6588873649799389,4.7973504740685815,4.124538483281303,0.6817105777139955,0.5477511734386852
2024-01-09 11:00:00,7.351822271602605,5.779739760636641,9.03499317163772,0.2840612133560599,0.4668067843162051,0.5057721261617903,348.2818773933279,6.890628432504286,208.3843870305107,2.248912557765601,0.4174696711167895,6.65505158144665,4.739778219687597,0.4660429287756034,0.362201000242127
2024-01-27 06:00:00,10.44754501170452,9.366273743113949,6.420289904870986,0.0940812370121992,0.5179915208321123,0.4249263859883571,300.0,7.13802306265487,189.85171641285692,3.361653929758481,0.3518486728620578,0.5,0.7968287062068298,0.3880604157603959,0.2963025927781575
2024-01-04 21:00:00,8.423938391817583,4.7460278560759,8.698527486673042,0.3511710621516126,0.5292067348176727,0.435184068666072,365.85357858709153,7.271538988616775,200.06465340516144,2.787701865050227,0.4824045650732174,7.608852957568761,3.2547643330521625,0.5675134192928046,0.4341171945041244
2024-01-24 06:00:00,14.438701801114906,9.89514549303578,10.64464487364498,0.5753671003107931,0.1865288820051921,0.4278279834907661,366.2790832113043,8.503564199327466,223.9450390333235,5.902144423427,0.453207819722273,9.7268680036683,8.282967970151658,0.5553272841682863,0.3751686845832144
2024-01-03 20:00:00,9.09409094759663,9.100894205659172,7.468130023269725,0.2648822920929222,0.5143422159451185,0.3339428977289714,357.0085033869053,8.017302369940909,177.87405125285545,4.305542632000783,0.359506408962352,10.460952628179824,5.951206140353733,0.3807221224384416,0.3241169853218421
2024-01-26 22:00:00,7.618500793036349,9.56325600599091,6.101189638604026,0.4912615710255488,0.3327275298337264,0.3904753677355617,305.5800253348856,7.143079465831159,205.14662446735264,2.9238256237239737,0.5371935483348876,1.4957123855076786,0.5323897268035724,0.525978865939677,0.4530111399313378
2024-01-12 20:00:00,12.827622554650777,7.44928124940642,6.552281908373255,0.4974865841272111,0.6594450062854011,0.3543324680814033,328.2447301613828,7.809386017018625,210.20207975809203,4.825437462179205,0.5102784450825969,3.613334019451538,2.5318125010880363,0.5627427188054258,0.4319605415454212
2024-02-05 04:00:00,5.878249638011889,7.23084651329939,6.663458595291282,0.457051931686522,0.5688284739573839,0.6488987718227455,331.93688605571026,7.59153218639716,213.6171451157656,2.018816379581377,0.584433431814809,4.6626550182465945,1.5988352061543405,0.5868977798069153,0.4882794812091947
2024-01-19 02:00:00,8.794907628053263,11.161286667613997,8.235838469848693,0.4811014651427319,0.3759201618246599,0.1565982018653341,327.499537988264,8.096442176586942,179.56890108798896,3.9592023880836975,0.4289580133971822,5.704058871446959,1.660713590185029,0.4717405144260934,0.3531666625319335
2024-01-07 09:00:00,11.085251611636732,9.86908598600805,7.681890700094796,0.2655374189517214,0.5848153240958548,0.5676397537065935,331.78091609714085,7.95929168736204,225.0632171199536,4.924795634784898,0.4283544373227015,2.5137913458347048,3.5473175996323016,0.4487033398627513,0.377397332736712
2024-01-04 03:00:00,12.38063948394078,14.762039302536117,5.921091026226992,0.2601641332414751,0.7110260742045883,0.156563929422336,349.8896285600094,7.515849065153507,169.49196633311522,7.117691214578366,0.4009338284495111,10.478109329339103,7.10945666318817,0.4606586800255967,0.3987274969555061
2024-01-31 10:00:00,19.94672353457447,8.113647255392522,7.001053048611342,0.4662656894594181,0.6231472475398248,0.4420895477970721,328.40267557042444,7.319392809444736,223.19360792657565,5.694469342213379,0.5437341735293127,4.493112114260677,3.206482000608564,0.5563157279466555,0.4517269399120359
2024-01-19 14:00:00,12.406912830212123,4.912645792457631,6.384097500413071,0.2222623574198657,0.3716925442183408,0.3962492734631035,339.876556120604,7.605056409848592,212.89084743721256,4.0573399019666,0.3620254663685583,7.448900150018664,5.5432564008907,0.4587336156600807,0.3534964634332398
2024-01-08 20:00:00,9.44099281047549,8.669653549335619,5.927107455433379,0.4633656710526152,0.5725424615050194,0.5886363354895947,334.9764354478506,7.019397628681591,218.9490577796213,3.0054901370824743,0.5769718347727616,4.415942034074355,3.8762455773744766,0.570023423997284,0.4812979954018649
2024-01-12 07:00:00,11.784493796776452,6.308508138118113,8.577902557674413,0.1812867495135341,0.6892947790257883,0.2873541749793413,341.0181446147205,7.684867877447692,189.4264996957348,4.097754518069127,0.3897711457479054,7.643314666079127,0.5,0.4412344794533257,0.3663189806367052
2024-01-10 20:00:00,8.840502516052448,8.724352816474468,8.785733424605393,0.3556205907701043,0.5101788168894241,0.1623730209922551,367.812360754529,8.110615582724904,195.01550773112388,3.879368031820458,0.3840975690382321,8.73077484946368,5.134762086514706,0.4621210330514719,0.3910858048558115
2024-01-21 07:00:00,14.988697399807956,7.368179989976871,9.733786208527542,0.3464845220996684,0.2947532098785707,0.5909627895887971,308.9809850176289,7.699368407564913,225.45948067536463,4.648846398925837,0.4483084330130216,4.182081461271486,0.7991967544315295,0.4615939342032341,0.3991353373201161
2024-01-05 21:00:00,8.770209863451424,10.7240436953074,6.057125487377242,0.3397402202403466,0.2499331686827225,0.312105721020575,380.0,7.598044603364005,182.28303447110076,5.224160034617457,0.4230532819353203,6.293858078110207,4.205157661503769,0.489866196318417,0.3896048497687528
2024-02-09 07:00:00,7.965899072372347,7.210256964727572,9.595172712726304,0.2424297701752418,0.2095585680451694,0.6592600797700849,364.5146129852133,6.866393376864608,213.04883975180843,3.3622771260955715,0.3979642666921658,10.036769817585853,6.0145752634294265,0.4349454488764532,0.3702353031764086
2024-01-22 08:00:00,16.581952593967223,7.387308550827701,7.167691358638874,0.5463090357990166,0.8266527724828918,0.7291738742228433,334.5811634362516,7.602792614953156,234.06668160976983,4.516156637648811,0.7235248012585689,3.116427721891473,7.401755535049787,0.7259192345706866,0.5974006876152088
2024-02-04 09:00:00,10.550809373780442,6.425701575592631,6.362732199098879,0.306776747088736,0.2005384321715806,0.3922017468195284,347.6575671920655,7.958218133366383,207.0829101190027,5.124402645789058,0.4104810833783126,7.27004552575622,3.885247368672872,0.4325757742786787,0.3723225440075242
2024-01-25 15:00:00,11.160389213006766,11.828541477029116,7.710605119786803,0.2946119385101131,0.3317557148581077,0.2291517861223637,303.5363625505818,7.194082486895548,188.70035511704944,6.140324674793193,0.3777996402305265,5.215454634110014,4.368943577306704,0.4241154148088344,0.3484325806496961
2024-01-06 06:00:00,10.278565487670612,11.10410260311138,5.913147353073804,0.3194244040225021,0.1649568669586725,0.1952039269547984,347.64287909473074,8.197859549287724,160.26352007467233,4.724846764674456,0.3329000254332469,9.209756178494494,7.513600185085632,0.3940369715721864,0.3475105971168715
2024-01-05 20:00:00,8.535513592255743,8.05157149695494,5.9646545085954665,0.2628723964496783,0.4795310235214806,0.4729157031621045,380.0,7.615672354279906,212.18758742929137,3.628254127951727,0.3754012255652252,6.714863536332256,10.619388076045333,0.4365309329022663,0.4095915140723942
2024-01-20 17:00:00,6.907031267393301,7.774997868598482,9.929162621776973,0.1993237540918981,0.5519499180124211,0.2262884016449206,329.0276820491351,7.46111060374228,174.98222514112436,1.8212903497464243,0.3453104253471356,4.797146797530025,0.5,0.4188565134301746,0.3415289624532928
2024-01-29 21:00:00,18.11798455835923,5.227880832489179,6.928504396719903,0.4232316512559791,0.2862168151546052,0.142371311663192,308.07290071607844,8.013973091812067,174.60700472201304,4.354244326403445,0.3505533672567945,2.896618751286366,2.3749506792073194,0.4183431535939593,0.3153046818060959
2024-01-03 09:00:00,5.778170259710034,5.113117260247449,7.162938882690559,0.3342136330793788,0.4712946964755191,0.2366264349957892,366.5384515847636,7.357454356425441,193.18786842853072,4.104016286539723,0.3452490636175864,7.226625880757041,2.5987271132361265,0.4213655798121216,0.336132578564239
2024-02-05 23:00:00,11.896962420100122,5.530042306989218,5.775643850754767,0.4405942216753405,0.3254317939538504,0.5859339060221427,309.71799695708563,7.142503827624596,221.3300330923476,2.574021298089566,0.5131378371552273,3.391180737712321,0.5,0.5139087983871997,0.4345876832903304
2024-02-08 00:00:00,6.148195106968089,8.665442605373736,7.783059510599962,0.3602411023202653,0.6991295461951745,0.4136106170041677,356.61871099481834,7.463752502036744,214.6077976327825,2.363359925956622,0.5177777540947516,6.276238796898324,5.371695456311956,0.5440441345962497,0.4746409698414291
2024-01-16 09:00:00,11.940306351843462,18.92038067186303,7.202127817024651,0.1183459820767839,0.3740090968206933,0.7142712622084147,304.4213002856811,7.878791889085768,230.4828149083651,3.931653494135253,0.3297155336817242,3.2415292972263976,4.197095230818503,0.4114977751800907,0.3345491455477038
2024-01-12 04:00:00,7.912042852542601,5.976218763264095,7.879934660426608,0.5171214653045677,0.496758214439792,0.3965144764962267,350.3866945270597,7.445413888761911,211.42875159780547,4.626460776873326,0.5170123355904434,5.5385167434568014,7.106804519414426,0.5677087983046101,0.4272566029405866
2024-01-02 22:00:00,6.025319773720141,7.204074936901106,7.235145316911212,0.611274801734027,0.4584869840491204,0.4088587486571527,359.16797529491816,8.038199254249719,212.58990895307429,3.178502703253789,0.5939508899055627,6.409973666033699,1.8712700270895088,0.6021827899657574,0.5159428299230959
2024-01-15 13:00:00,8.987463281991467,6.8409701444310125,6.642463369292336,0.4166594141742619,0.3005736377922263,0.1593853092377452,323.3803171592872,7.725753636354527,173.86845002378163,4.089804971942152,0.3755268030589291,0.6752898062905324,1.6107586261068678,0.4351156416186004,0.3181606396447872
2024-01-09 03:00:00,9.708712872983543,11.880420431263564,8.206432101785534,0.2827479994191155,0.1752135799151651,0.822500878230176,346.7244731856805,7.487200128185307,219.7303612661601,2.7804947571866423,0.3956792564511963,6.150834404756379,3.0437820504915862,0.4542577215411057,0.3815737267878434
2024-02-11 15:00:00,9.40139455858903,11.840424494116895,5.360061342507402,0.4985214693761988,0.3297805606750555,0.3871026874982058,311.17051709293287,8.107812585280628,201.02689850967164,4.491843827550053,0.4949119852272077,1.046995857277435,0.5,0.4968774071988681,0.3829676111929896
2024-02-04 18:00:00,9.76044925643259,10.053154425226444,5.759958487661868,0.3279043378355714,0.4332263132807313,0.0500637645444118,338.86841787585973,7.789362980014251,167.1366840063277,4.7094719140412,0.3001847667265454,9.53574123137659,5.344447042195068,0.3743146645987013,0.3141665616712495
2024-01-31 16:00:00,4.773049868173113,10.455074512841026,5.732001259747907,0.1982818339669827,0.5197853357530051,0.8171035782099593,323.9833805235404,7.20672358233079,232.6626127387872,3.988280296181645,0.4493272188697135,1.5110546271627334,0.5,0.4821949203131577,0.4057387049126438
2024-01-11 23:00:00,7.80351059563684,9.076535754071006,6.0924152002016525,0.1199079230746473,0.0328323067481424,0.3187989437220868,346.224546951416,7.664655462052742,179.4142669753049,4.120242251157684,0.1936813166751118,8.308101393368972,3.896093214679905,0.2256965719811411,0.212009614043291
2024-01-19 11:00:00,8.292734518245135,6.089080964326429,4.203874544474532,0.3057092610394456,0.457623041261756,0.576534863984009,329.77020134356985,7.352519536552142,231.4752331231811,2.556771315164842,0.4310221727995989,0.5,1.8676282677479776,0.4704865219585797,0.4005504710733396
2024-01-29 03:00:00,5.126180000987393,5.912318031287398,7.062533906442604,0.1280971901377948,0.479759419132198,0.6152066203813543,321.31914708039034,8.007692670951815,219.78657182668877,1.918227976141153,0.4259907943536645,2.3541679211584863,0.5,0.4704596802699768,0.4013623887849066
2024-01-13 16:00:00,12.587640982635325,5.399038015458873,6.264154229831427,0.4924909003429968,0.3372573549501392,0.5410048428210752,340.54315771043787,7.260902324048568,215.96271320118512,4.507458393761792,0.4931507567295617,5.983388822006639,1.115826681426083,0.5076519543849953,0.4357207875059831
2024-01-15 05:00:00,4.735973119209422,12.334666424561334,6.040295307550727,0.6654631155189266,0.6104111077242815,0.1700171958725862,354.2983724946597,6.994272462081578,198.10981541443124,3.0519218238287635,0.5532996689165779,4.90691931690467,5.42413598827478,0.6366379235138647,0.4644378817358561
2024-02-10 06:00:00,14.037630175192533,11.981377475455773,9.286855357700514,0.3025238448260615,0.6678202335887352,0.2462824759426368,338.8682105926037,8.48777322367395,183.57790150262312,6.276516038017017,0.4410485627883404,10.091649646899596,8.493583045677745,0.4731285961179303,0.3954109023046007
2024-01-07 05:00:00,13.614313686587506,8.5914262603486,6.007930998892374,0.2905836497758158,0.6604742345561774,0.4794673460502725,316.9152288771028,7.779671406422093,227.30561776934584,4.693042517689607,0.4844681391434524,5.131608256608606,0.5,0.5359026441615778,0.4228279920160648
2024-01-06 04:00:00,9.69506720836362,10.373790599129965,5.932891824837159,0.3127221143850484,0.2973476537161578,0.1780459932758211,346.5233398891074,8.15685746363261,168.6774452035567,3.4234243979358867,0.301547348040116,4.496331152132081,4.106889389615153,0.3865677477347305,0.2795399620979398
2024-02-02 18:00:00,7.085386279633143,7.863148324781858,7.892752023256061,0.0908189863777594,0.4217415206411036,0.4256569244944065,327.1161433132256,7.440947922934063,212.30509493182095,3.812426308564565,0.3093827106336049,3.164108874495542,4.432006065042045,0.3311263191454576,0.3140248586696404
2024-01-03 02:00:00,9.558774520023764,6.236674178087728,9.13334561522674,0.0985602912405474,0.5113061240845249,0.3946121046642707,366.494062268937,7.81346467508264,190.5945917005617,4.125463005053851,0.2752438984765329,4.5735248088373766,5.917736973177474,0.406591795846739,0.3152213742648986
2024-01-15 17:00:00,7.303145516301981,8.157914177487685,4.854555990982822,0.3784013930930414,0.4179664102190821,0.4029649993679494,312.06007489590974,7.902718239406303,197.36560684566655,1.8386310348497736,0.4429998906515046,1.3778885320916734,0.6435879140904223,0.4951098258404277,0.3825065712669934
2024-02-08 15:00:00,8.258319161188403,6.045988903785662,7.978816749767141,0.4839620644439348,0.3260868802988035,0.5091473434233807,321.9740995544584,7.17037828407598,225.42300554105117,2.8128618552963127,0.5249704744185568,1.651556186335278,1.702816319181696,0.5095588846618196,0.4126098687812263
2024-01-06 22:00:00,11.02817099461052,8.336876139035153,5.761829725037169,0.4810045182412945,0.4614714549443233,0.2247279549784052,308.1844509347576,7.674707980307167,184.14499768378397,3.5246284490336386,0.4351423141230684,2.349373216426883,0.5,0.4935564228584304,0.4055417707841258
2024-01-20 14:00:00,3.783139157014784,8.556077805438724,6.796252989708076,0.1360262119751593,0.3278318117799854,0.4078923944558703,345.2365491796897,7.060163899386279,189.3281579888977,3.820595224635242,0.3026021099595909,8.692082167700015,4.282149317433998,0.359790178706815,0.3160625443485425
2024-01-17 15:00:00,6.773391680336943,10.328137190973038,7.000895687062815,0.5252694787990861,0.8361788605398198,0.6925087258114261,351.4315419528032,8.042052638294342,213.41019039104515,2.427092149543685,0.7016034978476539,11.647763409033203,2.9898195299598704,0.7007552181232947,0.5925555405143017
2024-01-27 01:00:00,8.780127202882621,9.523146414413048,10.191855312018744,0.2896004943131972,0.5414767538215945,0.6760762145992227,309.0651975642552,7.970215981382518,219.65826700363652,4.213759360281733,0.4691672358631587,2.3812451006028845,2.681086790711099,0.5344026911658935,0.3999674968943253
2024-01-14 08:00:00,9.813782782012751,17.298640256772178,9.284780510781712,0.6523890272470784,0.4011522434420379,0.3746224215981131,356.6450520565814,8.410298555868941,222.6845774703798,4.991279242241815,0.5515918282819114,8.776875669039857,6.4197865239293925,0.5931140139987247,0.4517126791104557
2024-01-01 19:00:00,6.117276556117169,7.581353119121306,7.278566208475329,0.1134096222328819,0.1335034023078424,0.2639830863384571,347.10406548554346,7.460237127561426,189.8934605534541,3.2632905076779744,0.2025515896560408,8.61141396559418,0.9823272072051864,0.2929070674158143,0.2618234574224603
2024-02-03 17:00:00,5.706069788107319,9.082675639428295,5.535835392901616,0.1442628277094731,0.8301147160340707,0.7313744190965996,354.7412646081793,7.459962610900675,230.66168108960807,5.294845049780447,0.5755727000724525,9.867369406137232,8.890967895146261,0.5995530422405725,0.4994008672452952
2024-02-02 22:00:00,16.33104304234922,8.708352571049707,4.968586562697946,0.2717188123583354,0.2743386313766775,0.283777368047503,318.66650604398416,7.453398383610164,185.3770738962138,7.009577847451684,0.3301219918342662,5.472691778920693,1.973870886547383,0.4239906843230827,0.3277556337459202
2024-02-03 16:00:00,9.1160387090597,17.783675942586815,5.364679051549207,0.3599975096702149,0.3340351082871423,0.4343539037379433,355.6842639934359,7.5281462948948175,203.6518165522807,4.352507760805605,0.460559437810078,10.560201984196304,7.779333118080762,0.4881448045045648,0.4155826000802656
2024-01-17 23:00:00,9.448453849964874,6.697121218697954,7.183948985195727,0.1495022428339896,0.5925908229237681,0.1451717471371338,328.6003004793873,7.691186351169328,165.1189735035515,3.1770296215344165,0.2957511435882561,2.5026999594397563,0.5,0.3519029286181533,0.3103069275864617
2024-01-23 09:00:00,9.869404552019386,11.522852737010416,7.539916775628924,0.2124897096339829,0.2799189915654469,0.8969471260910044,366.08987130450026,7.792733105677496,230.8835738957217,5.232457234407852,0.4772016039786324,9.675486053420732,6.988513158326764,0.505369081364422,0.4401699911827257
2024-01-26 20:00:00,10.923029277249146,12.018122894486416,7.004823206278181,0.2983403607090318,0.4499459831616622,0.2735400417055409,306.46253075415785,7.710356852640449,181.4155618557573,4.789681567967158,0.3597608201063249,2.510529190119981,3.817524163564795,0.4265227792259228,0.3089466366067197
2024-01-02 14:00:00,10.534504811893427,10.351864287054152,6.30499797775166,0.5279140325704025,0.3759218815752108,0.6026265408838145,344.24818640440657,7.942409787546878,215.54797723409968,4.726984154413265,0.509379946721405,4.551082825002885,6.063581144100526,0.5569481263369683,0.4666225735424191
2024-01-08 07:00:00,5.905842604665157,19.332347497739068,6.804714502382253,0.3007254901616371,0.5783776262377041,0.2733348327416823,368.551563517262,7.060983075021075,171.4184865422585,2.7732541320678923,0.4506002365160888,3.394759318150294,6.540622071440353,0.5361845453721901,0.3963080550696778
2024-01-11 05:00:00,9.818880086553778,12.303012655921554,8.776645456807936,0.2223886794640414,0.7464812528662637,0.3000631120117782,371.6948137035386,7.901375497189338,187.02593475853064,3.146740181961343,0.3935328672587591,9.59085118903606,8.049097310875672,0.4525414621234453,0.3876652806815826
2024-02-04 12:00:00,8.472889228211486,9.809983466965328,6.830597907705054,0.3168357622056367,0.3324358116304504,0.4103349415985047,341.4198698612924,8.265022439614825,189.99126164848764,5.439328242169205,0.4076932660569782,5.464204726918934,7.807905434002652,0.4490566792749019,0.3786090235931283
2024-01-28 19:00:00,9.381231620607473,10.623060786797645,6.662834506767657,0.1602301089795841,0.137303860795031,0.7349646016699519,338.54680491424205,7.993984672889495,223.0098495151215,4.136656012227226,0.3717820146706796,3.1982105801662324,1.9760104339682203,0.4134720931189375,0.3486012184026034
2024-02-01 10:00:00,6.695629109393882,12.054402511589831,8.466729153760156,0.4741164318658559,0.9169272708017036,0.3048228579062387,314.754504522369,7.399452208207324,204.06237904510965,3.542479824702476,0.5426626861449282,1.2222431844144503,0.5493587022259534,0.6002488977460756,0.4519640454285719
2024-02-05 18:00:00,10.898276719462464,6.848498815298672,6.455356755692318,0.2772385775878265,0.5437134208380245,0.270244624111267,317.1056462859724,7.390445903150264,180.85653281372964,3.180021074102344,0.3734154943344942,1.460175373558723,0.5,0.4013753831238079,0.3617902927288183
2024-01-07 10:00:00,9.638437462629064,8.272523529371698,7.185282484840855,0.5794668971005447,0.3771177422685335,0.5458900804143753,335.6053724049118,7.372612173583234,227.9302575005797,2.679650296346028,0.5506587989036558,4.752698581916304,0.5,0.5877945436069235,0.4373221789012457
2024-01-12 23:00:00,7.209448249909251,11.063556624004768,6.176683865166904,0.4435631435075056,0.2615809220251973,0.5290844191126721,328.8580392513908,7.360499790037727,210.85989739451543,4.475952135166484,0.4696731632297852,1.2958936596480193,3.5274596071190247,0.5285983740464477,0.4410262349287933
2024-01-26 02:00:00,6.17495187073211,9.47811612234937,8.724092406208147,0.3141522541599457,0.2395180266254015,0.2161073422908631,316.31938190753294,7.896283846591181,174.55929408181296,2.540252268999497,0.3260805365437582,0.5,0.5,0.3863216558922263,0.3141672451707326
2024-01-24 17:00:00,11.1796454840584,5.394069006367753,8.494095911016904,0.3235621180638337,0.6864530071254049,0.3656171925457274,357.0413482349088,8.84757486352456,189.22868780012112,5.668483835425008,0.4771620185004764,9.542068209147764,3.592914800923264,0.544364672676665,0.4307796240153002
2024-01-31 23:00:00,8.08479816855558,7.381522410183948,7.589568479357533,0.1605555146549845,0.5896450760056731,0.5172325946151852,314.6813185883195,7.811874974642372,213.1655944638452,3.466803932423396,0.419550122594061,3.594890768563043,0.5,0.4795861688899379,0.3774050393570844
2024-01-01 17:00:00,10.03496838659171,5.546944527352298,5.011514244035293,0.3254653938401151,0.4222498642876618,0.3725104488430639,346.5081724789221,6.8688784879864935,214.98805533736933,5.453612539211164,0.4416801969737755,11.224068893709935,6.490832170628498,0.4949489138477667,0.3878144044416194
2024-01-06 07:00:00,8.111212873771164,8.790696911529311,10.369071837143856,0.1197305558168283,0.3059793382056877,0.3037791434654689,349.69377604963427,8.083367857256334,169.72591258635333,2.496370231046184,0.2770424381548058,4.768461640878218,4.965776014242587,0.3817693774375694,0.3176826437604389
2024-01-14 10:00:00,12.12979116056588,4.918883542310588,5.575404585634561,0.1629300366518773,0.1724384266192438,0.3500041252940004,354.3091977831556,7.5629182431434865,185.2082950505998,4.718655894931759,0.2393324589490796,10.414958293294609,6.239282585815159,0.3265355803407832,0.2308368315533245
2024-01-11 15:00:00,9.98308326019604,7.681626565213494,4.792092784744299,0.2067346318656837,0.7589681504057559,0.4149046727931683,338.426887989576,7.246143022584722,216.6070731695772,4.341497881719904,0.3947858636232361,5.139105280935509,1.3806844488114731,0.4762198136666837,0.39242192735413
2024-01-28 09:00:00,10.31299361613204,6.9248245248709015,6.931385578067742,0.2156182277231214,0.7326477185161373,0.5325058799941261,336.6050768879274,8.088639126701077,225.8832381508347,1.7706139272501673,0.4362286632321484,4.498317966352616,2.2571186435176083,0.4749343304417146,0.4032180564796732
2024-02-10 04:00:00,8.638507736994844,11.202863897556904,8.564643621163905,0.4133684064073294,0.3849399099081502,0.2231618083686963,337.1127280689238,8.01093013544472,187.62261516214824,5.17156125776059,0.3401235519149106,4.565303233278029,2.161211840436541,0.4494300453342728,0.3009483288633635
2024-01-08 22:00:00,14.283056558293431,5.639640599443616,6.820247794666964,0.1469594152581443,0.2195605505584379,0.0983674294280347,343.9814034860084,7.874317115054011,148.3450260761391,4.31277774382923,0.2135326239507742,7.379682038639013,3.841199269739224,0.3101732690904878,0.2523535099555855
2024-01-05 19:00:00,9.39109259279461,5.255635870128134,7.051428529593377,0.1496641521338673,0.5468749817661192,0.5226530580439606,380.0,8.020696221050335,212.93212980341025,2.9581924298633093,0.3287779896893292,5.730016023914369,7.48218122784122,0.38148741644412,0.3427434115206466
2024-01-26 16:00:00,6.915048876991673,8.510208823570148,6.611325612770659,0.5913687809645143,0.6825380171256494,0.5712288775294585,312.34241881834674,8.100418394339634,219.9739494995072,3.4850791663345086,0.6191110180337316,2.116355029290426,0.5,0.6269961833981829,0.4877516102196879
2024-01-26 06:00:00,9.914993645260695,8.935722647031822,7.220400475360814,0.3833307093533678,0.0982811599011448,0.0953213906926297,316.6559277916047,8.592441644974263,161.55742537650636,5.563624368950352,0.3412015485139961,8.366671452177064,0.5,0.3914115504350903,0.3155540030902368
2024-01-08 12:00:00,8.704789238763802,10.30052098170813,7.1067696206150375,0.2874308945706726,0.71055642111758,0.284495127433348,349.17048803226834,6.829214717159837,175.87161569285286,4.141369044341854,0.4675006873108606,7.562688008031485,4.466811332834833,0.5333677691725321,0.408131441026022
2024-01-13 13:00:00,10.597008776743188,4.401815645476571,6.164672317405104,0.2299607223802137,0.6467151490716678,0.3960239629569765,331.1717606878835,7.820081851430125,217.73351872420656,4.198203811902404,0.3986101743652885,2.853165532858582,0.5,0.4786929314845466,0.35203539820211
2024-02-01 15:00:00,6.837816152090511,5.5944498172622295,7.14026636306984,0.1894055146277902,0.1494590616505267,0.5156328388522895,313.006653636467,7.356149239141501,203.1179207766776,2.1601319062631825,0.3223468834624975,0.9335882146723368,0.5,0.3385459492492459,0.3038774325052956
2024-01-30 16:00:00,8.600488038412163,8.15746323777331,7.253573366103109,0.293008235201271,0.4169174188254874,0.135149216441186,317.6054077528283,7.508996018462811,157.46786076267392,2.6243903570708422,0.3815467512924356,3.230730594960905,0.5,0.4371020995884225,0.3281177272552503
2024-01-31 03:00:00,9.015792957359508,5.182156194135056,8.937950314417536,0.523874971311707,0.2183623038750919,0.5524111079465552,333.9535032917986,7.160102713835323,202.79220897165607,5.079233913958477,0.4583287119465781,9.620450629987644,4.152121119263305,0.5032528167599587,0.4475293337349909
2024-01-29 13:00:00,11.05427834073199,11.323607935042018,8.431062884904815,0.2840157506583025,0.5418357525694052,0.4485661475702856,314.6457848450354,8.333700518480274,208.83528518766124,2.713786134404555,0.4532309696295266,1.9570120064081304,0.5,0.4913386116484665,0.3844939362970275
2024-02-10 19:00:00,6.752268606936401,12.669089278872626,8.597032176254553,0.3264241289949746,0.5618664109128997,0.3693582425170759,361.2264587919608,7.27830842015279,208.03550059495203,3.765646156272503,0.4421313756606267,8.752669846262327,5.408013850027844,0.501604985715533,0.4302659352133092
2024-01-22 13:00:00,11.82699996480246,7.265126060138693,8.675218242385162,0.0916465106991302,0.4796257417150003,0.3485799715547552,330.2204754469623,6.894294277915477,194.66019410475752,4.522216703206087,0.3258163484975219,4.130688452787097,2.6360316744338053,0.404684356802552,0.2898624147014629
2024-02-11 00:00:00,9.765226093486383,10.199615448739848,11.3551083402448,0.5006921552028064,0.4227152282790161,0.1679305219903207,326.1642639604272,7.933136446720195,186.08359804242832,5.378543156806252,0.4176960204259553,4.358285135006657,3.82427851970643,0.4452198696168138,0.3329461184003517
2024-01-02 21:00:00,8.189761226076275,8.802772543682918,6.533827808477409,0.7869480746924699,0.4774287553880636,0.4777175374341924,358.9949081677076,8.106994571865318,235.5787098230805,3.8688410549038585,0.6877760889746595,8.675900784557951,6.391537522819682,0.7079591321182511,0.5635715197801858
2024-02-07 21:00:00,11.290107916471404,4.7639146545678965,5.355429843723129,0.1245128206312416,0.3738530604308982,0.5159886788045404,366.42277321153455,7.433082592714563,200.59644288981704,2.8510818764439785,0.3458868467594432,7.731264319021849,7.402805620469566,0.4152713234351911,0.3662232841332155
2024-01-07 13:00:00,8.64411924525872,7.702159455479916,7.317718371923715,0.6078931075989777,0.4409431963116625,0.3416672984588072,338.0571128913133,7.508836619717597,213.04017087733104,3.8436077170417167,0.5001782389283964,3.931124101302486,3.034789038331743,0.5632549020847215,0.4310661907431776
2024-02-05 11:00:00,11.30684987747724,9.879406571654526,9.946181227703445,0.1461013791325556,0.54036171396863,0.374799518726399,329.1225013410269,8.466480090909547,190.25488348150697,4.047513560372231,0.3611735406678871,2.3932083497360983,1.986602220139652,0.4265078785862036,0.3275399434842703
2024-01-08 03:00:00,9.83008848403818,8.929459512664014,8.16854942414745,0.2992986936186985,0.3084702914839556,0.3011123353527225,369.2201035425402,7.498332009536171,165.24266231787988,2.989596393198521,0.3409504407021713,10.489827644864194,3.851513041385644,0.4076608305945629,0.3247812012265781
2024-01-01 16:00:00,11.178340974717706,6.632122457010421,7.333202598825482,0.1847598240458121,0.4146953527559123,0.3482129055472761,343.48763248488666,7.166928424621148,206.07784262259196,4.513041642420402,0.3562287151521021,7.938039110841881,2.0411945086881533,0.4020353373340308,0.3615069655812308
2024-01-22 07:00:00,9.271871181017373,10.385309424139775,9.640949758290034,0.3081155559466105,0.1464937596367531,0.2932036923304552,339.80250796533096,7.183595667043746,179.05228151522363,3.0842459864235536,0.3356066459014961,7.738435969181124,3.7860701848465306,0.3805301630538835,0.2556752459641679
2024-01-03 00:00:00,7.4760374351574415,7.855370369114939,6.456204658096132,0.5133553134415596,0.7283113482439139,0.2085366685844892,361.3837198661448,8.004071200384661,192.9277189682813,5.203868855254425,0.5525087219106932,10.58533592645668,9.135114289824102,0.6114976546228428,0.4576688143729555
2024-02-10 11:00:00,7.625734760210808,7.206473677333911,6.801008151265236,0.2987872702505122,0.2953697588780909,0.5624772623286828,351.3844418213403,7.639244099712327,203.98935520904712,2.8048627560386103,0.3800650697677093,4.397927868214671,2.363839976201816,0.4497646069041457,0.3183813987523206
2024-02-09 04:00:00,10.293817738983671,8.400255231412157,5.600370007621584,0.6206187750731321,0.2399995011375987,0.4524533336876498,360.6134756355055,7.242906269651132,191.32556134591303,4.878665849946348,0.5279466125560219,5.206142291061929,6.0171075435880494,0.5416992871124698,0.4605280990320644
2024-01-22 11:00:00,10.195814836785043,8.323761747523694,8.729721465190243,0.3214190006802457,0.2708341355201408,0.3910774625768148,326.700926784612,7.181150651453805,195.0298510838512,3.8010762464272903,0.3553641957648507,3.111915459686481,2.537201945078243,0.4317309814777016,0.2985567835621574
2024-02-09 16:00:00,5.584680929054316,10.22071459710216,7.092021006239563,0.3406193670865708,0.2530681771964433,0.3926654773310262,358.61358678676925,7.516091703424896,185.9578718057856,3.04186823525151,0.351831966047178,5.31979526786181,8.476980921765763,0.4482720661608373,0.3240465464607546
2024-01-21 00:00:00,13.93950733884768,6.918562635005388,8.466083413755934,0.3475457874504574,0.4807605241071726,0.4953847937132146,308.3673966018981,8.078516220533805,200.07565825020356,3.212615107298269,0.4629837551106061,2.937415915166454,0.5,0.4854244078486588,0.4310616177701032
2024-01-12 19:00:00,10.907809308890604,5.456299109588283,8.325222379693361,0.2719790280543309,0.3037098519630635,0.4648348667572129,324.33814287653246,7.913367035631882,203.6243353151776,4.797910706005228,0.4012175942318421,5.815745922865277,0.5,0.4379947439250405,0.339617310246027
2024-01-30 22:00:00,11.45764362922668,7.561606536246757,7.596307937960183,0.2577828282086283,0.4217118532430054,0.1850439838595742,327.2027587164987,7.122053633262579,163.3584014201703,4.113885092360476,0.3022147139202616,1.3649317481228378,0.5,0.3881235541153784,0.3096970715917417
2024-02-06 13:00:00,6.7608138623253575,5.935432423095579,7.220701388524938,0.2239112126578627,0.6792713186344527,0.1111477240410005,336.50578759927504,6.942461459730654,175.7305199050245,2.244473166016331,0.3455458434273996,4.041891475526103,3.227290335169966,0.4199003408529911,0.2882773120511603
2024-01-10 09:00:00,9.703152683397098,5.690480359904294,7.740292088308897,0.5981163202649247,0.1518924972011926,0.3178846965701045,324.85401036290364,7.649706530372124,187.58578957230824,3.4613776322054908,0.419333555347381,0.5,0.6269278996439649,0.4713638646179856,0.3838678750308288
2024-01-02 02:00:00,14.825093710938171,10.546566401181192,12.39959057036225,0.0271293019699997,0.4996546263824311,0.4741935791219219,356.754443146978,7.26986559944376,216.32974859677483,5.54486439351575,0.3091433665726854,13.91817806193436,8.440465328305043,0.3962266264392748,0.3332817810643533
2024-02-09 18:00:00,11.066769185179636,8.14593982515606,6.2784927384152045,0.1385393242941195,0.163394583734474,0.1640625776059455,354.2446656017275,7.241691442313536,143.4476419264592,4.531145078177706,0.2265251915704196,7.053678171329105,4.705154681726114,0.2977053233776118,0.2283429693973775
2024-01-19 05:00:00,8.447776472786062,6.368989613512968,5.141928499716443,0.2551263569259507,0.4532728467470905,0.6546630777603755,321.464494716959,7.530659486491217,228.4413521190275,2.105306596114098,0.3973623790262154,0.5,0.5,0.4400389298352604,0.3730782477049268
2024-02-09 15:00:00,7.822587663747315,5.557133827294346,6.877883703051501,0.4742583774447277,0.7321044626057069,0.4023128028323489,359.8820916412815,7.36744012934864,199.97888661985647,1.915351703333769,0.5820727497915291,7.61116245188844,4.837318364235392,0.6120413828102359,0.5241289712694438
2024-01-16 04:00:00,7.812696189713238,4.808426148293836,7.468193271544654,0.1056018188399276,0.2970214256439287,0.2491287810435485,308.3270165659055,6.78163254404665,169.62388888330452,1.6866217917392576,0.2146924786907537,1.5182440871860463,1.977845370551904,0.2970479143254403,0.2238988120663734
2024-01-10 13:00:00,6.842868176331802,6.996216125561031,5.217344473999708,0.7207124274498654,0.5705049657115437,0.3956056300087834,336.2355931730834,7.457774577843693,213.77954875408204,4.511977755862123,0.6095272751327642,2.9059905029919517,1.1391583877863405,0.6307680745419263,0.5227596307245822
2024-01-02 13:00:00,9.765585173292232,4.683634097356248,6.7470520156097,0.4474373947242057,0.2406783521153515,0.4903412311734574,339.1887321341032,7.867014114758347,197.66920677108703,2.543020373945816,0.4887130831035441,0.5,0.9400681203088168,0.5286148947263923,0.3939527022332561
2024-02-10 05:00:00,7.654171601652303,12.434110410060894,7.65095241614707,0.5341976904991699,0.3094704616141847,0.2806035725021251,337.37712131539155,8.000789336892307,191.3469081813005,4.516380928376078,0.4564510645495174,8.555350755951938,5.686149876200646,0.5036435116371866,0.4151935648591088
2024-01-16 14:00:00,10.796049066743729,6.801115555833176,8.223257642850857,0.0411575525830815,0.4646856843510896,0.6270459514346562,312.8483217304467,7.71805759771208,202.7678709427959,5.177531396868303,0.3435098349831644,6.046128919935412,0.5,0.3886417345477908,0.3573534753367108
2024-01-20 13:00:00,7.809223160283498,5.802288038834595,5.853699269223176,0.47897921396519,0.3077194774409312,0.7229838397835563,350.4632533767679,7.002531936451292,235.67686740661068,2.571837512084873,0.5434519541965493,7.820354806934135,4.038190297411359,0.551152992814875,0.4752268990491369
2024-02-10 07:00:00,6.678644441247438,6.697632919540828,7.579566061037402,0.5228902576915541,0.4773344190166806,0.297760399529446,338.7137534643624,8.11196217028998,188.02014743941,4.469720617669667,0.5097313944973924,3.802573560186135,6.896987961862651,0.5780849585958805,0.4479076370442478
2024-02-05 10:00:00,13.036740830954106,10.123176169489351,7.398992742109358,0.1811542758997505,0.3968674325605852,0.8685906228398267,327.441759883636,8.29333880252379,226.0120875892012,4.944350538473476,0.481179843814037,6.596954691616247,0.5,0.5163966642839312,0.3962421472011476
2024-01-30 08:00:00,6.76755602882626,12.480060256753667,8.276920436179319,0.4175183404174701,0.4039889022322504,0.3802605936261555,334.8151524054712,7.907535182759838,203.90732332150677,4.25378370824407,0.4274800545032073,5.517140295519606,1.3363732461086797,0.4450829882177499,0.3654397982190839
2024-02-05 01:00:00,9.810352687913008,8.610672978102519,7.079937619051314,0.1142493059564424,0.4667387277519037,0.5505604829638535,338.70351895336086,7.249008720717317,198.4878621092056,3.592906659610072,0.4240654293176354,5.469754143570248,0.5,0.4396287184071449,0.3598522172420497
2024-01-09 02:00:00,9.267022037516366,5.725218197192315,8.109673185483162,0.1003411960930042,0.5882079329827974,0.5044377452201761,347.94073930613274,7.431041409533849,191.3869850807304,4.427231904392868,0.4250050935478993,6.364823855771364,1.908653785480293,0.4959833317323882,0.3939033378774473
2024-02-05 14:00:00,11.591504979101328,8.120246529100537,9.012395297748922,0.2078034744298193,0.4555870461490614,0.0644397093934648,329.44578471914843,7.578170243489136,164.15217424805843,3.8723705115250873,0.2840658184771031,1.6705150004810188,0.5,0.4194138637531991,0.3081575705651387
2024-02-06 00:00:00,10.018382595618984,10.298958215389966,11.254109915174023,0.1496566454782431,0.3875307454841427,0.7015021225575208,308.71324804290896,7.225914983286954,230.69530983092625,4.174389943872304,0.4066076300531431,6.479224242510936,0.5638470837961319,0.4287057247415105,0.3971109375355025
2024-01-21 23:00:00,9.562240858203925,6.608381018461601,4.946652702359315,0.6604872683630997,0.4308884896500923,0.5339260361503347,350.84183252547444,7.2970282912381474,227.6541963463266,4.284191455652547,0.6411753714288738,10.61144684463836,5.896823182789016,0.688429128047717,0.5857749488159836
2024-02-10 09:00:00,9.464394647728405,4.77572120721364,8.97748458707062,0.5878624343229101,0.574660625005438,0.1972695601299969,342.834803813325,7.959117575066575,178.97442449300482,4.0369332908275135,0.5217198306713543,8.85004179958647,3.2786089098233635,0.5663874611999786,0.4423819182456385
2024-02-04 14:00:00,8.572043808648393,7.043373592904814,5.435650285385529,0.1789773075601232,0.1329447884803198,0.5897436695565202,336.6062173994206,8.179149244375829,214.5342411266679,4.474225937447777,0.2952043507026214,8.753820094921782,0.6433361564837026,0.3201427694613815,0.3097478582227817
2024-01-25 03:00:00,6.183773437324119,7.235441588652319,10.289018032989055,0.2996938050815664,0.4326743548382598,0.5480599867018469,326.0434466255043,8.617345350831426,222.52048888975256,1.6287637200433145,0.443283909957417,1.06544604561496,0.5,0.4762749339444616,0.3675013987021572
2024-02-10 08:00:00,15.156353163378975,3.5297343370186915,7.417754308577737,0.0699790297143253,0.7401021497923189,0.7145442624113212,339.83670228740255,7.821966316678838,219.65784001061172,4.843443437088284,0.4770553761589577,9.575528381740646,4.572235368831317,0.4862378791282041,0.4188229171677223
2024-01-07 18:00:00,4.7930400314851855,10.375599877536697,7.15073848446025,0.3730511371902793,0.7153803426918187,0.7222681501013145,361.4642433896878,7.319293969949315,236.17441472564064,1.2540611372931147,0.5921270537104378,9.937722285480802,3.9431506440084174,0.6884798241414244,0.4954883362418127
2024-02-07 20:00:00,5.45244488801715,3.5074179649155504,7.42994782926458,0.39103908094357,0.5124608667545086,0.1908330001469508,370.3095368016173,7.71855557300001,173.54340598531525,2.008697511327984,0.418916172426194,6.244599523399736,4.449386880372336,0.5151690024921016,0.3938410508927719
2024-01-07 08:00:00,7.489317269746252,10.687372404472988,5.317701061791855,0.5214250010389602,0.6053413935124028,0.4318497205286792,328.13443604761693,7.875123686363775,220.57786542695408,3.192886070908002,0.5883942818754223,5.412336445114791,1.42169131979218,0.6317811335638256,0.4827645402904309
2024-02-03 09:00:00,7.388231247607382,10.948485906744702,8.51219955170311,0.3401400481074405,0.1200678439686992,0.3566190784160369,334.11356230586307,7.8165796258668445,180.54741099165253,4.458145230386212,0.3578500266692266,5.440065788291517,2.963517977466164,0.4150395424532364,0.3252396157262494
2024-02-11 09:00:00,10.232168048650932,5.504973459013664,9.32696644548745,0.1801866783985709,0.4738860750499619,0.5323977347284894,300.0,8.236708744025984,218.65994590681436,3.959225020507475,0.384980981011658,2.087652015206363,1.4895355460807338,0.43154643148171,0.3362485712185301
2024-02-01 11:00:00,8.058824023008958,4.521574428506391,8.590817311860748,0.232202577405812,0.5102476114123591,0.5398631355755087,315.7496197526673,7.288516882538602,223.4650060428324,1.8116640934172048,0.4487617873796441,0.8983844634942721,0.7227549801879419,0.4599975475682036,0.4044266899186101
2024-01-05 15:00:00,7.2544267037353345,3.8631510090052736,4.952349749136675,0.1760337774457424,0.4292584421634838,0.5669028270926648,379.7705710461636,8.299763587140442,215.59306854929247,2.486710491842527,0.3768440934860018,8.448096472028448,6.281254291180773,0.4475429389776721,0.3634890687433512
2024-01-10 10:00:00,12.656984148038,7.835961206414623,5.502264585638592,0.1053693778526994,0.2191775028061187,0.3854240350679311,330.5326640652279,7.302179536632525,179.1953447526626,3.3089028334944093,0.228016969671938,5.118928531927415,0.7948745043497926,0.3296651024268764,0.2970194008261717
2024-01-29 16:00:00,5.866189138569612,5.960123222707194,7.565886747532231,0.2836538207264049,0.8555537844624117,0.2933962703669243,307.0990385657048,7.836467032883987,194.1781672016592,2.5245081608959263,0.4405195678323212,2.0342820820611327,0.5,0.5021934867851359,0.3761470587023862
2024-01-05 07:00:00,9.379844513946653,7.547469771099125,8.896346238143803,0.1296324399040677,0.2137984948368892,0.3929901185701963,364.0100401230032,7.456622161641016,193.81241714017943,4.955852049559188,0.260485611598056,8.216009309203173,4.834139186325169,0.3261741124012772,0.258756016147476
2024-01-18 13:00:00,10.189506958008748,10.971021485923814,4.803754245552812,0.2596891833664889,0.6629615938074297,0.4959785424659661,329.89761484667594,8.05580334221725,206.35472752809392,4.507790971829692,0.5121889430698302,1.3574974893016654,6.560884954334437,0.5302991819638067,0.4101113565054727
2024-01-18 11:00:00,13.762895148886104,4.707315510044387,7.247059351566624,0.2658924003297219,0.2891505941247991,0.2763971565584827,332.9454778026015,7.547945263567669,182.6619487830518,3.813206911870432,0.370621964383481,5.900616133501558,1.2376327587250802,0.4171377413167395,0.3261471304288502
2024-02-01 06:00:00,8.928522401533415,8.599040572756142,7.996651235603904,0.3041402367267555,0.4232417091242459,0.2667868723331292,314.8231511154648,7.63817262459968,191.2576718001194,4.062724680293185,0.3929834720130866,2.7084683599906225,0.5,0.4349991168201213,0.3658244808981416
2024-01-25 10:00:00,8.939463543801631,4.093676182056453,4.843109545448208,0.3109500932437327,0.7290412002246106,0.1312004250112344,309.676825774131,7.059899256776548,179.62507568688324,3.453649859918204,0.5012938790222935,3.131413322281851,0.5,0.4928847925459136,0.4299807350830555
2024-02-02 12:00:00,9.954185944351726,6.892523911625271,8.243389194122722,0.2402081860421921,0.9631750975434874,0.4160946189322056,310.4883702879323,7.228812992006949,217.1652354156245,4.410737582667297,0.54645846924618,4.184920022692864,0.5,0.5689248481626413,0.4505100326454526
2024-01-29 00:00:00,8.961530963788961,6.441359989682574,5.383207205867644,0.2736112776158269,0.2864223296077465,0.4310569350631281,327.16709332968543,7.883098815939739,209.4382160099421,4.56443616378548,0.3372458756281229,4.360888377756384,3.868437025996484,0.4278420449853866,0.3103000783771891
2024-01-05 23:00:00,5.971698209254374,7.7087303188057055,5.269330347921998,0.3734384113830508,0.3872730736142069,0.3821283511279575,369.2330822294324,7.610968654346874,198.3466927951508,3.0973379345241403,0.3991161141215784,9.41989260998936,3.3675789095719195,0.4415351037026207,0.3857298857153077
2024-01-03 05:00:00,11.719566087263972,7.970658999887898,5.77937293208467,0.1667111415422104,0.3353215723748352,0.6942114470005574,370.379504324505,7.592225511921724,228.62207771769664,5.091434160908969,0.3657470214452264,8.422412601394015,5.6986356646897605,0.4729357762541595,0.3563734316941928
2024-01-07 07:00:00,10.96880475212256,9.001335965117285,6.127527912581029,0.8189517230818413,0.5470029364688118,0.5518572906313471,322.6101776565073,7.406022161673207,236.69906981716272,2.19050104975259,0.7467066090889801,3.705796440913829,0.5,0.6944596860034316,0.5744037689012081
2024-01-17 19:00:00,5.912781053882578,5.015575399518183,6.354604274128405,0.4832533738833537,0.2843294270870637,0.7234973202008845,344.64193582353346,8.331175559164839,235.3108236706117,1.0524578440447152,0.5676653444127788,4.8174449289360055,0.5,0.5698323216495259,0.4719014641776589
2024-02-09 09:00:00,11.30801528653506,8.314195059439276,6.277544530877119,0.3419681867331278,0.5274746954178138,0.6373240342965536,368.2512343011419,7.071022840907588,216.2348018856836,4.013279343947094,0.4568829118580662,10.241012818860586,6.457209315530198,0.4914457240430524,0.391860451390131
2024-01-09 15:00:00,9.201211153421584,7.936442550657454,8.440374943741308,0.4245079280426727,0.0716080268500727,0.3091830951421758,331.8279466078112,7.318789286801103,196.7044869509387,4.6644252743494565,0.3680028211869707,4.891438904779687,1.494392038820705,0.4094479100434633,0.325031387332473
2024-01-28 10:00:00,13.221750692791906,7.761282275183921,11.081267772135597,0.181397433948706,0.6747894697182815,0.4370232896700821,338.8563739474898,8.165847261603453,216.3141717215048,3.815602765717999,0.4365230909399812,7.496837021682614,2.6421670605558782,0.4746275241225337,0.3858262282114291
2024-02-05 03:00:00,5.832948347387164,6.58147973203878,7.648229021866557,0.2650615029209711,0.8247258745589143,0.2635729243673873,332.6898857643719,7.475810545812722,175.23727784325362,2.3648034676040512,0.4163866627002834,3.828750836198601,0.5,0.4902809899978253,0.3841474317910442
2024-02-01 18:00:00,8.714232821201566,4.918144409737763,6.882681100699975,0.3461267824821093,0.267073599642295,0.4121158885959124,303.3146244108893,7.468642656469341,190.04166550033048,5.043218309894651,0.3675005983841671,5.397226142911052,0.5844648967645676,0.411233728129618,0.3473546882867119
2024-01-01 08:00:00,7.683165395510653,10.337102769973182,7.6902910064086,0.0915544068182673,0.1747450101266649,0.6702944454929475,330.3879513364824,8.19445466640002,241.73978807125096,2.8152510204611567,0.3059406482396695,6.426078652141809,0.5,0.3720982729511487,0.280745733498421
2024-02-03 15:00:00,11.6337472862116,6.742949133444748,8.263263893571917,0.3656653445901215,0.3549932443964267,0.7631940784716132,351.1880955711139,7.16942020177288,231.2243751262428,3.736218243454224,0.5230169093692049,9.141968520871565,2.186612086863182,0.54038520127501,0.4521346765601117
2024-01-02 12:00:00,11.882781834949627,8.091511453014869,5.03216400778953,0.2374313567086788,0.1194755556393982,0.6032585715517532,334.4661268135693,7.752986245923446,213.3972882276728,6.484995254529704,0.3047166833178869,6.243087033619807,6.4036793810011545,0.3528745196904495,0.3034820595660557
2024-01-19 20:00:00,8.454891302050706,3.634574247291797,8.741945997006681,0.1806752988943873,0.2154138414760398,0.5254388365935009,352.83298812587367,7.614047983589814,218.212180294234,4.688326217773319,0.3040589008081056,8.270921359504575,0.5,0.3737454996636974,0.3256480299736994
2024-01-28 03:00:00,10.609128846359518,6.498224332481469,7.82334000342064,0.2410908755608078,0.474060460375349,0.3300679970842272,335.68571767898965,8.168925901981428,197.17937600335043,1.7095126920407506,0.3814285459178551,3.1605227492079804,0.8208415060128623,0.430304345298341,0.3434865055579121
2024-01-11 13:00:00,9.158881565430164,7.889435036205499,9.36660369266439,0.2531831897548361,0.439129190945632,0.1611263732408018,344.36209621703546,7.125201596697936,169.66499800911325,3.5117568677571454,0.3585770091493129,7.72741142179846,3.018448135794757,0.4309287863093083,0.350023833790633
2024-01-13 15:00:00,13.07628541112743,8.833539557547237,8.419129061767006,0.0589471417996431,0.5883784977721145,0.1926318347880551,336.9969306768559,7.627100227179508,178.21595802448238,3.904770035552109,0.2319660803678323,5.617702190794439,5.079174687982748,0.310904767726752,0.2373710355917061
2024-02-01 02:00:00,9.727389421759906,5.476153810934664,7.302081979665732,0.3478613064256175,0.1950034114569608,0.6196896672580795,310.4028317968048,7.753938774661048,223.11472044875103,2.6720814714121346,0.4065151891261208,2.6325230462305345,0.5,0.4426591674567434,0.3503088519032111
2024-01-24 19:00:00,6.9641357374080055,8.683117250213733,8.493456987446768,0.1044850127427301,0.4225830791101713,0.4516989059985098,353.03473415384883,8.366118055722405,207.04765100499984,2.5615896149459654,0.3212298603678437,3.489515480109401,4.098308035819191,0.3804846515563272,0.2817805478269988
2024-01-26 23:00:00,5.991238894941436,6.087277374249718,6.664943312529329,0.6026259436252589,0.416393487057219,0.0941268992629091,305.6664823559507,7.962804386323502,175.10706744131096,3.844652421372896,0.4744878059801767,4.129947628906992,0.5,0.483276772973639,0.395901102125559
2024-01-31 12:00:00,10.437072539726882,5.710993137755037,5.364027934494325,0.2150340031403647,0.7699820362977156,0.6269839927493936,327.83162363771066,6.991124563022805,214.8697166559552,2.889219720649213,0.5356164662294858,2.9837785275769844,0.5132022632926525,0.5479221151257966,0.4525136001846888
2024-02-07 03:00:00,11.691598546686118,7.000535106044106,6.973985740759304,0.4650621085216158,0.3085658967657509,0.7508995698972767,339.9515464209976,8.167655277387052,212.22679761563825,3.5405653196009896,0.5423998092057674,7.908725652110096,2.698092038945516,0.5758897946527413,0.4785046777753702
2024-01-11 22:00:00,10.46984304601808,8.358062923766648,4.891497760169475,0.167988736264411,0.5321075562623269,0.3454747770346865,343.99783257525274,8.051093567150632,192.8204593453728,4.383120545030548,0.3222141569676565,10.37373340861892,4.995424201841723,0.3981290153084367,0.3321096567414562
2024-01-26 10:00:00,12.697440958673988,6.044937177876538,7.331053621318663,0.4077266347369107,0.5031243270608775,0.2816071399258767,319.1013179356324,7.687924033658724,178.22133199080707,3.349918723338638,0.4653920942598184,3.539967411382622,0.5,0.5230476729665429,0.4276198265575562
2024-01-13 09:00:00,9.421392281434368,9.794375003094467,6.414296819090589,0.428324546536508,0.4134413668969095,0.3132065218446316,327.14674096887927,7.544187702169421,210.4076222835131,3.812022689131844,0.4604655015081103,3.4906788901155563,0.5125883573996496,0.4878117408106689,0.3965546830426622
2024-01-18 06:00:00,4.638703208720435,10.514396616286126,7.678518926639049,0.2292310607986362,0.4249133961388143,0.2233684530305113,334.8825887220916,7.049967629420882,171.59060643958992,3.8970517883371945,0.360561612099291,8.350873615917905,2.030016645686689,0.4204352386858178,0.3574795348114696
2024-01-07 06:00:00,8.993618381607522,8.722756039429038,7.076286462326502,0.3808657287352757,0.3071555576730784,0.3262486760943739,317.9223789778541,7.626057245824056,203.21957021390747,3.1925779679206343,0.4224046399665223,2.834814515766022,3.5553738782848043,0.4446901553869212,0.3756889026195397
2024-02-02 20:00:00,10.003768540536448,5.21706853461429,6.012880353714192,0.2929828991387971,0.5741722764613378,0.6452965119142033,325.43132040091086,6.916637752024679,239.1350858172256,3.082731714408051,0.4791773820205117,6.025022888407703,1.799693302179485,0.5063850079737373,0.4084098346823906
2024-01-27 16:00:00,8.860228573604914,7.18707604042566,9.23159134049402,0.1132862071127795,0.4256671170839942,0.3991130445995242,300.0,7.119250278554009,188.3512227773748,4.558140467511717,0.3359959661858558,5.271061941207998,3.605534872866172,0.3992311604168262,0.3320296825797224
2024-02-07 01:00:00,9.674589788208914,7.44167073203747,5.736071720454935,0.4394797205698372,0.4694679045923834,0.387260397910829,342.7628415788316,7.719552084303842,191.0497972315538,4.498994905422485,0.4491546998945444,6.610897821483323,4.491474527118573,0.5147719778505121,0.404689008345123
2024-01-23 22:00:00,13.828951397727437,11.44356624493114,6.990528379284839,0.7742843979664411,0.3710818533421024,0.4886051958302831,380.0,8.059000703576825,211.06663436853609,4.136000707772057,0.7257950426293079,12.17481496034165,6.067105614315606,0.7237978346729181,0.5828415691890454
2024-02-06 22:00:00,11.560443837603428,7.813064274824256,6.531283036140553,0.2571840709954614,0.4668382140293898,0.8355935893255196,348.46881260557745,7.284694940261249,246.3334648196018,6.213280242723739,0.5078757324046869,9.064574223677091,5.918760822330615,0.5963124322111268,0.4587772659058739
2024-01-21 08:00:00,9.566950219063571,8.58932233211776,5.964238914658765,0.1448197578490777,0.4238433145541361,0.1587696490814616,308.54748886827906,7.118201297937805,166.09353506841796,3.800234211292123,0.2769121266155017,3.2143257939675096,1.6370711877400432,0.3375565550883743,0.2692729994226598
2024-01-07 03:00:00,9.969795765534665,9.72719405296986,7.549563356606677,0.2431917557485994,0.3565700205751183,0.3522920199733303,314.17270612132023,8.396050854767925,206.95058659581048,3.698135815919802,0.30463146488716,1.0328344754712937,0.5,0.3473580076351361,0.3448977402679463
2024-01-07 02:00:00,8.899716311657265,8.768575023675385,8.242845892570765,0.3382876157900453,0.2456593053293416,0.4614356542953237,311.8048067811244,8.272231266585901,215.0522166682032,4.568691959772354,0.3731778729917319,4.377858765932275,2.497662495010357,0.3997449951306074,0.3176162142151223
2024-01-31 00:00:00,10.665570668103276,6.91363401634873,7.953704078432453,0.2416979917616543,0.3340816599943491,0.5060326997138666,333.9994685504946,7.919002208737867,204.26742252403463,4.076199891682944,0.3508122586808843,2.7959543328235363,2.69725087313253,0.3946803804150199,0.3639354530027975
2024-02-08 19:00:00,7.609985768578597,5.613255769465803,5.781732457898129,0.0926762611358135,0.7333887944961265,0.384349040901496,338.67052134325866,7.360771528936789,203.09288186353464,1.9499143095197664,0.3955071559585498,5.768738790472362,0.8348980618536377,0.3917524875264014,0.3815208919075508
2024-01-31 19:00:00,7.958853062966453,8.108062408757895,6.58408856379467,0.30746786126806,0.1287099893041212,0.162360410729148,314.064637701219,7.402478524693824,165.69288233063958,4.459168679371091,0.2349658659216372,0.5,0.5,0.3386645484101778,0.2501211345000574
2024-01-28 11:00:00,4.908336781712681,12.386794627743448,7.030890491536341,0.4903036474855698,0.7056754177998922,0.4123361517200606,342.6960643159583,7.56221928179022,203.16545692790424,2.705490367387028,0.6199759640974452,7.609881428891814,2.886911659135974,0.6345528362395162,0.5022220493914235
2024-01-15 12:00:00,16.209629061017647,8.582444842586112,8.655679451265582,0.4066929664010147,0.5279951240461772,0.341893600299132,328.26364463138725,7.410844547970941,194.0879955435244,5.489003420563506,0.5369816983624501,3.3446288340584807,0.9897962320991512,0.5567340696913592,0.4398294273739527
2024-01-20 07:00:00,9.034792121370453,5.239995368898677,4.921027660184933,0.432643817922972,0.2007316792844113,0.9432309397938556,373.32363808783816,7.287266067609511,238.67818705411628,2.506577008058886,0.5270190286420623,2.89426671477297,2.631049802783944,0.5468025819964326,0.4778961856734375
2024-01-14 13:00:00,8.149593463245393,11.419594406890695,6.219352942015832,0.4859923807708395,0.3376337560023134,0.375143076702665,341.43841253205846,7.630105976285329,210.4163193924505,3.3940765778215614,0.4449673800683218,5.291133460461464,4.599583262201524,0.4951922226629685,0.4121949126536464
2024-01-08 18:00:00,7.711610110954312,5.038214090373097,6.628504906757267,0.3598868954533066,0.2227556934188924,0.34637311003157,326.5120840557451,7.4709215281083985,181.8139569449713,2.59441721010005,0.377762409749442,3.4980505606745007,0.8024500593959463,0.3808324932549545,0.3513930394643619
2024-01-06 03:00:00,8.084546992559858,8.947785571506872,9.16876543157604,0.6455026735250223,0.7140377256275755,0.7342283186518405,350.5916395520852,8.398110251754847,231.0379850835472,3.408529635029552,0.6912819112269892,6.159982183714731,3.135971183560708,0.6719124900864172,0.5905342665241737
2024-02-05 13:00:00,5.272482705765082,4.582047100100275,8.92672499432945,0.3209017596670678,0.0941710970019848,0.1500741323675414,331.0705781575609,8.138286704887356,162.5350758637899,1.40016085760372,0.2754567464678785,1.2881008904713296,1.5320152022181803,0.3344991298352013,0.2383092233698432
2024-01-26 08:00:00,6.897758738390411,9.4706507384885,4.760906626414916,0.0834394243862455,0.3575832417985808,0.2154851998662835,320.29174668540804,7.900367981602619,163.22718726106424,3.120319318597316,0.2482763814774588,1.2090405590260285,1.1760156699709718,0.3006165097210088,0.275966190729909
2024-01-06 23:00:00,13.51230162693893,8.94829648241476,7.17728585094768,0.08508236649965,0.4977851192750681,0.3147541868874124,308.2053330343324,7.862280698469522,188.8881744163476,4.192394276704807,0.3279986722153134,2.74468179612891,1.9384014319509344,0.3740991694480022,0.288507337675255
2024-02-09 22:00:00,6.198186244840949,10.440860244235637,8.125308185017504,0.3793481622767199,0.5220355414008621,0.4870394911306278,342.4045348435246,7.6211715992502524,209.8106328201544,2.54120011502635,0.497719404245263,6.184240689956155,3.35465223980525,0.5297188058742275,0.4401944181731733
2024-01-09 05:00:00,8.075258218172177,9.640157224123609,6.642451711729452,0.2794270872731337,0.5640350389338931,0.6713210250021391,348.95401617865355,7.941498272807115,216.77664723539925,3.0219174290552213,0.5080623938272628,7.523354401306788,4.591853451444672,0.5692153189570994,0.473192463492753
2024-01-26 09:00:00,9.769154645747562,6.406147561450288,7.60013658856227,0.112617922385551,0.453482940902116,0.456509275275092,320.1026870948492,7.873012373097142,191.39064594446845,3.994769347487196,0.3102951428943979,3.828402329909888,0.5,0.3706082658558301,0.3030646510017775
2024-01-12 15:00:00,7.617542873987668,4.641846737469948,5.6408231565368805,0.1197084113619982,0.588707799808016,0.5090605358711863,318.75240873808207,8.384967449256393,196.77359655131323,3.05116826597028,0.4061423336461433,0.5416819413775584,0.5,0.4546728229425765,0.3781355140617806
2024-01-13 05:00:00,12.89393396069527,3.9856141876312634,7.0845208836987785,0.3416085351631964,0.322991804015859,0.5248415384326454,329.8680833550196,7.396672083109873,230.45928433104103,3.5341350960142424,0.4657315249017754,1.4051737277963663,4.512832532553466,0.4749023042535474,0.4230550768435109
2024-01-17 16:00:00,13.277968655026626,6.318170657972551,6.43280315085125,0.371363821901362,0.4129682072772266,0.4037265774254331,351.24613128601214,7.984179148121765,180.7561903844795,2.9842334825624954,0.433906696274842,5.22556361698168,3.423785806360707,0.5020790571868754,0.3924841630119503
2024-01-06 02:00:00,8.697516973359319,9.649859470521514,8.400647437878256,0.2046846567970709,0.7941113493218651,0.5652633491801088,353.36472003790044,8.005320234880037,212.7184369258819,2.006434665169029,0.5012729803801466,5.972044199717145,4.4509212175686,0.5432365390145828,0.4115662748101337
2024-01-08 15:00:00,9.690161268465848,7.126709805032514,7.286338940199905,0.1139215696747652,0.5047964762202177,0.5498780683371647,330.3977071268249,7.141821081535721,202.64863143157305,4.224512401813513,0.3224820768282583,3.27892405435067,0.5,0.4160438881838738,0.3272944777231431
2024-01-09 10:00:00,9.321600587713116,6.325360735102901,5.67527449652799,0.2310163213430078,0.3061389278175528,0.4204014179689547,351.7127647541491,7.577227931881903,196.4114696702943,4.827917851626527,0.3236756061780588,7.50462952627528,5.918988996872782,0.3944748583971019,0.2913602340861139
2024-01-19 06:00:00,12.087583242007735,4.974503139868153,5.535587703607523,0.5317076868002713,0.6005691430542831,0.6610853528326903,322.25667394607825,7.972694865851951,228.4499274685828,2.9805703878613152,0.6012393102536602,2.6483176264943418,0.7422249763909535,0.6316235723786595,0.5165385983409273
2024-01-11 06:00:00,8.477495960935935,14.424081386881047,5.907643507935458,0.3542597987893893,0.238658389112322,0.0274453806316653,366.8728079523679,7.756489521472716,156.44467808221367,4.795738258321377,0.3171047384862435,7.598090365060379,3.4261548403959603,0.4139460780235267,0.3087916587203162
2024-01-18 07:00:00,9.432326935172934,4.996649800120698,10.922618517458098,0.4991047243511038,0.4086873109133027,0.2846070842752494,335.5884725323388,7.223433318137062,195.4672958893673,2.304748061814136,0.4486985497659692,5.3231946864596695,2.2550327786968483,0.503597492096165,0.4108821977820703
2024-02-08 20:00:00,6.430378563683123,9.657499984544264,7.17388711668819,0.2179430538768262,0.4241392042265903,0.4753058263986256,343.3304859588104,7.402225865664501,204.7819001917001,2.2134589280929893,0.4281674089409635,2.39432538716796,0.5,0.4721350040566744,0.389229373560259
2024-02-01 21:00:00,8.281998134674508,13.106697296182368,12.269752217616734,0.6069658408976476,0.3643519425063293,0.5023978143214681,306.0990688029681,7.651705387825157,216.00585038348603,5.431681847476929,0.6206549473877863,5.239058668572271,3.170138708324197,0.6004348542017124,0.4819816159913497
2024-02-07 18:00:00,6.459293282230079,3.876063713022567,5.267652915682383,0.3650209811079377,0.3533566106075007,0.6112700893783839,370.255757510686,7.419062620644071,218.2397286533625,2.2671501800370693,0.4960283046818309,5.994266413131123,5.687177525499854,0.5352817843270876,0.4108569165634111
2024-02-04 19:00:00,7.958275725506105,9.756453933919987,6.425293101607048,0.2602429723286389,0.7368706912569997,0.3544194627503813,340.008568397112,7.890981758629038,193.49932662070145,2.5575817449786094,0.4892985317652906,4.109645906654372,0.5,0.5737073613493128,0.4306110969686663
2024-02-06 23:00:00,11.145794205362018,5.644052034966118,7.147033533310347,0.2869456884823144,0.3606491114882884,0.3744893168673291,346.7707068705863,7.310334516659721,203.84726967116816,3.06337241297122,0.3648697772112091,6.71411389559912,3.7513948283064833,0.4446397520469828,0.3391748430250028
2024-01-06 09:00:00,14.865324612674677,11.10767259832337,9.44969033242377,0.3445364099576611,0.4372317118868919,0.6489993940316642,345.4261672063068,8.66433873042646,220.844091457867,3.8386051171592426,0.4931574988841629,3.9086175687221703,4.571469481353135,0.5687004067635183,0.421410484436979
2024-01-27 13:00:00,8.093348287177625,11.589626273314314,6.944981103663085,0.6623406749785588,0.6853521794566889,0.6962647189625849,300.0,7.767756746858933,235.44570123647583,3.314972903159815,0.7182142770573898,4.3415086125366456,0.5,0.6687516346077946,0.5274696110816715
2024-01-17 18:00:00,11.80623279027326,9.14937276246718,7.18966714141587,0.1376408772213602,0.700581219632478,0.2991544918469631,346.68485290891374,8.205409264286796,183.89297607631732,3.1960822907304056,0.4158565124919548,3.887749839691509,3.99563256678842,0.4919425888334673,0.377495078202151
2024-02-02 16:00:00,7.07986147101758,6.72992329583737,5.912848292221983,0.1396017381503908,0.4142107955014681,0.5855481257648087,330.05003216891765,7.527726913294735,234.12771974099692,4.105734302186531,0.414714760552164,2.876685654484113,1.8757204766519715,0.4274505756614648,0.3919118219611591
2024-02-02 02:00:00,9.1322588099828,7.565072700093839,9.76830884254566,0.1874222114560673,0.5939369120994311,0.4581756961714443,300.0,7.936409518210171,227.34247823936283,3.964260177177626,0.44437004123997,6.09735523151213,0.5,0.469497178940103,0.3636844514324318
2024-01-31 15:00:00,9.661568596378745,9.430842951630394,5.999648971347072,0.1640216744686895,0.5829888717524648,0.5487237835320626,325.2913320940867,7.016480526990961,212.5055093384028,4.8208857986457145,0.438219801011844,4.463343634116382,0.5,0.4511440914251091,0.3919442966537781
2024-02-08 01:00:00,12.095735973846116,8.561873339474175,6.640934879325322,0.3030721639559792,0.4404968217569649,0.1600210084426559,353.01998220912736,7.523525066050654,173.00230295914628,5.503416485520438,0.4030993671475452,11.465755431415408,4.3192466900863336,0.4214546412210744,0.3784124102783092
2024-01-10 03:00:00,9.584906580075996,7.5058485727695645,5.947974885569603,0.6401060894286764,0.2752806538704749,0.564594983235255,315.01093911991336,7.861814695208746,237.25323583887564,2.734084766233273,0.5536983259520821,0.5,0.5,0.5529805318281036,0.4427119546921598
2024-01-27 17:00:00,7.827815522300476,9.906313379762434,7.94468188277015,0.2747161529280462,0.5985017874561707,0.3589420456826251,301.9441939954001,7.372103507038443,185.80118926198665,3.752623134998897,0.4216336769089984,4.171938784851852,0.8622768525851521,0.4733738346114552,0.3506220963585273
2024-02-08 03:00:00,8.95873065704914,10.171191969532812,8.048748776944063,0.2525723822768078,0.5503183390808197,0.2062994734599793,345.1119411844302,7.6257655003933,181.0180021038101,3.640466628140064,0.3932790754902937,6.49030498113556,3.1638717608345,0.4252365450802796,0.324481919130939
2024-02-01 08:00:00,7.022964661740619,5.739902072067203,7.649062508895748,0.1690564405580019,0.2517671862003129,0.4739491520707397,313.9831899138601,6.974775545219925,215.66899644359407,3.8194298163059206,0.2578479609596124,1.4359370998045404,1.1888178126507625,0.3578084299529908,0.2635021635714143
2024-02-03 14:00:00,13.954933377721726,7.431923996719263,7.62755571599416,0.3664622789036783,0.2982129579191,0.4922758095366515,346.46870912995894,7.485647553205795,210.7168272310336,4.662799040978603,0.4168817959116815,6.224967190733155,2.6322463241158487,0.4500067165859245,0.3952138736023275
2024-02-08 07:00:00,7.654003896512797,9.611581653474127,5.933382817988048,0.4057838988951014,0.4796072176085791,0.493047454214354,321.2102261459267,7.237971334864391,222.70570801341364,3.533780555109199,0.5334211569372681,3.0821970689522358,0.6224172344975658,0.5490439424408415,0.4346095237645226
2024-01-27 00:00:00,6.081393734967065,16.103341873958282,9.440402482848356,0.4678622935774291,0.3180314986485873,0.69908725292319,307.1961946289296,7.974265712045676,224.4034220269509,3.4848136789381674,0.5406126806975171,0.5628744106166366,1.0511755394832645,0.5409952086196509,0.4749429854562184
2024-02-06 10:00:00,10.352350712513964,10.940632905242849,7.324675892041206,0.4153679851326728,0.453403675686834,0.3881745665548308,335.1544920863376,6.8021479818827,195.7528123958376,4.016490465756338,0.4859567394403033,9.1152014530825,2.164611360504044,0.5070547993827165,0.4005474412336613
2024-02-01 16:00:00,7.553157600755669,7.019221664489623,7.8604089956603005,0.2300378757145698,0.4316013460381761,0.3368240044725102,309.1261949706108,7.168114300001349,173.14068295851175,3.3836223269204946,0.3640955771927472,0.5735624194835449,0.5,0.3998564724573495,0.3720090880658497
2024-01-17 02:00:00,11.39156636658527,8.206783788630222,6.254136020096159,0.4945007714158398,0.5892971148175093,0.3922242735083178,306.08143523211413,7.983140965609613,196.5260914420972,4.294422392426446,0.5299942768112614,2.682196423428773,0.5,0.5514053505148153,0.484925559103781
2024-02-10 12:00:00,7.210744056924723,6.347265301684945,9.23395431495466,0.7039141507493198,0.8371681277535338,0.5154960406657777,356.5571931630555,7.744006461868055,223.19871196918336,4.556903269953452,0.6805317202630045,4.868907154221638,9.654023341250518,0.6970958493555405,0.5957367081896341
2024-01-22 05:00:00,18.539531134008392,4.259561185946577,4.480328253141546,0.3024529476163204,0.3022501745931701,0.0725277709647741,348.49150963597486,7.36302849418858,169.1651106980067,6.251709418221353,0.3043293278805984,8.996665486131,5.7442620822255375,0.4037396364900504,0.2895053222916847
2024-01-12 03:00:00,10.709053086670632,6.1487394669615,6.262660036618634,0.5887404082951013,0.5316389016117645,0.3414350296394943,353.75331385247046,7.492063450886201,205.62774662517663,5.710017002117841,0.5702811554387037,9.33455995087768,4.156555318302648,0.5673862679382599,0.4840464985889285
2024-02-04 03:00:00,13.217726995668077,8.34597411193876,6.493994522655432,0.1708212836458854,0.4346218696546992,0.5814690186632984,351.7514160002987,7.895416342477021,231.4030728581924,4.05878173250332,0.4242812599349469,9.036272181582063,0.9570688165070314,0.4509686557946035,0.3616154435680999
2024-01-19 09:00:00,9.665171167883557,3.893155627924641,7.726817141353963,0.1234813059876585,0.8022237291565254,0.1509707172009666,328.0400484883662,7.716057472217804,175.74599819725114,3.397896120019529,0.3477146564318911,0.5,0.9547681647004764,0.4599759667818504,0.3573281275237762
2024-01-21 16:00:00,9.884393972386768,5.096519648613582,4.940977164497722,0.1566884349410597,0.7989718280483767,0.3515783919821061,323.80009130437685,7.126854984626519,199.1389709937393,3.926320049539344,0.4230091808847675,3.519465656113137,2.24509614574998,0.4797869615476997,0.3620033243470259
2024-01-05 16:00:00,12.584217127518906,5.695565251814397,8.217931293327231,0.4364738483855068,0.3294837759148145,0.5519888852176983,380.0,7.753163469728896,226.8209316712969,4.289735335909985,0.526848646598488,8.774978846765547,3.9946464163259545,0.5723675119335713,0.4262128575785197
2024-01-29 19:00:00,11.187704337158277,6.716914490934692,5.782070566595573,0.5632069736513077,0.6362393631317321,0.4986553705406313,304.4441426779457,8.30628042007202,229.15324371272425,2.4673123942617297,0.6219782694077926,0.5,0.5,0.5484612639310321,0.4852928811286615
2024-01-10 16:00:00,6.805769965125572,5.513705640927072,6.4962988724492,0.2681980291121498,0.4279718445192487,0.2349896083396065,348.5279689087867,8.138061008567325,181.64714912474804,1.9826363680723424,0.3556693172871315,4.085907382873656,2.792696706445257,0.448972510808811,0.3465525309056312
2024-02-06 05:00:00,11.3150406848754,9.485128389108011,8.351358668623957,0.0510359006279819,0.5840738868460154,0.1541197272324575,327.81227186967294,7.861884127685466,159.8559156219137,4.814532595349217,0.3227200889636475,5.101862161102583,0.5,0.4063847790335257,0.2726300856996049
2024-01-26 07:00:00,6.597451141756883,8.225766129819029,6.120366763146065,0.0510894217994013,0.6252291209575077,0.1098311549150718,319.3373995086656,7.920573051493746,158.34386346462009,2.3068161333599506,0.2171742034755877,0.8903584282798778,3.550340385014209,0.290414253228799,0.2453462122881882
2024-01-28 23:00:00,9.295079118999414,9.472952580985035,7.353348595008472,0.4373424940901641,0.5318448820446604,0.1209919582783072,328.9882508278257,8.203545041189575,183.86539073496428,3.712378807919846,0.3922050397948515,1.4211309382440425,1.7594768811105514,0.4496757433477334,0.363177901640733
2024-01-16 13:00:00,7.803865538265758,11.787451181393308,6.561047467831398,0.2665829138637652,0.2793364166093937,0.4106713306236678,313.09954194760934,7.932878335043833,187.19477255012987,3.383070435054873,0.327980885341292,1.2674830578239304,0.5,0.4001617855498057,0.2991989788662357
2024-02-10 21:00:00,6.698711443377572,9.71562123314514,6.696183953583353,0.0869503121525791,0.4105438184250673,0.709083228021658,347.15676033287696,7.383331469106002,225.5351047465727,2.8424054049490577,0.3900430096030364,3.8442017497807,4.6527446352119775,0.4507973377951111,0.3672210767778532
2024-02-05 02:00:00,12.95928699479824,5.136226044552202,7.861315828170374,0.5820899649821484,0.6336573358325018,0.2384762373023612,335.5269260966785,7.113152593798804,181.86043753992467,3.4837942225777816,0.530366748579629,3.388867035646535,3.727861817931245,0.54060826798214,0.4588608388471741
2024-01-10 17:00:00,6.258877277922835,5.986808502413298,6.112196026002671,0.3284306646463962,0.4187426081858408,0.3115133913896803,356.4741253405191,7.9410394513092255,189.4600440712364,1.6085453911582897,0.4127535210592033,6.839543918689059,2.9547190333197424,0.4604868207217091,0.4322695448939088
2024-02-02 17:00:00,6.935823076844278,4.522418871064718,6.26592600427396,0.266277362570731,0.1809652694301244,0.2578376795042937,330.49526068086686,7.329251045611739,191.0410612742606,2.73405117574836,0.3328846627942384,2.742969717142636,0.5,0.3767949299624155,0.3008892241691959
2024-01-29 04:00:00,12.249472118464576,5.982182443087192,6.491859888674952,0.8496746781397507,0.4710315714819216,0.3217883599210705,319.93798132333313,8.208225171045894,211.98660872178803,3.769634831279224,0.6764736043603542,3.5279008675532832,0.5,0.6848554741550675,0.5000024944682508
2024-01-14 05:00:00,10.080696400947584,9.751686321041484,6.153729765079428,0.0884163439504002,0.4257776678659831,0.1204034100931307,348.6923415495411,7.360343372425694,174.1728406549263,4.2067231851703495,0.2187156508656294,6.626801134620246,4.731122827511732,0.3337524307583146,0.2170699228844029
2024-01-28 00:00:00,10.581636146318925,6.446393533208842,8.384909023617492,0.2847800034330288,0.5079165819202284,0.2606580090965564,322.4330460866693,7.850718441163118,175.10037988061475,2.715656459021841,0.3898020222864987,3.115075029288194,1.1650953472689043,0.4528584914611745,0.386988892016458
2024-01-18 02:00:00,10.55147748080844,6.30650850629414,6.882307755065758,0.2140800477390892,0.5056776752937127,0.1601971831191334,332.87081942050366,7.194022541794491,154.460485103742,2.389873605742358,0.2913147622539541,2.222350801947212,0.5,0.3598458231392994,0.2796110373890883
2024-02-07 10:00:00,10.720955221400454,5.178851935728611,5.665625019218619,0.4092011533902353,0.5565601777652692,0.1013136427381711,349.29708734046966,7.56314523388876,166.043900004115,1.744181936022213,0.42007320885016,5.622272085571419,4.401454734777882,0.5156037799903268,0.3705561481623675
2024-01-30 13:00:00,12.868922395845573,12.117577329389484,5.681027751010891,0.3185383091291576,0.7024190653817954,0.4446343310739951,329.9071033484237,8.142715585526982,224.5682772329121,4.035798655144417,0.5579354151407361,5.722109329776451,1.6587487817241129,0.5967337987760085,0.4554234302083366
2024-01-15 22:00:00,12.39802932913718,8.620908169834161,7.493065388568389,0.4604032134397543,0.5566956731543186,0.3774963922540279,306.90288319798714,8.109034284180085,211.5353461628834,5.746970245476104,0.5653887888332385,4.914380379547542,0.5,0.5537292301837599,0.4652159613880881
2024-01-11 18:00:00,9.985733331842848,7.944854590197846,5.729418154092236,0.385679107627254,0.2229734165605173,0.5898218494521636,334.79959194218463,7.438764603855033,218.27760333003687,2.375255797883348,0.444495094936037,2.275019562451856,0.5,0.4590984842383169,0.4099018027971253
2024-02-01 00:00:00,5.125643222491366,9.569516530961216,8.25175555540945,0.1075893234938143,0.3758574374981356,0.5472259644700934,314.4338933741067,7.668294056472929,209.55599055868035,3.075444314920145,0.3173026007787791,2.803366438375887,0.9029423808371794,0.361531708653843,0.2990308302721035
2024-01-27 03:00:00,10.61949255011045,5.024637683208008,6.299022917576316,0.2539606050968412,0.5806757604941742,0.7775388552595452,309.7105352783339,7.855520446340227,227.671764562567,4.647162874774902,0.4882696554247685,1.08922239601413,3.654030084098793,0.4918219142685676,0.4300570887535533
2024-01-27 08:00:00,7.17289536808198,11.823936406913097,9.334142842925113,0.2110893963215855,0.5817455170904252,0.5905989806118561,300.0,7.162651465240721,218.0714311659831,2.788345652420041,0.4491728715565705,4.74996813133052,0.5,0.449022445488573,0.3918368459727348
2024-01-12 18:00:00,5.3644075220875695,11.009539047062844,6.723312685066786,0.2417492127150363,0.4608911305593274,0.4184221574287796,319.5202105497146,8.205454928471106,201.55557203400517,3.6093229442586456,0.3973556732138505,0.5,1.4465009224295011,0.458638684689219,0.3449223239719508
2024-01-16 16:00:00,8.027769878571094,6.641295688714193,8.526366005193596,0.3885164730010775,0.4538946422433274,0.5653359610295514,310.77553520289115,7.872803725792689,203.48536825423875,2.415438993674641,0.501177640505178,1.4556610520991733,0.5,0.4970363499183851,0.4043208391439531
2024-01-17 00:00:00,11.64680561277506,9.107830615676276,7.876260363294219,0.7043786552839846,0.6773893186778323,0.2979058615278339,304.37611280367435,8.92102407775668,201.57706715993524,3.2443377278722827,0.6284112953835425,0.5,0.5,0.6291499895031581,0.50352539469673
2024-01-10 08:00:00,13.996224669377796,5.866326928546804,6.142031375817927,0.1997878875979024,0.5823904179337351,0.4848175787620861,318.3661843133131,8.126054421971753,204.5401637952157,3.3758831567698797,0.4435765017145812,2.515791702637551,2.5804949033032694,0.4946241129266178,0.4163366038879539
2024-02-09 17:00:00,6.136393575960436,6.026170467001039,6.911341472737035,0.6066810312099759,0.3034159764080886,0.3173142378617981,357.04892296063235,7.252885511469321,179.3733300636803,1.432824961848555,0.528686615430621,6.545497626186728,2.2708196863804657,0.5382388368627433,0.4150783260929264
2024-02-03 22:00:00,8.95233402996945,6.306007811516404,4.366693573774672,0.4282215318523612,0.1634742757019703,0.6580352726998169,346.1013822916235,7.678527728260564,238.8747913414612,3.091134242723382,0.4638502127820085,7.055791981139385,2.071796699162447,0.4849475596763302,0.386435725258295
2024-01-20 16:00:00,11.481468447288329,7.3422719757438655,9.833359125189157,0.3716336742283791,0.4712807830158773,0.5273377708128492,333.1061401559595,7.547654609052023,204.9060520773989,2.219074347022889,0.455500036715263,0.7228155433744612,1.64630965873861,0.5103767748864257,0.370392410902
2024-01-15 11:00:00,11.56776789683031,9.100159851422756,8.992904539400733,0.2939478272986627,0.3046673638874727,0.3437326330236108,333.9054746219681,6.930379391409649,186.6061520497715,5.22168899574701,0.3912606711916865,5.141074057217112,5.52047478447899,0.4564067928315057,0.3645163635095569
2024-01-22 01:00:00,9.665546130082372,8.747909936950938,9.209691703833052,0.1595544930418548,0.3489579010825856,0.5568712413381404,352.0873070454296,7.971866923523694,228.45103071807924,4.184040445230018,0.35694561128918,6.12310635875517,5.203906341571298,0.4092184502136433,0.371990931520233
2024-01-27 15:00:00,9.803231557442125,5.627171985279992,4.715777248957654,0.1892592357989461,0.63640175924707,0.0964162360241427,300.0,7.607801131463647,168.38524056378367,2.9637278809735683,0.2873051812288462,0.5,0.5,0.3506759404289206,0.2611944339945796
2024-02-11 03:00:00,10.291065298300165,4.2093504977458,6.926767347823886,0.4868611376047666,0.695487497388363,0.5206075413223934,309.69245385466667,8.053659420170057,237.50580949906964,2.426016748530841,0.6235531403003601,0.5,0.5,0.6014470236122741,0.5027249126343754
2024-02-08 16:00:00,7.443310022248731,5.030809844425985,4.775379990131525,0.3520205822839661,0.3083044948185479,0.4332740345700682,325.940859620213,6.77021137299156,208.75420107184965,2.298621722778733,0.3761513852637051,1.0824117317095832,0.5,0.4122379026993589,0.3712525539827676
2024-02-07 17:00:00,7.62763907323196,5.046286825501446,6.246532687524542,0.7129335063854042,0.1966173268429645,0.1998370708811341,369.7528917983572,7.828499260088026,176.43665046461473,2.504471183740016,0.4818088454680166,4.956739816061711,5.296825243433121,0.5083978427264766,0.4054559020620592
2024-01-26 19:00:00,4.315525366554035,7.806422542200464,5.09594777904881,0.1950996855541632,0.8246881732717365,0.7616139323057569,309.5155281377869,7.845267585114425,227.53370380421785,1.8474416698639515,0.5814550583359677,0.5,0.5,0.5475302619011736,0.4760759458383072
2024-02-05 15:00:00,12.957294382172227,9.029397829710833,6.832978032376558,0.0516310220728688,0.5743511658254656,0.505261806885527,325.27677177932145,7.27667140204524,203.71647019297507,1.731628169335624,0.4014691786329143,0.5,0.5,0.4329773012880818,0.3255384341953471
2024-02-03 11:00:00,8.123635739219647,11.168010076196,6.294162431745793,0.6105257588904281,0.3727794599864981,0.6404071820141668,342.10183502992254,7.487741840368363,214.88873883703468,4.4406102064094055,0.6183950665480119,7.983808661445981,6.620052283744898,0.5944651885924851,0.490021021475012
2024-01-27 21:00:00,8.448033330193553,6.349986430415788,5.981086612177089,0.1726571989257513,0.3680011207491475,0.3962732123230895,314.4214621698976,7.521900992970338,189.7345203901534,2.560297317394566,0.3166292970515124,2.903916491669702,0.5,0.3709074583658036,0.3198165765999162
2024-02-05 06:00:00,10.331706975063993,6.882773787660312,6.926047150334048,0.3897592718872048,0.1704998046779321,0.257000505459592,332.58846188920046,7.808260617473944,169.01336471074063,3.569597462884639,0.374173224026718,3.2132741931921096,0.5011173638309627,0.4025136195863868,0.3386382203585371
2024-01-24 04:00:00,10.042711334250836,4.430294276274072,5.203337397569851,0.5727973398867232,0.3743475540661316,0.5088183744021925,369.2688436657484,7.958647752520969,228.85691078934332,3.0819365179380718,0.5742444805915896,4.729712247787747,5.77149263451505,0.6140907519389265,0.5159741578374394
2024-02-09 21:00:00,8.37307620863156,6.227151714843663,6.6561845614544985,0.4438208927949067,0.3038833388539664,0.3177887087318055,346.387514319353,6.9639019504107225,182.2763115098361,2.050737769049699,0.3754776932746453,5.043539555502558,5.224010065348479,0.4205271233636534,0.3368294618667108
2024-01-25 01:00:00,14.465576241492204,7.651905886572869,6.812164398373634,0.2403244689961371,0.3534043749516991,0.4106616742477834,334.95377832374413,8.405678262343818,193.90476543865515,3.089221881048095,0.4119097936452215,7.127553793248396,3.9167565998728553,0.4725194593641361,0.3736237990703897
2024-02-03 03:00:00,8.00796162474433,7.086889727438965,7.432694119028797,0.1750093664391456,0.1208194266793697,0.513128001929642,318.9921777470353,7.712515259196036,215.2415573438641,4.219534410160813,0.2782564666147629,2.5436024133569086,0.5,0.375702265838672,0.2885294903263897
2024-01-04 13:00:00,9.56267566925841,11.097623328929888,5.555435914476938,0.2626618946936199,0.2559417683031446,0.5965320723663458,362.3663790574379,7.8693369536081725,230.15664401877683,3.351856106751661,0.4265867398603347,7.268554938323346,4.548734011052127,0.4570049579282716,0.3663343841616748
2024-01-11 02:00:00,10.912793459746728,6.864238106149833,6.31977115889243,0.4971684822894265,0.580229178206912,0.1645955308927297,377.60489073333736,7.668586428896823,194.42181394587536,3.1169425866347598,0.4952241039159903,6.123000654641899,6.574350941094073,0.5736754273232015,0.4233636487685974
2024-01-30 02:00:00,8.442138789157461,8.04427519421278,5.232807137627241,0.1897049075570236,0.6492071725889852,0.744540457406839,312.6645283789091,7.485591599011006,223.5786991183086,2.8940650496988973,0.4893991325242462,2.2270417111429457,0.5,0.4781827786436705,0.4218079088878699
2024-01-07 15:00:00,14.441194309364606,15.278362169199792,6.805008858971497,0.2271981698588013,0.4268494208339538,0.2882181203820025,344.32835745997073,7.219315983073144,194.0273039806968,3.752045480707361,0.3260455455922851,6.468362176244968,3.704268968883511,0.3936704663291333,0.3244013651660115
2024-01-22 20:00:00,9.095116251625868,5.714212179436228,5.487151605580912,0.1937747564891954,0.682134930737641,0.5188267051317687,344.4226206887308,7.007707563483267,209.62981208140707,3.921180657160151,0.4844268018849852,5.703918815281112,5.963284647417413,0.5224096522231308,0.419478776386818
2024-01-02 11:00:00,9.031088216276231,8.718995882716365,11.048750662116207,0.2797824543945777,0.2750321957762287,0.2379960042262361,331.611625178396,7.998957397738395,176.3876847107405,3.178459366651716,0.307947182126703,4.860550908308873,1.3478131855610174,0.3907077456371007,0.2957987233497099
2024-01-23 12:00:00,9.83077859327677,8.37320626423577,8.217377834453297,0.5649775562799353,0.300251075758437,0.4155429707292463,373.049407409516,8.58012272977736,207.212471157199,5.081638240613543,0.5239980279749262,8.036663225859535,5.572221844794692,0.5259318901529465,0.4859165698962153
2024-01-08 02:00:00,10.006459772082485,10.459072078223876,8.969452308195082,0.2427762119784864,0.3784217174325229,0.5754270336864621,370.2803917101017,7.42131511416215,203.25779331699383,4.039257855118469,0.3873101778992187,9.554527241100493,7.713139541890944,0.4628043343954357,0.3719630229783851
2024-01-28 06:00:00,10.081550483788108,6.772937778055204,6.384994945258596,0.5647685872214909,0.6152859806466661,0.1399978232001732,336.1863551777766,7.576854171441557,197.2394394835817,3.2265652417233213,0.5725090803482911,4.00407071897715,2.6401171309630294,0.5538086179092644,0.4399629327837223
2024-02-07 02:00:00,13.823718151107968,8.021423950042026,7.316381076957514,0.2942674378115074,0.3001005707204325,0.4428172497014969,340.2460616415002,8.316975394029338,190.5015650453761,4.336263366787409,0.3228043284607889,7.958202924549093,1.6030280539932416,0.4004161984820583,0.3141822311786703
2024-02-05 17:00:00,7.063549913822547,7.1541685049057175,6.547046359638872,0.2433925705276622,0.0506359887278553,0.1976900498816822,318.7405856794611,7.389855507347372,161.39605446847185,3.009816701726745,0.2160278946833104,2.180677854950296,0.5,0.3157708021435209,0.2463690850274938
2024-02-05 07:00:00,10.84847465628751,8.156464100702292,9.573279934507571,0.0756502286068668,0.099290588718511,0.1196504577437718,332.3488099579896,8.017968588552703,154.67007611629276,3.796834154079362,0.1774512739946069,2.395670956562233,0.5982304462109116,0.2415471964691422,0.2140905621148456
2024-02-09 08:00:00,11.329561142443756,15.337893207146315,12.110356769074777,0.1963214095214681,0.1778638386748794,0.50273022151263,365.5975932874625,7.979904517424489,196.2318272484617,4.153200387213019,0.2858917220319524,9.29684648940476,7.10700563389958,0.3913277105135033,0.2738134161157704
2024-01-31 13:00:00,7.0372684303032695,9.751050373886882,6.988403627693838,0.0694512056018008,0.6784737292766361,0.261842377208235,327.0685333344695,7.172839492063104,176.1249551736951,3.223069152340531,0.3292010458654365,0.5,1.4801974078367095,0.3822689133318628,0.295861683352161
2024-01-04 23:00:00,8.00956555946237,8.480610458468512,11.929108436105343,0.3268104964128634,0.6335717269805565,0.6278937146020384,367.9266742241866,7.514426181570228,224.05230197289464,3.308174448696868,0.5043381760771869,9.18993134457726,3.191740158354545,0.5584288689467227,0.4767404755441504
2024-01-24 11:00:00,11.75938738118621,11.03031109490828,10.335573619516415,0.4071768339041701,0.6821301625232692,0.4776735691039114,353.455187782569,8.971703427980785,229.8535416843178,3.9596910967600847,0.5398101236484091,2.683266955288289,5.617690880606738,0.5601771610732438,0.44824067690556
2024-01-11 00:00:00,7.5776226886329106,8.780576765857216,7.791273536637041,0.6951202285097949,0.6519647779628257,0.3234399239023157,376.4359234378591,7.592181921699659,225.94249251913615,2.3177848049518035,0.5962725328296051,6.837689569304323,5.321931676105134,0.6025227287253824,0.4929350242462341
2024-01-31 22:00:00,8.92609832913725,7.1166237909941366,6.721450694372304,0.268671584663089,0.6316689905649184,0.2750897836731933,312.7372596941376,7.924535308577254,193.3358688404423,3.01686326763792,0.4221432065087107,0.5,0.5,0.4536900104453886,0.381540709512687
2024-01-24 22:00:00,11.823211689708964,8.407967631915634,7.716254546266635,0.1895330847363331,0.5296384165268604,0.6638214909796988,348.3003021112817,8.06233418916137,225.37389709682265,4.651968317803658,0.4598565785881866,6.380063984425611,5.15712230798063,0.476815622948847,0.397952775242427
2024-01-29 18:00:00,5.513468126581325,5.243888049682861,10.348674815369478,0.453278499969024,0.4887302322129466,0.6733729578881401,303.7975871500366,7.947900687291568,225.65273444680037,3.3653946880236925,0.6163764643590043,3.167186885528417,0.5,0.5901076613484556,0.4949940324592245
2024-01-20 04:00:00,12.517877899356938,7.051791494255471,7.961124564684487,0.5289660035396059,0.4278829349795351,0.2392025935740436,374.351475031166,7.56534168822527,191.44645391418533,3.489250722317684,0.5141418926751526,6.841039929554924,5.1744297034526126,0.5636327650144697,0.4300447716990553
2024-01-24 01:00:00,7.111274149977787,7.083319902744963,6.376941259596203,0.4122956176299293,0.3808601625841143,0.6857778125009567,376.84119441271343,7.2776513847168145,230.8732057097513,2.263327035401141,0.5301013784103642,7.285454493759002,6.55461151469963,0.580719983673422,0.4517592455524676
2024-02-07 00:00:00,8.19770393406476,12.358482363134751,4.6950979662789285,0.3065536083256186,0.2644679141134006,0.1921243861012307,343.8263703104135,7.411642404411327,166.9424194219008,4.635412844044544,0.345911080580088,6.232048701370244,2.572236093104954,0.4403400394947777,0.3171426024500343
2024-01-09 14:00:00,7.242733520555015,4.896870842205931,7.000132468710827,0.0927736193004312,0.4162446043122101,0.2670513359945762,336.1229043384126,6.736953043588603,180.2751649241455,2.0440327794417485,0.2251632972882188,6.583716240825341,2.760667185356084,0.3233401850947863,0.2566833635559445
2024-01-17 08:00:00,9.83133821838102,13.06582024785332,7.7723417361588,0.3768204179312705,0.4273615344546015,0.1722131497490009,320.6603092554887,7.758065897664494,173.4311286210013,4.906661150320239,0.3934508135980394,5.27863900027639,3.593734965339351,0.43077328876018,0.3244180493694296
2024-02-03 02:00:00,7.559340455261482,4.952111315468623,7.994368482400561,0.0875865726495006,0.5492408500212546,0.476068155748978,318.3113674327817,7.516176581981218,215.9281204948973,3.279425426692362,0.3157325084931278,1.358574430288229,0.5,0.4010972728680955,0.3198675215416853
2024-01-17 13:00:00,8.67751074799638,16.66444142925757,7.820960833034825,0.4069039422837391,0.2554960654109837,0.2536164057357231,349.0441512494371,8.3371974214064,169.63111153908486,4.464097589479396,0.4140788114813068,7.172229747699337,3.3769010738855503,0.4379270176335585,0.372742558874692
2024-02-01 22:00:00,5.966809816963738,6.596540446358227,6.154710397230201,0.3737820626099392,0.2820749346110954,0.6299482366019175,307.59201402506534,7.287594346454866,217.91974248581084,3.7831260945458727,0.4474890543800903,3.808292522922007,0.5,0.4716909410232089,0.3551643154098707
2024-02-05 08:00:00,9.0365781471813,6.808035776949884,6.112042839737316,0.4047836421496243,0.4674367052687753,0.276601823459774,332.05956871989247,7.363635893547749,173.92902804650188,4.680329846780545,0.4627496463706733,5.300896398619967,2.064789183961723,0.4948681024092109,0.412340544798679
2024-01-10 01:00:00,10.11223928268232,4.347756566529641,8.310862711010941,0.1025634895258107,0.5964913654211457,0.4326152475299791,323.0321043311514,7.504893465061674,209.14335297948975,3.3076616426582977,0.3715330195481527,5.169533768911792,0.6272488121782628,0.4234896563245615,0.3419042903134456
2024-01-01 04:00:00,9.916515306240903,7.365670426120395,7.0426846369608205,0.1639539615129745,0.4809615924163388,0.2096859978386034,335.531117649136,7.874484395311559,173.89636703742036,4.289581888574032,0.2789698356367794,1.6878598395970972,2.514378869071777,0.3758958067999969,0.2916592148187765
2024-02-02 00:00:00,11.99106476557816,6.947041770865445,6.141649887584018,0.2761110175872633,0.44350517777363,0.8665552166566547,300.4716452329341,7.880093537555896,230.42446408663423,4.940912563837819,0.5482994441070423,2.541118712039201,2.9891692048264105,0.53609383117007,0.4435731562504058
2024-01-27 18:00:00,7.455477392838743,4.952370216072821,6.325717448630795,0.4394879938549579,0.3421840890618344,0.6892331338776158,305.9388448011776,7.124536503989213,224.2527013286552,4.237747774953815,0.5339906797768188,3.7370442470385834,0.5,0.5308363731244568,0.491705804447786
2024-02-08 17:00:00,5.613455127086002,10.08843158640637,5.041988318093692,0.2907020869370709,0.4698001481795145,0.3287725966152892,328.2748895965733,7.045006951144893,193.4139421793565,3.6685866059899457,0.3090734876280724,3.285963293645332,2.291405248489731,0.3966422741515221,0.310968146604029
2024-01-26 12:00:00,10.043516252894165,12.42789773128344,5.258284902331348,0.087300704369446,0.2551865797259854,0.2289632419150347,316.3532201891797,7.979735590608679,162.7871027651366,5.071182279419656,0.2082971097525459,0.9558535692515376,0.5,0.2894780290379468,0.2369446422719635
2024-01-31 18:00:00,15.375207919398028,6.718377116425771,6.4950107788711415,0.1299223019888713,0.3104565531649519,0.7842403658424816,318.0929918265932,7.734200658732769,225.51690689365972,5.301676253383162,0.3917477199863012,4.655712611467537,1.0683844692550577,0.4225161622843841,0.3629790079833196
2024-01-23 18:00:00,5.260626459941622,9.044901831266309,8.759529707331932,0.1589529512959912,0.6057757532629475,0.2853735632291283,369.3314382141219,7.894550208123204,177.7887692882082,2.807542963166925,0.3746940789494075,4.1888312215854215,4.927182974548742,0.4476292233858751,0.3662828213247486
2024-01-31 05:00:00,7.236581528179508,7.77417368971022,4.756879542124684,0.0813447956010325,0.2436341828663709,0.2492751395323277,331.50802154198465,7.34033255938815,163.51824050279828,2.922297307004307,0.1785688483943419,4.124802563857585,0.9730939176245564,0.2803788570282114,0.2089159571808223
2024-01-29 11:00:00,8.568090783468762,5.535431904142006,9.813836964010443,0.557746462049095,0.581798231570129,0.1569143444523589,320.397691227347,8.09704496046949,185.64078994518317,3.242431721966561,0.550736340044336,1.2314965584402116,5.618202398363661,0.5553136790692477,0.4365097917048408
2024-01-05 02:00:00,9.468950671373246,7.717352908887469,6.908208838003164,0.4961675033811921,0.5725945587448071,0.2053599375124362,369.0096140782477,7.027511680357657,180.25819295447687,4.986105651798126,0.487825204845577,9.430161186186853,6.5419624078447365,0.5400661149068443,0.4003021900810111
2024-02-03 12:00:00,9.20908373131746,9.70656647370688,4.962770561343719,0.170724570067215,0.3368730672172917,0.432294704414445,341.7906233711996,7.415222074804496,191.5816273281393,3.3865118880698484,0.3357625894144895,4.957566102047313,3.7943063389037417,0.3878674914159269,0.3252131772966185
2024-01-31 07:00:00,7.500069621285532,12.429381926764908,9.669010176158393,0.3211446014023068,0.3487167898983088,0.360207519145605,330.4003638025784,7.912879409383967,190.64577071881615,3.705379633332779,0.3880056154234013,3.121063881968597,0.9796826855323534,0.4242286070878664,0.362716821927363
2024-01-24 21:00:00,8.555060039168898,8.48118019981174,7.334139796267828,0.099259769978667,0.5822772914703264,0.4481653634695932,348.5258033954199,7.850999189372605,195.9089666538508,3.2934126247102324,0.364391894378951,4.953295008599864,4.393793136760724,0.4258484470817864,0.3683540846327652
2024-01-17 22:00:00,5.9620263386058925,12.285731816624736,6.0707493701907325,0.414201674721204,0.4513860855934034,0.4051053586412084,330.5479375890013,7.844028517449146,197.74252382336545,2.122924535531037,0.4437399976146678,0.5,0.5,0.5039583497608761,0.4032992958058148
2024-01-21 22:00:00,5.530863917929666,7.597195151699051,8.657835023712183,0.137188586564546,0.2547645946140403,0.7553098207344356,349.7697858253408,6.817967869491166,231.49133239752837,3.5976630637043665,0.3313389992164855,8.089428561668871,2.0130702900554818,0.4017592067538375,0.3327790711434592
2024-01-02 23:00:00,7.282062466284453,12.21271519580683,8.787729982017098,0.1187051263181941,0.5673263201121264,0.3952413800428586,359.4239460258592,8.149842865413422,197.331583876358,3.177670972946168,0.3307685022449854,4.751095503092252,7.66736305032294,0.3822870962591331,0.3689651776940555
2024-01-02 08:00:00,13.33304531153151,16.00895140020818,6.866646596252935,0.2728880933945255,0.1179357310739976,0.9203107605857008,339.09943599336634,7.715810202455347,227.90376324723687,5.270831899844991,0.4738212274342369,6.2467450866517575,7.4859531972341555,0.5019151031226593,0.3827671559926532
2024-02-02 11:00:00,7.933532815607301,11.353939441384837,4.913343742931131,0.6465480087218197,0.6529410053292807,0.4277265393499524,306.8388541565427,7.366302304678331,216.67319292055447,4.284029654593302,0.5984149573922563,1.5819587648554645,0.5,0.5885184500472247,0.4609089006127339
2024-02-04 23:00:00,10.598749621963012,13.3061916489705,5.791239267691632,0.3412657218971528,0.041644658926235,0.6282349534268584,340.75094610941244,7.514766708939442,207.10649765469415,5.208289414733466,0.4309009164611653,6.910169101833053,4.098917636079396,0.4283808518663831,0.3618885666352877
2024-01-09 08:00:00,17.53295814059544,4.561569888207124,6.625154747420895,0.5255305219970086,0.2507976492374844,0.0767781732069079,354.5967080030885,8.161173683197521,157.55974400015765,3.33321334265986,0.4433820590397536,5.429913946221344,4.949213634808756,0.4637034969864277,0.3841136569446001
2024-01-06 14:00:00,10.278714157139218,4.524711425411883,5.993384790982185,0.1655176527455016,0.2596083157258521,0.4677731330710167,339.9966289074532,7.672352509730915,201.5922741647986,3.735172120509398,0.3063392811568473,6.52532985768972,1.5750187355286869,0.3940766156975094,0.3008757715873438
2024-01-02 03:00:00,10.110640997475349,8.05778476300427,6.4737398147411565,0.6063485027286635,0.5301370425439282,0.2556770245784488,357.26790107602915,7.210226315138083,197.32913735458945,3.2906560432187537,0.4863133776249777,7.759161710442799,4.126085428935929,0.5466296287924749,0.4048048506338408
2024-02-06 16:00:00,6.802304464427163,5.783400303067537,12.71126100462124,0.4259885264751245,0.660183670277072,0.5635976007402591,340.9392144527844,7.704331659533846,239.6640065494812,4.059721198632335,0.5468760807837527,9.49208971771442,4.034386348634297,0.5892689479202716,0.4893612105725849
2024-01-10 14:00:00,7.295208095715233,7.34007161805702,6.584745194552135,0.1638943499516289,0.469436701126265,0.0350848010260602,339.86187939493146,7.611688076223864,167.24606078295935,2.529063745237909,0.2592579736950471,2.81016395331712,3.038047047747756,0.361017963268539,0.2797592408301447
2024-01-21 09:00:00,18.60465185903269,11.364119786491829,7.524601744332895,0.2400699303869785,0.2362844285261673,0.7066603017474543,310.142373876026,7.304406864186153,229.59462900067825,8.185390836917945,0.3844742342140705,5.28214104156492,3.880962316713017,0.4591586381939902,0.372406795227755
2024-02-02 04:00:00,10.19065743900514,13.03076176358954,6.479771844621431,0.5686570084152229,0.4665182213297269,0.2275085752401652,300.0,8.021107464872538,216.0263772891583,4.82355584848262,0.5169424139299735,1.7901460214155942,1.3032241166032297,0.5346584083902509,0.4138147391867208
2024-01-16 18:00:00,17.571833147394585,5.125885845063872,6.565334380008618,0.2101735751613065,0.1763245343993184,0.2647295502567719,306.61651860143894,8.037162701631303,165.97743558791856,4.878903032416251,0.2499473314935815,0.5,0.5,0.299365330124944,0.2551158221354832
2024-01-13 00:00:00,7.568914747285308,5.528252454404681,7.366781002081579,0.4547906276760157,0.4085722109902427,0.3650557611401562,328.4619403437591,7.49336812293613,201.30099625891947,2.779061561231193,0.5166262519333581,1.6450489126602472,2.5979955009737736,0.5599245028210021,0.4307304554387562
2024-01-18 10:00:00,10.16731663034967,6.55445725527184,7.748286557613585,0.4534640822866711,0.432485731061432,0.2442687488327225,334.68685250040187,7.665007747007574,180.7909514119613,2.3235145360900646,0.4504146821248898,2.641962869868592,3.5193488506202644,0.4864296955426269,0.4203159538589699
2024-01-29 02:00:00,11.400539679606656,7.7564314780781025,10.42227566712168,0.1134614209892507,0.1251461128652069,0.568917335905147,323.2880652303923,7.696637917270114,213.31520517501255,3.3611633488514068,0.2711654282225325,0.5,4.410434931086223,0.3456216341754614,0.2628978448318478
2024-01-17 07:00:00,9.485401216430676,11.69667016160444,5.846662231761779,0.2579505720982181,0.624234099179661,0.3793739039095843,315.63671159872445,7.620745235726904,204.1765240423601,3.489803485486587,0.3885976302759178,7.821448547484617,0.5,0.4367427290776841,0.3117366851534955
2024-01-25 16:00:00,8.409272942533217,11.938259853680774,5.566083656576703,0.2874437307806252,0.4319803109191469,0.4640994763983529,303.05233896215174,6.80349444092858,232.38477340004,4.422437597563674,0.3830997243241928,7.617825888948978,2.763177856989837,0.4118501930588351,0.3510840624564234
2024-01-21 18:00:00,8.720904511342491,5.753690869620049,10.46316535964049,0.2794264056094553,0.9172328864767918,0.5682450169484707,334.6483652573105,7.659671345538013,226.050432239496,3.0883742941477,0.5517014031836148,2.192953883998649,1.482431056628137,0.561747663922563,0.4753200157225593
2024-01-06 18:00:00,10.100811083130727,6.435872124587742,6.734647162391108,0.4452591845470105,0.299631338772414,0.4581310621803348,327.1147467876233,7.535589443739035,195.88957780842028,2.285431081096255,0.5008385029743556,1.9667823647888647,0.5,0.4666690640894502,0.4184630547020167
2024-01-03 14:00:00,12.672014957549996,6.270517924404042,7.507829187075414,0.186946652888051,0.3054806747620223,0.3753130086695621,364.6782833341837,7.46603752214446,200.2476028245667,3.3950795740151367,0.300909420104682,10.774307545181358,4.097852001418486,0.3249732395019361,0.3039242958852765
2024-01-20 15:00:00,5.99665036664337,10.632236526202842,6.219449604005805,0.2081516560105058,0.5693522515430368,0.1508032688607326,337.77130082739643,7.378457756399428,169.9279488488434,2.413531881601722,0.3191925718050872,3.269706379624319,0.7224351500274291,0.3833133011546658,0.3080158724853292
2024-01-27 23:00:00,7.368903770883121,4.359416726699461,4.51848927182011,0.4418062285616968,0.7542232711528046,0.2124496470514731,318.26643049598977,7.715176649971768,191.0205072374609,4.093064271098924,0.5319069470848503,2.625176416893411,4.830453956991862,0.5987585268206722,0.4334959225238068
2024-01-06 08:00:00,13.63442266191236,10.902298055279172,5.372001907360753,0.4250578790574061,0.4483309806833912,0.7971259866360838,349.0026765898399,8.287800947538477,227.27324288963905,4.146384768854047,0.5930505817254093,8.108881095823293,5.734314139949107,0.6043063644263578,0.4916364329335607
2024-02-10 16:00:00,4.555778264026433,6.967628507781839,7.674890362650229,0.1815216382346345,0.7201296469103742,0.8451141363508977,370.0035552417099,7.3601442151546514,221.6665223109822,4.219145689094715,0.4808648344008616,4.145044893255723,5.104836614660828,0.5485069273402222,0.4794723832314522
2024-01-22 16:00:00,6.193955851266116,9.430336510102856,7.475887854387713,0.3188823484466795,0.1686358228351841,0.4864634848408125,335.90102686075323,7.1346895123361165,217.89093843236228,5.168361854316123,0.3917045452349908,9.745646241758166,3.3749768174000128,0.4568106038058583,0.3133689567584755
2024-02-04 22:00:00,5.298489392038859,7.825615536924911,3.838644541586626,0.1638134849915214,0.4131255427613937,0.4686006137781502,340.66545183976905,7.442652175702184,196.16625909580316,3.1923082571535137,0.3399570798834572,1.6763741557888836,4.224155648980034,0.4278688927785279,0.3597861684693576
2024-02-10 02:00:00,11.53739375963908,7.519626003964215,5.764547469267332,0.504262304989652,0.5660104665110639,0.5213286786684721,336.83954777971366,7.630234628365743,226.0919098200832,4.679875855907994,0.6000570752721854,2.969942113764792,0.5153358532143386,0.6241263387377167,0.4901040221791325
2024-01-03 16:00:00,9.687791498720031,6.108077235518618,7.921031922242585,0.7611427212271663,0.2050780440303995,0.1640363868759149,360.1714420211188,7.565488018720237,184.83629004193975,4.289119416313614,0.503722057172036,9.30154473427725,7.878274528307257,0.5586972484817333,0.4179343037560774
2024-02-03 20:00:00,12.679909981991765,5.523709709253428,4.489544451052157,0.1504552922651,0.2534404078501721,0.2051927268101812,346.2505357324611,8.088296114447585,178.2082422773584,3.7734406232752153,0.2276296973237533,9.727962552196118,1.6719533859788154,0.3147720795038265,0.2488638507261306
2024-01-01 14:00:00,6.087795870339114,6.167927460641361,9.79172466375431,0.1488749778851623,0.6994124212837274,0.582440965722667,337.1609336587465,7.731113928164513,223.72230767773607,3.449101353762344,0.5092032980822675,9.060942668166144,0.5,0.580964165551361,0.4448267774956581
2024-01-07 12:00:00,8.688799765890245,8.075713854364249,7.7201188080820895,0.3440758166850764,0.2971138550747891,0.3770136215023473,338.0010986778657,7.720235928174687,200.138785062677,3.285985462886901,0.3743987330056909,2.8529877569473974,3.595297393672084,0.4400280918372541,0.3465597862151124
2024-01-02 16:00:00,8.376510886556897,4.9439108616316325,8.800054129995646,0.3088896304784376,0.6872962575694839,0.3686682361862044,355.61869270687373,7.540173525351524,204.994585234603,3.940301698220402,0.4870487524020591,6.202822795053759,2.837195964021834,0.5444212605081915,0.4664880469762411
2024-01-21 12:00:00,10.258600970641249,4.279752907491963,8.296958217689125,0.398021982084156,0.6719475408427943,0.373490533670303,317.2289522268767,6.911435500953477,200.431245959111,3.4629186336284,0.482185315198277,3.3649527988879973,3.108884111777513,0.4945054308172597,0.4308033174712223
2024-01-16 19:00:00,10.11305656533227,6.622695249135412,7.474153731472634,0.383098227253973,0.4515861403593285,0.6358397103174578,303.965260538392,8.128012027855144,219.12872255526196,3.55987287237384,0.5274325123082577,2.94873244160855,0.9427829421251056,0.5608421705729101,0.4322727164627794
2024-01-08 19:00:00,11.019881524279707,7.644487977959138,5.884382384048344,0.0478663143854896,0.3744887082073282,0.4210260332472171,329.9110058593774,7.069707123313952,193.12291045753557,3.693164958188556,0.2697322273114693,4.986507809428506,0.8055229088318943,0.35315487482896,0.2553863309101962
2024-02-01 19:00:00,8.414943794392464,5.088340305428247,5.577134652941226,0.4178236450340719,0.3489147184433956,0.4776354436031692,303.8053416712763,7.254895885685181,212.2355805958397,5.1933715362592165,0.4364442645766768,6.320271522254636,0.5,0.4613998691815603,0.3958291858247937
2024-01-10 00:00:00,11.879280617739433,5.416565223006894,8.01027311644496,0.4762406204305897,0.1756662577998835,0.2240548612813916,321.8938424637645,7.151529400370955,182.3166799849041,2.9492199801036496,0.4717428541276435,3.564871225229776,0.5,0.5042772673505566,0.3736581962791502
2024-02-02 23:00:00,6.618715248680739,10.103606004757332,7.330548097297182,0.2995857678999771,0.201556897259885,0.6564909560627096,317.88949102407923,7.757035296542042,239.4103019323869,3.073853905495169,0.4219189434159586,3.1904929460657634,0.5,0.46710064785872,0.3637257031161868
2024-01-03 04:00:00,12.592623890025084,9.180963364584228,4.8448516785907065,0.1748802550265574,0.3081812310947301,0.347679280001726,370.8174198196159,6.977446882349498,189.57715056199547,3.8423642096470982,0.2891774698127922,8.230262402338958,8.082193246387696,0.3507152275674254,0.2942292268317948
2024-02-06 14:00:00,5.413161301986792,5.172858806519902,4.274225192359808,0.3976310657611018,0.6881499553441185,0.3065542457262973,337.99273881318464,7.09109644655041,213.61119014410824,1.191766678966798,0.5030432809480269,1.3518176723244215,1.995879746645924,0.5208513703208293,0.4378716155422444
2024-01-15 01:00:00,9.043220063648414,8.86517354898115,14.215513944377433,0.1284425001972516,0.3222481601885456,0.787902008395219,358.43898618658073,7.251821137160245,227.32588094643145,5.197856619682102,0.4437852900776631,7.743234649496232,6.189830311110546,0.480976514669036,0.426845339787284
2024-02-01 04:00:00,10.656001335538727,8.256519928718763,6.171298455876354,0.4459488080365704,0.5989627585886842,0.3292077655135821,315.0817605796623,7.626537002540006,207.4691108584664,4.738801976511152,0.5257164796681775,1.105044862787563,1.696677660327384,0.5369608366520104,0.4592917189527737
2024-01-30 23:00:00,8.392159102770147,4.185118712476062,5.635579246277306,0.4028764678288867,0.3212622432745947,0.1831132860594415,331.0830349959372,7.049851550058457,163.55387966067906,2.091840590681849,0.3466025146355818,0.7990976431538888,2.445625749142051,0.4215663913927562,0.3340519781747677
2024-01-31 04:00:00,6.816095336906256,5.665351118102632,7.154533201014775,0.3478206107970396,0.6078219838898563,0.6486151320337855,332.95369278289246,7.318949989674902,212.86853513799383,2.3835998990004037,0.5214644512897517,3.457359480601875,0.5,0.553047623287017,0.4489184160816374
2024-01-13 07:00:00,12.1795782446074,8.914240230763944,7.808454170458623,0.1845429527023749,0.4259169735694352,0.3729632112921706,326.0528811070088,7.352159722583793,203.0800879770885,5.260091128242491,0.4118661630015885,5.52563307674366,1.465324609540501,0.428357595543854,0.3816399751881618
2024-01-30 05:00:00,11.514380564067826,7.892958265180098,5.0574026346974685,0.424827055158438,0.5875084252195925,0.6349629878696396,323.6931186902179,7.983709262469533,227.6325448204258,3.6677882426790585,0.5628891550731416,1.565853215820496,1.531505470978516,0.5824106556727898,0.4592212193082299
2024-01-11 11:00:00,6.942233304530711,6.399192450715175,11.878374844243307,0.4687339073417913,0.4018399873613147,0.7613373516958083,345.9885419370211,7.076393893664956,227.89156617406303,3.9281338932280474,0.5619229006729435,6.633564215753218,2.1365268292859234,0.5585196235897919,0.4747114957693765
2024-01-31 06:00:00,9.197212023647916,7.0755792154886565,5.52134749527069,0.1874979195074175,0.4507682805680884,0.6868747686920947,330.1016910179366,7.821421430020679,226.76716686572408,2.812146518951363,0.4622224944060465,0.9328602663786134,3.5781094594337213,0.4717158512408125,0.4125405106632681
2024-01-20 05:00:00,11.707708371519429,8.482766467713844,10.48628945402891,0.0666311357886144,0.3223525144744386,0.1023687289218161,374.8843065883107,7.376269326374682,159.45023558549903,4.645514227281436,0.2030674475639406,10.039875544845954,2.948035308010684,0.2931106283621674,0.2594686739147857
2024-01-19 23:00:00,9.853735440473772,13.05028440774391,8.37166850115862,0.4708818107971521,0.166796110689732,0.4735871548497319,373.28527181767936,8.000295037041946,213.16180819951583,3.535711939274561,0.436982312148219,8.538157692343582,5.845325682400743,0.4989285506801544,0.3834665734254769
2024-02-11 12:00:00,8.688068162487289,6.243863043689933,6.328596209489564,0.2164453441850787,0.2782864854156925,0.7621627475478323,306.28329429513053,8.303082137797368,228.12764207653737,3.964341797659489,0.4902745272968946,2.18318113456468,0.5,0.4611735217874122,0.4180447204784374
2024-02-03 23:00:00,4.503900482928308,9.270756069914553,5.643488815682141,0.2447251890088068,0.2584743520329916,0.3858593590134097,348.6269861420495,8.023557427826695,211.75724305689036,2.235212907684399,0.3212099623154323,8.09882148268073,3.3847395136352407,0.3851392537552774,0.3144012617317287
2024-02-05 22:00:00,8.87501206520364,16.230662093538932,5.59165608776133,0.3007497330441515,0.5096032699612341,0.3919548983000059,310.6649886748094,6.8455061376926905,198.42261066733025,3.6131768964578783,0.3959582868385658,1.0884166357787903,0.5,0.4129674271545711,0.3518776994272132
2024-01-12 05:00:00,10.013453669678722,8.298128011964153,8.871720250634702,0.4243980454999402,0.5414795225709854,0.3623193627667051,348.3221102961659,7.409407082584358,206.8124484008479,4.037698752032646,0.4696867106786504,4.556713599834901,4.099471997515289,0.5292965776158621,0.4309357805650378
2024-01-09 09:00:00,9.331867450622616,6.161866236713843,6.240605645046947,0.141166470070102,0.3391601447348804,0.362730121189474,353.35179204421155,7.93377885181715,183.29005631484372,3.2696833688219544,0.3046827850213702,6.379204059615366,4.041411291030076,0.3968831905562088,0.2963062161911283
2024-01-07 17:00:00,8.062003492092517,8.468550788236527,5.855549517857355,0.5742723161492685,0.2449979268463911,0.5552868832441844,355.2079387295649,7.118033548325073,228.7203622115062,2.4168648869338085,0.5325973210788638,6.810281121611912,5.833419661260856,0.5626883506041022,0.4379545310333963
2024-01-24 03:00:00,9.807720060418635,7.288116917210641,6.82231746374169,0.6467930441556271,0.5777530689115757,0.5050262559628975,371.33479650538,7.945224163916853,224.5134412002591,5.461512625260779,0.6556503024659817,7.673601082137138,5.981297108792347,0.6774983253455482,0.5491522174125543
2024-01-31 09:00:00,9.151327200838072,9.17982713934681,6.3561562490522,0.4907818384810966,0.3125802035115707,0.3174203019946725,329.39958077669104,6.981778863603319,194.4104383080859,4.682875703331776,0.4661988880677372,3.381897925249513,0.5,0.5100342425319533,0.3857326303211706
2024-01-17 17:00:00,12.846740564813652,5.363334243888488,7.555126807592608,0.2692166247003708,0.5718983719444871,0.3634451432254195,348.5500461709182,8.045529912366185,186.838133638516,4.095594531386767,0.4368913828381463,6.721995805580843,7.7409359227155425,0.4779345645858318,0.3630197234455511
2024-01-30 06:00:00,8.777534621940575,6.448456317351434,7.569296637259677,0.0919696811109877,0.6556542822105172,0.1656847414293347,326.68627858986235,7.773419094774452,165.9754101252548,3.2600413619744506,0.3007398849719003,0.5,0.5,0.3844878025243651,0.3089467398815874
2024-01-20 20:00:00,12.59622179006768,9.671944158258029,6.0555200924745405,0.1424969291707611,0.3082754847412656,0.2001925364777327,316.2874049074145,7.9737837133905565,153.54898136239527,4.771202356324872,0.2986020429452972,4.943724786828479,4.280328988665595,0.3673037974216174,0.2931117628015772
2024-02-04 05:00:00,10.784671582833807,7.001733673363796,10.659130309226502,0.4565782059663854,0.4551946395226176,0.1382202853049456,354.6443572550677,7.606112800619407,180.9658532066053,4.020636865578993,0.4199683752492399,10.175910311596327,7.242603448351178,0.4523359241975447,0.3782804584039676
2024-02-02 03:00:00,7.767866953181802,18.145064212327345,6.161612393351476,0.0858779990424809,0.2566220330184387,0.3908514915029695,300.0,8.074535855838333,219.1181864262342,5.793804242426515,0.2979811135186198,7.290442481542443,1.7268404082678133,0.363829018993052,0.2889673646032102
2024-01-05 09:00:00,9.086496339063562,4.4169212923506045,5.075038677567163,0.4451254113995507,0.6736547673546748,0.4432952916469333,367.74379816355247,7.651547203131234,227.58471683547955,2.5699176375582717,0.5654379081383607,6.600695995579247,7.525680510112931,0.6154596692546762,0.4922379283958913
2024-01-24 13:00:00,12.703293165288397,8.01540979192675,9.583190854418088,0.4249291449935125,0.1543880773998383,0.2129009553149279,355.79702463720224,8.663978090301063,188.037578187468,5.70835958857192,0.2924501643791123,9.257999490585064,7.899860985103107,0.3546574932158617,0.2760250097447264
2024-01-17 05:00:00,9.590329720453704,8.323605309027323,6.673411485498416,0.2237467266728227,0.4980937150327542,0.4640456256711648,308.24726651745783,8.15358192848262,206.5095863371656,4.031784467065042,0.3733013721182918,3.341258530897215,0.5,0.3988150607157745,0.3542281984429924
2024-01-01 01:00:00,12.567878196810614,6.863306141027922,11.074477832496653,0.2006183628911393,0.3467855083536574,0.4205452417004793,333.6604702899125,8.261041204141012,205.09771940398343,4.967410374829894,0.3345102640892377,3.99802778786907,2.202774832686062,0.3665632015940817,0.3161847273563474
2024-02-09 01:00:00,11.253598665266813,7.048393384242717,4.793660267235718,0.1125984286545008,0.3984640466933388,0.1500499485678968,356.1063686710796,7.37866732261404,150.94650418761674,3.7985807307569863,0.2249203433925505,6.878268407099154,1.1920113325013793,0.3244904152395809,0.2707594586039222
2024-02-10 22:00:00,15.263449082152018,11.327250207219585,6.751406304544765,0.2798960169205028,0.4300286778762419,0.3200202195006298,338.3772703588811,7.621946128399314,186.20738950790863,4.794947816513925,0.393031312637792,8.72725415358121,4.362698212792813,0.4164338345618903,0.3529011867968372
2024-01-24 09:00:00,5.735068973689105,11.0770306010878,5.196145374817328,0.1174534150572414,0.8949563236148711,0.3347441582870043,356.5215503780705,8.979642212974241,202.17350467820896,3.4671829246215027,0.4768932202529771,4.86530858520187,6.002732828116564,0.4962689873748689,0.4647000033167767
2024-01-04 08:00:00,11.891917530824433,9.528702367682092,8.274702214644163,0.303146383770451,0.4939279012734976,0.3469004425922943,347.7057081901954,6.962901100886194,209.38535325898783,4.82181526994389,0.3067429513435705,8.524006335536345,4.823044818394973,0.4113412212072301,0.3318293937844375
2024-01-09 13:00:00,9.44324729748749,6.670658894713687,8.736034876853564,0.3112913866284493,0.313907703226708,0.491623128705749,340.3656411400658,7.297162926104988,207.8304336018361,3.588818972385433,0.4204520674317808,5.310830832828991,3.451031125781763,0.4768400971973657,0.3575535032473537
2024-01-02 10:00:00,8.414339467695902,6.225552700151839,8.559005200443787,0.1676748827249683,0.2041792529441723,0.7280329323400043,330.5677851790499,7.995085389212379,223.95250256243924,3.3556151744052887,0.350840323715352,2.6697953279580737,3.3127834393504365,0.3955998980833426,0.318716160449019
2024-02-02 07:00:00,11.42192170371625,6.453444473838317,5.022970238110445,0.0922123274691298,0.4035679555916771,0.6477031775189728,300.0,7.064678898677032,244.07863912176444,2.751273154099927,0.3522372589426182,2.7274635828877045,0.5,0.4089552104964765,0.3047047966605917
2024-01-22 04:00:00,9.760550489899076,8.22063164306547,8.350976573899773,0.0317185593521531,0.4416082538442809,0.059783714558486,350.7905567898161,7.571356939303381,166.2360161713226,3.937911577667613,0.1644255147422672,4.942343025352774,5.435319940946752,0.2670290002248342,0.2074538286696647
2024-01-18 19:00:00,5.111597288039619,5.569127977078758,7.780870127463403,0.2836082138536678,0.3475457570039634,0.4746482689969775,340.07358512605003,7.256734646102231,210.94707259105184,2.38516712271264,0.4176682005183161,2.2231445751723258,3.4508001052008543,0.4883681272287801,0.3915487468556008
2024-01-19 22:00:00,8.162030134706693,7.15888755877347,6.359394769895731,0.2337043786444197,0.3833926827166286,0.5025925508261162,366.8280271199744,7.794486704552832,219.76462978059644,3.842310720631729,0.4104725972065274,10.75899020195884,6.8252480026926685,0.4659306176914811,0.3904541220146201
2024-01-16 06:00:00,11.512723523329768,7.868957422214229,6.984945416615522,0.3847574420300497,0.3300841968301713,0.4508507523051479,302.04941837108834,7.104343440367891,212.82738335787772,4.013678152278043,0.4036805925109806,2.205085519793707,0.5,0.4803889890627425,0.3586638181709304
2024-01-04 19:00:00,8.92262712927161,6.100414455240444,5.849704923787494,0.2461498194815389,0.3907830000289384,0.4181965039717996,368.3824071333513,6.758221818744701,196.8815346783542,4.598509839900669,0.4175166168902538,9.710652702163408,4.903181187235962,0.4685926513135601,0.3790296803006064
2024-01-15 03:00:00,7.624095752503125,14.97777596335251,8.277943848689178,0.6104218090615033,0.737347102842464,0.227972333345843,358.9001402336244,7.0201092179619184,185.88694033575308,4.901550586321588,0.5806791911442811,8.466214996096372,5.4803220617309965,0.6416023249143032,0.4841622315685614
2024-02-07 09:00:00,11.307677699756931,5.534368597570785,4.986784292374392,0.3166570246050193,0.7196390255860945,0.3342088165912221,347.4059807454802,7.327536183980864,187.61645076915465,3.00015287658789,0.4982780726860233,2.474214822419539,3.248829446033489,0.5426479306155593,0.4423660137586077
2024-01-24 12:00:00,10.750760375381445,8.950682471963594,6.965758151861709,0.1654937489827125,0.5633194827666901,0.5785299594676504,354.63706227477786,8.416218361760865,236.93946519104483,3.446104765612299,0.4660778686667103,7.197028712811683,5.058659656623553,0.5128191658062928,0.4243793517090912
2024-01-15 09:00:00,8.427527550314025,12.388984058801643,7.147158779174929,0.2134716189949675,0.5622019639486394,0.3369865221014464,343.20170783860084,7.473033996746487,196.9704153109524,4.538437431153745,0.4207145087838568,4.497488397242822,2.3717509843391,0.4828179872765665,0.3853406746713295
2024-02-02 08:00:00,6.802979347578755,4.748140802216449,8.250338380071776,0.3824255536859863,0.505482740133031,0.3007770479657083,300.0,7.0700864329818485,206.10860858843557,1.3959635028235695,0.5186668692466202,2.6956571434739174,0.5,0.5065978947687855,0.4352984597141914
2024-01-11 01:00:00,18.70425221600887,9.440450732665958,9.155455719453766,0.3692131213456047,0.4649921379932433,0.5933055024687437,377.9022743552151,7.618651509957323,235.48343891991692,5.260855004216493,0.4984360143579311,9.230243770512642,5.669575776701096,0.5221612663150196,0.4538711697031492
2024-01-01 13:00:00,10.830843326932834,7.923087195538923,7.050499002405367,0.2725426674947173,0.1561702996959497,0.548355915793653,333.07335609719803,8.173699205314735,209.88746780671232,5.226832632853614,0.3573402978245203,4.849836691101826,3.79616894468745,0.4003545505951099,0.3307081009656037
2024-01-14 03:00:00,5.512634331890929,11.844973135734108,6.196994809865169,0.3389890438372518,0.675207597661341,0.205490135135637,350.8734777242958,7.043042028348768,196.1653975784514,3.9380358429487177,0.4424401277413097,9.753809744645768,3.585028010949472,0.5125670800362951,0.3859995765872254
2024-01-26 00:00:00,9.712791333648992,9.09615349960251,5.331709423312247,0.4002818159401451,0.0629790229405409,0.5860774186875154,315.7537974112535,7.621849062337473,230.60091686843077,3.8347357697977658,0.4165119936465715,0.5,1.8527388458134608,0.4447845992263049,0.3737897242361782
2024-01-17 03:00:00,17.89197580745927,5.340937141715511,7.069813838998889,0.4781609719080189,0.7265101250181243,0.2856113351882597,308.7493683111518,7.9584924787010145,199.3447539340585,2.8846687505658783,0.4995050216185953,1.3781410530843674,0.898092540546778,0.5455310532655501,0.4266209760678304
2024-01-12 09:00:00,13.853611664666545,12.326147792905669,9.093001492054457,0.1471715728310318,0.6941914443604079,0.7176728066754136,331.118979221599,7.713215865315128,230.4187840595748,4.546941471171662,0.4600596398648389,6.901789267259298,5.709863350875232,0.4976475557023058,0.4517424753578422
2024-01-07 22:00:00,13.358546201820335,8.384009481149826,6.1098891036375145,0.4088573872999503,0.5848232431173593,0.6649113635411568,372.09797962410056,7.409766892422414,226.91369933435132,4.498088903834164,0.5483738724743242,7.536085763315324,6.825141552844967,0.5904122469270456,0.4512339310022932
2024-02-05 00:00:00,9.48624004958909,4.208133277611002,7.0661303843910765,0.3106642486130525,0.2336809394299966,0.319718191074108,339.80620798531,7.202078000029554,173.4116242698983,2.9908266774121985,0.3184062781119128,4.731478858308497,4.579685860214659,0.3927570951517181,0.2787806586304939
2024-02-11 08:00:00,8.382940800557085,15.582555812894483,6.065991813677759,0.1295897626861383,0.1125062421236066,0.2600166567910734,300.0,7.653826484679124,169.83166760377392,3.671132647716547,0.2153952628355914,1.2024975461238456,0.5,0.2661248943158239,0.2469721029699076
2024-01-27 22:00:00,8.91022051821233,6.872531925119105,5.882843299796427,0.4447038349007515,0.4745515206016183,0.3570145113626836,316.187039668024,7.734512293566408,204.2181567223817,2.5473355141821736,0.5215119699950813,2.0073378951067307,0.5,0.4987553431402818,0.3958178961987416
2024-02-04 02:00:00,13.369142460777274,8.481264454591187,5.407803528088675,0.3665335773484047,0.1021580256241608,0.3381644988658696,349.8149571204269,7.922691589148864,196.2636716931554,4.428640770734035,0.3059184321674628,6.64376300467948,4.298218090452555,0.3822546085424639,0.2961705904927433
2024-01-21 04:00:00,11.32980712570386,7.368238876098183,8.091597243025126,0.3720691146642351,0.5013114962024755,0.3345025660740839,314.23428811610813,7.594653731479678,198.3677933041337,3.5730949467278394,0.4489301812324415,0.5,0.5,0.458540865964807,0.3910134581554196
2024-02-10 20:00:00,6.527412176989885,8.73831441885287,4.405943105631822,0.7077998806922174,0.176264410322333,0.1323676614554825,354.786818920201,7.751646037258323,179.4091377290207,4.6824029377122685,0.467163787262879,4.162835248364261,5.16434718240722,0.5069154392389325,0.3800644306510959
2024-01-22 00:00:00,13.000818253767669,6.762316777332731,6.583137213383655,0.2638014988408914,0.4140561502055629,0.3209361591247865,352.04156028035817,8.161228748404785,201.99058881057363,4.9843924280799525,0.3433187624014162,8.620707629979545,6.387563149628297,0.3851586448995789,0.3594383667054423
2024-02-04 15:00:00,7.510764750086641,9.059604650423374,8.157114559727102,0.2187948199169377,0.6353919072297041,0.4724561002354311,336.2481180642904,8.3690720695182,206.88614415728884,4.251293664951882,0.462592258496734,6.519723939970564,3.253700581658353,0.4799829320311694,0.3713396916908267
2024-01-11 03:00:00,13.05051868624314,10.295660809396455,7.377177893508035,0.3264572666101897,0.5222220554711213,0.5479311901166661,377.0797414162914,7.891820690085303,223.77895158475604,6.03611085900766,0.422444721318032,13.49003593294858,7.443978623846224,0.5077083244939908,0.3688748636370056
2024-01-24 14:00:00,6.824336440323727,7.655392266683827,7.729664095618397,0.2931434085564063,0.4466789868692047,0.1963973600264591,357.59361127332426,8.217834411517094,190.00789653969636,3.954116997633707,0.3189312309608741,7.154568306105112,8.582897855699313,0.3987137112828106,0.2929267106933516
2024-02-06 11:00:00,12.97250940914012,9.137142003424357,7.978034459507845,0.2974315414015766,0.804039919260785,0.2527480029982585,334.48674652398404,6.914916496400444,185.27923339609893,4.037930507206419,0.5416531559998602,2.833058906869488,3.386772178927925,0.5711071257259088,0.4873025546588918
2024-01-24 10:00:00,12.194852110359182,6.511117507321342,7.312190002495835,0.3399062604469564,0.190952250054171,0.5825628394273843,353.34749353464144,8.664743009650449,241.62653473128933,4.826369603399423,0.4198992537318954,10.70741579834122,4.732517755601443,0.4476544015805613,0.4033634540689282
2024-01-29 14:00:00,8.38890473085667,5.663985474663703,8.153109496697912,0.2998438719732344,0.4194225810993963,0.2412416457276819,311.6881194217837,7.988590803103909,181.0281100076729,2.684452597391669,0.3680617920214398,1.7714226618125088,0.5,0.3963479338388443,0.325006803354976
2024-01-08 21:00:00,9.289955104788069,8.029122025725966,12.383152107553537,0.2529985949363242,0.6996756625043995,0.4399105562606909,341.6769592504015,7.804360929002565,205.5971696968232,2.132542123970315,0.4362122340303201,4.734962184331729,4.4504185149134345,0.4791044255611907,0.3700092564698443
2024-02-02 14:00:00,11.191907601358926,9.904308729845864,8.911111067964558,0.3667885149164274,0.7159416483704387,0.2054789370749789,321.53170428920345,8.072794246585216,188.0219513697408,5.40324006815554,0.4887706988863297,7.839854792076345,1.1473925970634469,0.5757507072836405,0.4076201204485313
2024-01-30 03:00:00,11.100885547004724,6.894095842251512,7.332275904815287,0.1407437843352366,0.8040943592400533,0.7499668219187857,315.787177324405,8.095727339041712,227.78663850722623,4.101589324156002,0.5137738652391388,4.788781866326519,2.3743158094298904,0.5074968109643466,0.4817361081362156
2024-01-20 19:00:00,5.646814952595452,5.563525412050617,6.585746960916022,0.3951335694708288,0.1188694340401592,0.612450872701345,320.2111164537992,7.832806688214171,211.825923575354,1.219797135887995,0.4252839599595758,0.9449293205230272,1.527693792402116,0.4552538156557339,0.3849033850658333
2024-01-29 09:00:00,9.684356933814591,8.775662609574669,9.681982026659693,0.5642594457102285,0.6217110729730363,0.453286282862459,321.3003193547563,7.769831947221958,205.1010596753341,3.620022317715725,0.6169197337845124,3.8283138505007246,4.409384269723674,0.6158224334892467,0.5149837578036824
2024-01-22 06:00:00,6.884080814430212,8.737156986218936,6.824959107652867,0.1505652814523226,0.6106305038768847,0.3258788602482464,345.59072545434174,7.161275846754713,186.6952108057532,2.736418681267686,0.3485588339256285,6.853877229738393,3.159962333949561,0.4365849848745092,0.3470509512649256
2024-01-03 10:00:00,9.26396693239639,4.835409582184495,7.205726934632574,0.610844801442561,0.3979430042218408,0.6280425874188661,366.9917367556811,7.363367060369735,244.8061243095294,4.327904484718154,0.551674312617837,7.23437429428437,6.059141076478845,0.6075431781468966,0.4669469484182142
2024-01-20 18:00:00,9.183229238781108,9.102259829056726,6.536793485740176,0.3927699526304129,0.4635053652316434,0.1790961038979483,325.0449967299819,7.646665131419675,175.4891024071609,4.043357022238371,0.4079086805137429,0.5,0.5,0.4517180488132141,0.3598514521239068
2024-01-24 08:00:00,10.064112238396271,7.01687907088796,5.432482474638411,0.1668011249624087,0.4749150581380871,0.2813238780834732,358.79156412856014,8.375549471047535,196.93301314902155,5.039763708536905,0.3175768439661399,8.235861744794626,4.850786823330421,0.3734096867982964,0.3092478365931375
2024-02-05 16:00:00,10.897039577464366,5.168592053003025,6.683578918443054,0.2006853448905337,0.1688016314478684,0.3477469890872115,320.7194261551614,7.414755029989454,181.6671848290237,3.414476418393748,0.2640291912054969,0.5,0.5,0.3435195865496206,0.2778820272348085
2024-02-01 03:00:00,7.667448232456859,7.64114727307615,6.1187548301720485,0.2094990176957535,0.6864698968651946,0.7650496746879192,310.80184937492874,7.748717799378276,231.4865226983369,4.767302971469715,0.4960106437125934,4.908562807320881,0.5,0.5141794630909808,0.4182606582561404
2024-01-11 12:00:00,13.749295552117252,4.828907052663018,8.737581658434916,0.410117823595702,0.6976687707665853,0.4248435157603132,346.7927848090125,7.054705491701165,218.0325374994705,5.381701936088788,0.5488813159683481,8.866859981032508,9.680349456127644,0.5981376808706107,0.478653714172579
2024-01-01 21:00:00,8.532010492860175,5.57702043969699,7.264309639065387,0.3245361432690909,0.6429320738842359,0.8294460874162011,354.913701327577,7.151825308418525,249.0702128244648,3.0641367151154006,0.5836512827039682,9.043227890368051,5.603083890163801,0.6453848060040019,0.5414112725439971
2024-01-14 01:00:00,13.025000429612795,12.062569339213626,10.106229488299238,0.3901075225877295,0.4564240691372218,0.5099277710814968,355.3470685843615,7.674947830961814,214.845596083963,5.251393144496466,0.4829632654292691,10.655983392850684,7.258646167172702,0.5384282918347796,0.4324597483845013
2024-01-20 03:00:00,12.033554189808273,16.49695672090874,7.69372731549559,0.4709195588826525,0.3990951776357666,0.4068629777965131,375.63973577859423,7.546101818170461,217.2475179855156,3.557706839624636,0.498993617765617,8.003685030805112,5.673380809240023,0.5571451944233873,0.4995774443175411
2024-01-07 16:00:00,8.454295022247985,6.305310689904003,7.189069589683787,0.396092465851717,0.4216907251927317,0.436065546434377,347.64451245819566,6.995237828812454,214.16122898710395,3.363326306886658,0.4943666448049606,5.660635295273921,5.899712243881103,0.5587236628621017,0.4027008269346584
2024-01-12 12:00:00,7.8573579693616304,10.831127576048452,7.185744769352827,0.4274173403310651,0.5046189662043408,0.6343822737540392,324.5484355425505,8.10723317509947,220.4736185627448,3.7777659138376096,0.4663819114689327,6.354255433183797,0.5,0.5015840237839286,0.4319172262845199
2024-02-09 19:00:00,4.857937321975434,5.058814644817141,5.271070553865406,0.3084931709909103,0.4459117185621962,0.3454002573475274,352.42861351476444,6.713170152351304,179.25261940941195,2.1612749139951903,0.3917524692433421,6.601185421167208,7.111226553210493,0.4688068859741922,0.3257821496839604
2024-01-08 23:00:00,4.858854635389502,9.206068132001905,5.084057731324054,0.7295981784349386,0.1812631675893771,0.534718865763512,343.992736406868,7.9917715459275005,213.1833096720328,3.052043805623936,0.5851065743277877,4.307872012885588,0.5663526163244721,0.6275427687407382,0.4784006280121035
2024-01-17 01:00:00,7.063906977700069,7.49848631799103,9.016030455747336,0.28980474640849,0.1641129022499571,0.2229746822416217,303.53980034749685,8.628154061446894,163.1770562281381,3.9974641847802905,0.2996617854558342,2.8799675109004923,0.5,0.374910101573827,0.2622399912442522
2024-02-03 13:00:00,6.146031058893631,7.349701590064401,7.2481489041608995,0.3210480757884967,0.7138335660017492,0.4285372444461877,343.1108779336876,7.249538626731557,200.13394870109164,3.5087987731576287,0.4686763758203389,7.58512546574862,1.4653402679385108,0.4870715985474714,0.4122215790808961
2024-01-18 05:00:00,14.580199886321832,7.455255471379014,7.913649759688893,0.3926449933236928,0.4204636404966012,0.2143402856388171,334.341521988755,7.705330767310249,175.36618916904206,5.724165952234049,0.3920143393670366,8.369725474300791,3.790364700002483,0.4751353471919876,0.366491186772688
2024-01-21 11:00:00,15.599325935655797,4.455255377666496,6.719792593980796,0.3768648318543636,0.6115324148140798,0.4755744819797518,314.4292369375574,7.007200119240958,211.25671825732465,4.09234430368709,0.51829129566356,2.1732176802658527,1.26490991586667,0.5073928212259876,0.4447105862740648
2024-01-15 07:00:00,7.433335812848583,10.601068881572086,6.616755725534448,0.1390874965821974,0.6753501184651851,0.2024682036000056,348.47565352766503,7.192599650775548,187.9152635858645,4.041341517119318,0.2700091279399493,4.2368271250849086,6.254589733150627,0.3522310777636777,0.2740968310635149
2024-02-02 01:00:00,6.450805136436378,5.9383545895276,6.335360307380449,0.5931144591856156,0.5606253653455758,0.3615145235410029,300.0,7.591845815183756,218.04414367238067,2.2971404572134406,0.600457145644305,0.5,0.5,0.5698662402242087,0.4703290940874513
2024-01-13 20:00:00,8.474815342312217,2.863710552263306,5.074939459609684,0.3335723162405499,0.828306965418006,0.1267910546421056,361.50466506918247,7.651915105119596,187.17927855410164,3.466484655324684,0.5231976860490106,6.47770615206603,7.056619445855869,0.5703847864209742,0.4833178515490771
2024-01-28 13:00:00,10.10940162924395,5.9840201746881165,9.20965608791436,0.3562059112044605,0.5718463252087258,0.6740668791057347,344.72475381815246,8.099602497364936,221.1228119759534,3.525614939838971,0.5660896863697031,6.061635599976142,2.2962824685892658,0.5749567295788992,0.4812946749517245
2024-01-06 10:00:00,10.79398968182201,6.422403986909553,5.905586532429004,0.3914063495289134,0.254851286001922,0.1120275032413635,343.07107818203866,8.797775053041965,160.32094587484625,3.008575282038606,0.3617786604028502,8.170372474024473,2.279350648282649,0.4402555299128036,0.3308412467252598
2024-01-28 15:00:00,6.249766368806752,7.761686760997352,7.73491184087649,0.733261596469339,0.5514813288854044,0.4884270770241692,347.29282360333605,8.36899445409618,211.27080385506295,2.4339701489041325,0.6551558090712859,5.940147837805584,1.2073568062978004,0.6326600623441571,0.5013562276936134
2024-02-06 07:00:00,16.11922664511792,11.633608167708688,6.786273462157554,0.0834321958974539,0.1825652275647177,0.16539292725985,328.7374837996697,7.220181339941908,157.6600797885436,4.401292577849536,0.1108018083885034,4.738101245064991,5.43863722508425,0.2391965273215664,0.186776090412765
2024-01-05 03:00:00,7.238233527444215,11.25054806085006,7.73699223703499,0.415367020016622,0.032001658122752,0.7804713278788965,365.61916161431736,7.29254933500955,239.26331246668343,3.7345217090169616,0.471855589015535,10.624022768355848,4.491623910173207,0.5062621480424243,0.3785913139218407
2024-01-16 12:00:00,9.372035098559596,9.779437194480897,5.015219224297932,0.3153451629187117,0.4867233193940118,0.2827675148385232,312.63824951157824,8.081220204232963,168.99971506875102,3.057393971278961,0.3999090811414725,7.239835249932867,1.6227783135373757,0.4246966805550222,0.311347237304407
2024-01-04 15:00:00,6.050666803593681,8.402907443127118,6.149044875215286,0.3178257454037345,0.2727001817960235,0.5196985425104794,366.5681946630478,7.124431862744001,210.36449303306637,3.31030030577302,0.3729460212161278,8.641450203288986,2.889471079650551,0.4341227931293881,0.3223615807491068
2024-01-20 02:00:00,7.281299800594691,11.941904358925497,7.688655532933026,0.1452034239335404,0.7903311924366802,0.2726909522462844,376.330046720517,7.173136890600612,191.1115227249485,2.5867125502909403,0.437145255392011,7.232698052360494,7.270846309497045,0.4828193893246988,0.4016675926963987
2024-01-14 18:00:00,7.165332099859423,5.798205463596121,6.704587962336428,0.2914885569960418,0.4846004924514985,0.357426773756038,344.0344331569709,7.309439841677637,192.3115700335552,3.799375523367244,0.4324580349902624,4.54366046751142,5.693180686236824,0.4695519205459582,0.3726357322634998
2024-01-09 22:00:00,12.166779586682992,7.790675295877065,5.170096675550092,0.2022279747928146,0.6318459580888918,0.0802275524713749,322.7380182310995,7.644328377047765,166.82563952754631,4.00010766984075,0.349356405178454,0.5,0.5,0.3974882269477989,0.2927812025780096
2024-01-20 10:00:00,5.945198358690289,8.585134658473018,7.190612262001198,0.3908771317261079,0.4786927107353516,0.2794824635808063,366.0306216968893,7.232524601199021,194.7064156454165,3.740038463504857,0.4458037147442432,7.693410017397537,5.235916831411473,0.5173864855595409,0.4014324726691742
2024-01-06 01:00:00,11.06817661085618,6.699219918215495,7.196096684255678,0.2744801395040148,0.5511309693074147,0.4979506126058853,358.13968138143906,7.763663521335426,204.6349223535533,4.218152837142219,0.4204342473093761,6.285359657840841,4.634021847506076,0.5130939292840092,0.4039594870896763
2024-01-26 14:00:00,8.350689477798316,10.620695762007044,10.416500156908238,0.5843283276806607,0.5668366768794835,0.4916848512606227,316.5840005589061,8.602445235807814,223.33374092080615,3.730967667058387,0.6409907041579773,1.922055829962028,0.5,0.6241417040969527,0.5049104576420727
2024-01-01 20:00:00,10.042044352528826,5.59577806955622,9.973676761646123,0.2101775819462614,0.7804498495168748,0.4877343321578769,349.3599315860736,7.309539612520805,229.3484383782628,3.3531091683128182,0.5522033155206889,5.299167519146501,5.455266635486373,0.5599819276138599,0.4681213520950977
2024-01-30 04:00:00,10.56180752420624,7.245146092717806,5.760887890534937,0.0835398132072221,0.3190292799038707,0.3747416258659219,319.642469020132,8.07007742649213,184.728724078957,3.875658560707772,0.3218494556088523,2.645445172896994,0.6391990453325443,0.3797993972474037,0.3304006238106085
2024-01-03 23:00:00,11.920318735115924,5.458628575098548,5.838581919067943,0.1955418130708714,0.4461380761692248,0.4464518889818291,345.8306594128932,7.407922010246511,184.77852062925575,3.349064451167412,0.4226017614431319,8.687625480394145,4.672656749197454,0.4401212250949539,0.3684054781898443
2024-01-05 10:00:00,6.094333613153397,7.568003870473745,8.285584977583758,0.0810462607547203,0.2648628794072875,0.2857428824954313,368.22039643554456,7.785910137647091,192.9879089670115,2.2013551831408065,0.2419237954989749,8.220310673878064,4.634482248701137,0.3377091986190534,0.2555005202740451
2024-01-12 06:00:00,11.67466776554672,8.187943256170712,8.224480830077368,0.1359660259662009,0.3379700972704119,0.1790449279378629,343.7305649831277,7.470849518603324,177.77373434772633,4.43154901392863,0.2346227567328271,7.307385694071343,1.5574767044434994,0.3122497753858627,0.2423271965504185
2024-02-05 20:00:00,14.161939090228872,13.241562948698071,7.395582641893642,0.4254580955743287,0.3476557342611125,0.4396559536303697,311.54061326547884,7.144334389825595,202.40840039049087,3.342963461033225,0.4402141854501737,1.120579257933739,1.1073615727058153,0.4620939175599958,0.4053153753749325
2024-01-19 03:00:00,9.229337223206745,9.040694879697712,5.9734374392187455,0.6118449207535235,0.4812301799414777,0.3251456778322182,324.40591743205425,8.03914179994978,196.7840471899621,3.623396590351957,0.5586470367268423,2.257174594045229,0.5,0.5801397537470336,0.4682767003117173
2024-01-05 06:00:00,9.737761305151691,7.915342262222825,5.876455773310556,0.1049148093896696,0.4848080026497116,0.3348423503848841,362.4762242805873,7.343503833637872,187.92301026792012,4.612923670488861,0.3031885004036317,10.238789194075046,4.494298282714551,0.3829081149709168,0.3162472107559092
